2025-11-24 05:52:06,864 [INFO] ✅ Processed RIV
2025-11-24 05:52:06,865 [INFO] ✅ Processed HLNE
2025-11-24 05:52:06,867 [INFO] ✅ Processed SPXB
2025-11-24 05:52:06,882 [INFO] ✅ Processed PRI
2025-11-24 05:52:06,886 [INFO] ✅ Processed ANTE
2025-11-24 05:52:06,904 [INFO] ✅ Processed GPL
2025-11-24 05:52:06,905 [INFO] ✅ Processed HUBS
2025-11-24 05:52:06,914 [INFO] ✅ Processed PSM
2025-11-24 05:52:06,915 [INFO] ✅ Processed TEAF
2025-11-24 05:52:06,918 [INFO] ✅ Processed CSCO
2025-11-24 05:52:06,923 [INFO] ✅ Processed NZF
2025-11-24 05:52:06,942 [INFO] ✅ Processed UNT
2025-11-24 05:52:06,942 [INFO] ✅ Processed RJZ
2025-11-24 05:52:06,953 [INFO] ✅ Processed SBGI
2025-11-24 05:52:06,973 [INFO] ✅ Processed GFED
2025-11-24 05:52:06,978 [INFO] ✅ Processed UFCS
2025-11-24 05:52:06,981 [INFO] ✅ Processed NXN
2025-11-24 05:52:06,987 [INFO] ✅ Processed SPXU
2025-11-24 05:52:06,988 [INFO] ✅ Processed RHE
2025-11-24 05:52:06,995 [INFO] ✅ Processed BNY
2025-11-24 05:52:07,000 [INFO] ✅ Processed USTB
2025-11-24 05:52:07,002 [INFO] ✅ Processed AIRT
2025-11-24 05:52:07,008 [INFO] ✅ Processed PPA
2025-11-24 05:52:07,008 [INFO] ✅ Processed BBSA
2025-11-24 05:52:07,010 [INFO] ✅ Processed SITC
2025-11-24 05:52:07,013 [INFO] ✅ Processed XSHD
2025-11-24 05:52:07,016 [INFO] ✅ Processed KNDI
2025-11-24 05:52:07,019 [INFO] ✅ Processed BCI
2025-11-24 05:52:07,019 [INFO] ✅ Processed BBRE
2025-11-24 05:52:07,031 [INFO] ✅ Processed EFT
2025-11-24 05:52:07,036 [INFO] ✅ Processed ISSC
2025-11-24 05:52:07,036 [INFO] ✅ Processed CARO
2025-11-24 05:52:07,042 [INFO] ✅ Processed TRND
2025-11-24 05:52:07,054 [INFO] ✅ Processed QDIV
2025-11-24 05:52:07,061 [INFO] ✅ Processed UAL
2025-11-24 05:52:07,076 [INFO] ✅ Processed NTZ
2025-11-24 05:52:07,077 [INFO] ✅ Processed EEX
2025-11-24 05:52:07,078 [INFO] ✅ Processed AEIS
2025-11-24 05:52:07,086 [INFO] ✅ Processed ISRG
2025-11-24 05:52:07,092 [INFO] ✅ Processed TROW
2025-11-24 05:52:07,093 [INFO] ✅ Processed TRNS
2025-11-24 05:52:07,094 [INFO] ✅ Processed FLAX
2025-11-24 05:52:07,095 [INFO] ✅ Processed DDLS
2025-11-24 05:52:07,097 [INFO] ✅ Processed EFC
2025-11-24 05:52:07,101 [INFO] ✅ Processed TELA
2025-11-24 05:52:07,101 [INFO] ✅ Processed PLYM
2025-11-24 05:52:07,103 [INFO] ✅ Processed EWJE
2025-11-24 05:52:07,112 [INFO] ✅ Processed TLRY
2025-11-24 05:52:07,117 [INFO] ✅ Processed RDVY
2025-11-24 05:52:07,123 [INFO] ✅ Processed ALTG
2025-11-24 05:52:07,142 [INFO] ✅ Processed VONG
2025-11-24 05:52:07,142 [INFO] ✅ Processed EGP
2025-11-24 05:52:07,164 [INFO] ✅ Processed VCYT
2025-11-24 05:52:07,165 [INFO] ✅ Processed NVR
2025-11-24 05:52:07,167 [INFO] ✅ Processed WOR
2025-11-24 05:52:07,170 [INFO] ✅ Processed LECO
2025-11-24 05:52:07,175 [INFO] ✅ Processed PRGO
2025-11-24 05:52:07,177 [INFO] ✅ Processed USAC
2025-11-24 05:52:07,177 [INFO] ✅ Processed HYLB
2025-11-24 05:52:07,193 [INFO] ✅ Processed RPT
2025-11-24 05:52:07,205 [INFO] ✅ Processed FEIM
2025-11-24 05:52:07,212 [INFO] ✅ Processed COHN
2025-11-24 05:52:07,213 [INFO] ✅ Processed PLOW
2025-11-24 05:52:07,214 [INFO] ✅ Processed PIC
2025-11-24 05:52:07,218 [INFO] ✅ Processed FIHD
2025-11-24 05:52:07,234 [INFO] ✅ Processed JHMH
2025-11-24 05:52:07,247 [INFO] ✅ Processed NBW
2025-11-24 05:52:07,247 [INFO] ✅ Processed RSX
2025-11-24 05:52:07,250 [INFO] ✅ Processed ERF
2025-11-24 05:52:07,256 [INFO] ✅ Processed PRGX
2025-11-24 05:52:07,265 [INFO] ✅ Processed IDHD
2025-11-24 05:52:07,266 [INFO] ✅ Processed NTRSO
2025-11-24 05:52:07,268 [INFO] ✅ Processed UVE
2025-11-24 05:52:07,269 [INFO] ✅ Processed BUD
2025-11-24 05:52:07,275 [INFO] ✅ Processed IFN
2025-11-24 05:52:07,287 [INFO] ✅ Processed GEM
2025-11-24 05:52:07,304 [INFO] ✅ Processed SUSA
2025-11-24 05:52:07,310 [INFO] ✅ Processed PHG
2025-11-24 05:52:07,311 [INFO] ✅ Processed IHE
2025-11-24 05:52:07,323 [INFO] ✅ Processed OESX
2025-11-24 05:52:07,323 [INFO] ✅ Processed SIBN
2025-11-24 05:52:07,326 [INFO] ✅ Processed PFL
2025-11-24 05:52:07,330 [INFO] ✅ Processed ORRF
2025-11-24 05:52:07,336 [INFO] ✅ Processed CHNGU
2025-11-24 05:52:07,338 [INFO] ✅ Processed PDS
2025-11-24 05:52:07,341 [INFO] ✅ Processed SPLG
2025-11-24 05:52:07,343 [INFO] ✅ Processed CHAP
2025-11-24 05:52:07,348 [INFO] ✅ Processed XCUR
2025-11-24 05:52:07,352 [INFO] ✅ Processed PDD
2025-11-24 05:52:07,356 [INFO] ✅ Processed DXGE
2025-11-24 05:52:07,358 [INFO] ✅ Processed BBIO
2025-11-24 05:52:07,362 [INFO] ✅ Processed IMAB
2025-11-24 05:52:07,368 [INFO] ✅ Processed YLCO
2025-11-24 05:52:07,368 [INFO] ✅ Processed NOG
2025-11-24 05:52:07,371 [INFO] ✅ Processed BLDP
2025-11-24 05:52:07,373 [INFO] ✅ Processed BXC
2025-11-24 05:52:07,379 [INFO] ✅ Processed MXDE
2025-11-24 05:52:07,384 [INFO] ✅ Processed NFRA
2025-11-24 05:52:07,396 [INFO] ✅ Processed SPLP
2025-11-24 05:52:07,403 [INFO] ✅ Processed SACC
2025-11-24 05:52:07,406 [INFO] ✅ Processed LBTYK
2025-11-24 05:52:07,414 [INFO] ✅ Processed KSM
2025-11-24 05:52:07,419 [INFO] ✅ Processed MNCLU
2025-11-24 05:52:07,424 [INFO] ✅ Processed SPOK
2025-11-24 05:52:07,430 [INFO] ✅ Processed CHCO
2025-11-24 05:52:07,451 [INFO] ✅ Processed TPR
2025-11-24 05:52:07,462 [INFO] ✅ Processed XLRN
2025-11-24 05:52:07,463 [INFO] ✅ Processed TSI
2025-11-24 05:52:07,469 [INFO] ✅ Processed STK
2025-11-24 05:52:07,476 [INFO] ✅ Processed AIH
2025-11-24 05:52:07,484 [INFO] ✅ Processed SCYX
2025-11-24 05:52:07,486 [INFO] ✅ Processed DTQ
2025-11-24 05:52:07,490 [INFO] ✅ Processed SWP
2025-11-24 05:52:07,494 [INFO] ✅ Processed DVN
2025-11-24 05:52:07,495 [INFO] ✅ Processed VIR
2025-11-24 05:52:07,496 [INFO] ✅ Processed LOVE
2025-11-24 05:52:07,503 [INFO] ✅ Processed BSEP
2025-11-24 05:52:07,506 [INFO] ✅ Processed AMSC
2025-11-24 05:52:07,509 [INFO] ✅ Processed MN
2025-11-24 05:52:07,512 [INFO] ✅ Processed INSE
2025-11-24 05:52:07,524 [INFO] ✅ Processed MGEE
2025-11-24 05:52:07,530 [INFO] ✅ Processed SVT
2025-11-24 05:52:07,531 [INFO] ✅ Processed FMF
2025-11-24 05:52:07,537 [INFO] ✅ Processed VIE
2025-11-24 05:52:07,539 [INFO] ✅ Processed BTAI
2025-11-24 05:52:07,540 [INFO] ✅ Processed CSD
2025-11-24 05:52:07,549 [INFO] ✅ Processed DVY
2025-11-24 05:52:07,554 [INFO] ✅ Processed MUTE
2025-11-24 05:52:07,558 [INFO] ✅ Processed DPHC
2025-11-24 05:52:07,568 [INFO] ✅ Processed AGT
2025-11-24 05:52:07,580 [INFO] ✅ Processed EQRR
2025-11-24 05:52:07,582 [INFO] ✅ Processed HAFC
2025-11-24 05:52:07,587 [INFO] ✅ Processed SVC
2025-11-24 05:52:07,589 [INFO] ✅ Processed ASYS
2025-11-24 05:52:07,589 [INFO] ✅ Processed BFRA
2025-11-24 05:52:07,599 [INFO] ✅ Processed DTF
2025-11-24 05:52:07,604 [INFO] ✅ Processed JNCE
2025-11-24 05:52:07,607 [INFO] ✅ Processed AGM-A
2025-11-24 05:52:07,615 [INFO] ✅ Processed CR
2025-11-24 05:52:07,625 [INFO] ✅ Processed IBHB
2025-11-24 05:52:07,625 [INFO] ✅ Processed SAND
2025-11-24 05:52:07,628 [INFO] ✅ Processed ADTN
2025-11-24 05:52:07,629 [INFO] ✅ Processed SOCL
2025-11-24 05:52:07,629 [INFO] ✅ Processed NPAUU
2025-11-24 05:52:07,631 [INFO] ✅ Processed JVA
2025-11-24 05:52:07,635 [INFO] ✅ Processed MNCL
2025-11-24 05:52:07,643 [INFO] ✅ Processed HAIL
2025-11-24 05:52:07,645 [INFO] ✅ Processed BV
2025-11-24 05:52:07,653 [INFO] ✅ Processed GLEO
2025-11-24 05:52:07,662 [INFO] ✅ Processed AM
2025-11-24 05:52:07,663 [INFO] ✅ Processed DRSK
2025-11-24 05:52:07,664 [INFO] ✅ Processed CEQP
2025-11-24 05:52:07,670 [INFO] ✅ Processed W
2025-11-24 05:52:07,670 [INFO] ✅ Processed OFLX
2025-11-24 05:52:07,696 [INFO] ✅ Processed DRRX
2025-11-24 05:52:07,704 [INFO] ✅ Processed DZZ
2025-11-24 05:52:07,704 [INFO] ✅ Processed DXR
2025-11-24 05:52:07,707 [INFO] ✅ Processed CE
2025-11-24 05:52:07,710 [INFO] ✅ Processed RWVG
2025-11-24 05:52:07,727 [INFO] ✅ Processed EVTC
2025-11-24 05:52:07,728 [INFO] ✅ Processed ASTC
2025-11-24 05:52:07,738 [INFO] ✅ Processed OCSI
2025-11-24 05:52:07,742 [INFO] ✅ Processed WHLRD
2025-11-24 05:52:07,744 [INFO] ✅ Processed VYGR
2025-11-24 05:52:07,763 [INFO] ✅ Processed NBIX
2025-11-24 05:52:07,764 [INFO] ✅ Processed MQT
2025-11-24 05:52:07,773 [INFO] ✅ Processed UBOT
2025-11-24 05:52:07,773 [INFO] ✅ Processed ADX
2025-11-24 05:52:07,778 [INFO] ✅ Processed SSPK
2025-11-24 05:52:07,785 [INFO] ✅ Processed FCPI
2025-11-24 05:52:07,787 [INFO] ✅ Processed JPHF
2025-11-24 05:52:07,788 [INFO] ✅ Processed MRO
2025-11-24 05:52:07,796 [INFO] ✅ Processed HOV
2025-11-24 05:52:07,799 [INFO] ✅ Processed HMI
2025-11-24 05:52:07,816 [INFO] ✅ Processed SNR
2025-11-24 05:52:07,824 [INFO] ✅ Processed SHSP
2025-11-24 05:52:07,825 [INFO] ✅ Processed VRTX
2025-11-24 05:52:07,838 [INFO] ✅ Processed GGAL
2025-11-24 05:52:07,841 [INFO] ✅ Processed FVL
2025-11-24 05:52:07,844 [INFO] ✅ Processed YGYIP
2025-11-24 05:52:07,853 [INFO] ✅ Processed LACK
2025-11-24 05:52:07,864 [INFO] ✅ Processed GILD
2025-11-24 05:52:07,869 [INFO] ✅ Processed AFG
2025-11-24 05:52:07,874 [INFO] ✅ Processed MDB
2025-11-24 05:52:07,875 [INFO] ✅ Processed VQT
2025-11-24 05:52:07,875 [INFO] ✅ Processed WW
2025-11-24 05:52:07,877 [INFO] ✅ Processed TIP
2025-11-24 05:52:07,886 [INFO] ✅ Processed MGY
2025-11-24 05:52:07,887 [INFO] ✅ Processed AQN
2025-11-24 05:52:07,897 [INFO] ✅ Processed SMLV
2025-11-24 05:52:07,898 [INFO] ✅ Processed BA
2025-11-24 05:52:07,898 [INFO] ✅ Processed CHN
2025-11-24 05:52:07,904 [INFO] ✅ Processed FSCT
2025-11-24 05:52:07,907 [INFO] ✅ Processed FTS
2025-11-24 05:52:07,921 [INFO] ✅ Processed NYMTP
2025-11-24 05:52:07,924 [INFO] ✅ Processed EVBN
2025-11-24 05:52:07,927 [INFO] ✅ Processed DOL
2025-11-24 05:52:07,942 [INFO] ✅ Processed VPG
2025-11-24 05:52:07,942 [INFO] ✅ Processed NLSN
2025-11-24 05:52:07,943 [INFO] ✅ Processed CLLS
2025-11-24 05:52:07,960 [INFO] ✅ Processed LOOP
2025-11-24 05:52:07,963 [INFO] ✅ Processed AMKR
2025-11-24 05:52:07,968 [INFO] ✅ Processed VRAY
2025-11-24 05:52:07,985 [INFO] ✅ Processed TOTL
2025-11-24 05:52:07,986 [INFO] ✅ Processed SLM
2025-11-24 05:52:07,990 [INFO] ✅ Processed FCFS
2025-11-24 05:52:07,991 [INFO] ✅ Processed DBMF
2025-11-24 05:52:07,997 [INFO] ✅ Processed RBUS
2025-11-24 05:52:08,005 [INFO] ✅ Processed CHY
2025-11-24 05:52:08,011 [INFO] ✅ Processed ACIU
2025-11-24 05:52:08,012 [INFO] ✅ Processed FYT
2025-11-24 05:52:08,020 [INFO] ✅ Processed SNE
2025-11-24 05:52:08,028 [INFO] ✅ Processed CREX
2025-11-24 05:52:08,035 [INFO] ✅ Processed THC
2025-11-24 05:52:08,039 [INFO] ✅ Processed XELA
2025-11-24 05:52:08,039 [INFO] ✅ Processed TAYD
2025-11-24 05:52:08,040 [INFO] ✅ Processed INDL
2025-11-24 05:52:08,058 [INFO] ✅ Processed MIE
2025-11-24 05:52:08,067 [INFO] ✅ Processed ESPO
2025-11-24 05:52:08,074 [INFO] ✅ Processed CEI
2025-11-24 05:52:08,083 [INFO] ✅ Processed MDU
2025-11-24 05:52:08,087 [INFO] ✅ Processed XSD
2025-11-24 05:52:08,092 [INFO] ✅ Processed WSTG
2025-11-24 05:52:08,095 [INFO] ✅ Processed TATT
2025-11-24 05:52:08,096 [INFO] ✅ Processed SCU
2025-11-24 05:52:08,097 [INFO] ✅ Processed PFMT
2025-11-24 05:52:08,103 [INFO] ✅ Processed TDW
2025-11-24 05:52:08,112 [INFO] ✅ Processed VRNA
2025-11-24 05:52:08,119 [INFO] ✅ Processed CNXT
2025-11-24 05:52:08,123 [INFO] ✅ Processed FYC
2025-11-24 05:52:08,124 [INFO] ✅ Processed FXP
2025-11-24 05:52:08,125 [INFO] ✅ Processed SOYB
2025-11-24 05:52:08,128 [INFO] ✅ Processed ESSC
2025-11-24 05:52:08,136 [INFO] ✅ Processed CFR
2025-11-24 05:52:08,146 [INFO] ✅ Processed CGA
2025-11-24 05:52:08,164 [INFO] ✅ Processed DGRW
2025-11-24 05:52:08,172 [INFO] ✅ Processed ZG
2025-11-24 05:52:08,177 [INFO] ✅ Processed XPH
2025-11-24 05:52:08,179 [INFO] ✅ Processed EQIX
2025-11-24 05:52:08,181 [INFO] ✅ Processed FDNI
2025-11-24 05:52:08,189 [INFO] ✅ Processed IUSS
2025-11-24 05:52:08,197 [INFO] ✅ Processed FXG
2025-11-24 05:52:08,205 [INFO] ✅ Processed PFNX
2025-11-24 05:52:08,209 [INFO] ✅ Processed DCO
2025-11-24 05:52:08,216 [INFO] ✅ Processed DUOT
2025-11-24 05:52:08,216 [INFO] ✅ Processed TVTY
2025-11-24 05:52:08,228 [INFO] ✅ Processed STMP
2025-11-24 05:52:08,237 [INFO] ✅ Processed GURE
2025-11-24 05:52:08,238 [INFO] ✅ Processed KALL
2025-11-24 05:52:08,242 [INFO] ✅ Processed SCC
2025-11-24 05:52:08,250 [INFO] ✅ Processed HVT
2025-11-24 05:52:08,254 [INFO] ✅ Processed HUN
2025-11-24 05:52:08,259 [INFO] ✅ Processed FXF
2025-11-24 05:52:08,277 [INFO] ✅ Processed TDA
2025-11-24 05:52:08,281 [INFO] ✅ Processed VIXM
2025-11-24 05:52:08,283 [INFO] ✅ Processed QUIK
2025-11-24 05:52:08,285 [INFO] ✅ Processed INFR
2025-11-24 05:52:08,286 [INFO] ✅ Processed STON
2025-11-24 05:52:08,291 [INFO] ✅ Processed HARP
2025-11-24 05:52:08,293 [INFO] ✅ Processed YJ
2025-11-24 05:52:08,298 [INFO] ✅ Processed PHCF
2025-11-24 05:52:08,355 [INFO] ✅ Processed HDMV
2025-11-24 05:52:08,362 [INFO] ✅ Processed TFI
2025-11-24 05:52:08,364 [INFO] ✅ Processed MKL
2025-11-24 05:52:08,369 [INFO] ✅ Processed MBOT
2025-11-24 05:52:08,375 [INFO] ✅ Processed GPMT
2025-11-24 05:52:08,380 [INFO] ✅ Processed MLCO
2025-11-24 05:52:08,387 [INFO] ✅ Processed CDL
2025-11-24 05:52:08,396 [INFO] ✅ Processed TZAC
2025-11-24 05:52:08,397 [INFO] ✅ Processed SMBK
2025-11-24 05:52:08,400 [INFO] ✅ Processed CGW
2025-11-24 05:52:08,403 [INFO] ✅ Processed RILYP
2025-11-24 05:52:08,411 [INFO] ✅ Processed TDV
2025-11-24 05:52:08,415 [INFO] ✅ Processed CULP
2025-11-24 05:52:08,428 [INFO] ✅ Processed TER
2025-11-24 05:52:08,432 [INFO] ✅ Processed VRML
2025-11-24 05:52:08,443 [INFO] ✅ Processed JOB
2025-11-24 05:52:08,454 [INFO] ✅ Processed PODD
2025-11-24 05:52:08,462 [INFO] ✅ Processed TIF
2025-11-24 05:52:08,471 [INFO] ✅ Processed ARC
2025-11-24 05:52:08,472 [INFO] ✅ Processed SZNE
2025-11-24 05:52:08,476 [INFO] ✅ Processed JBR
2025-11-24 05:52:08,482 [INFO] ✅ Processed SND
2025-11-24 05:52:08,490 [INFO] ✅ Processed AXSM
2025-11-24 05:52:08,490 [INFO] ✅ Processed SMMD
2025-11-24 05:52:08,493 [INFO] ✅ Processed IPAR
2025-11-24 05:52:08,505 [INFO] ✅ Processed NEXA
2025-11-24 05:52:08,509 [INFO] ✅ Processed DLA
2025-11-24 05:52:08,518 [INFO] ✅ Processed MDT
2025-11-24 05:52:08,520 [INFO] ✅ Processed ATGE
2025-11-24 05:52:08,526 [INFO] ✅ Processed BCYC
2025-11-24 05:52:08,534 [INFO] ✅ Processed SJIJ
2025-11-24 05:52:08,542 [INFO] ✅ Processed STAR
2025-11-24 05:52:08,542 [INFO] ✅ Processed HSBC
2025-11-24 05:52:08,554 [INFO] ✅ Processed UI
2025-11-24 05:52:08,556 [INFO] ✅ Processed XITK
2025-11-24 05:52:08,557 [INFO] ✅ Processed BOOT
2025-11-24 05:52:08,560 [INFO] ✅ Processed PAGP
2025-11-24 05:52:08,567 [INFO] ✅ Processed RILYG
2025-11-24 05:52:08,572 [INFO] ✅ Processed KOMP
2025-11-24 05:52:08,578 [INFO] ✅ Processed ASG
2025-11-24 05:52:08,581 [INFO] ✅ Processed FUV
2025-11-24 05:52:08,582 [INFO] ✅ Processed CIK
2025-11-24 05:52:08,595 [INFO] ✅ Processed TSCAP
2025-11-24 05:52:08,612 [INFO] ✅ Processed FORM
2025-11-24 05:52:08,627 [INFO] ✅ Processed MDC
2025-11-24 05:52:08,640 [INFO] ✅ Processed DXD
2025-11-24 05:52:08,644 [INFO] ✅ Processed FTSI
2025-11-24 05:52:08,644 [INFO] ✅ Processed SMH
2025-11-24 05:52:08,656 [INFO] ✅ Processed CPIX
2025-11-24 05:52:08,660 [INFO] ✅ Processed AMSWA
2025-11-24 05:52:08,664 [INFO] ✅ Processed DESP
2025-11-24 05:52:08,671 [INFO] ✅ Processed FTR
2025-11-24 05:52:08,672 [INFO] ✅ Processed DNI
2025-11-24 05:52:08,689 [INFO] ✅ Processed QRVO
2025-11-24 05:52:08,711 [INFO] ✅ Processed V
2025-11-24 05:52:08,730 [INFO] ✅ Processed FAD
2025-11-24 05:52:08,733 [INFO] ✅ Processed IRMD
2025-11-24 05:52:08,737 [INFO] ✅ Processed TM
2025-11-24 05:52:08,740 [INFO] ✅ Processed VDC
2025-11-24 05:52:08,744 [INFO] ✅ Processed PSMM
2025-11-24 05:52:08,749 [INFO] ✅ Processed IBHC
2025-11-24 05:52:08,756 [INFO] ✅ Processed GEOS
2025-11-24 05:52:08,760 [INFO] ✅ Processed SALM
2025-11-24 05:52:08,763 [INFO] ✅ Processed AL
2025-11-24 05:52:08,766 [INFO] ✅ Processed CIEN
2025-11-24 05:52:08,771 [INFO] ✅ Processed REKR
2025-11-24 05:52:08,773 [INFO] ✅ Processed BW
2025-11-24 05:52:08,780 [INFO] ✅ Processed SFIG
2025-11-24 05:52:08,788 [INFO] ✅ Processed CEPU
2025-11-24 05:52:08,798 [INFO] ✅ Processed A
2025-11-24 05:52:08,804 [INFO] ✅ Processed FAS
2025-11-24 05:52:08,808 [INFO] ✅ Processed QAI
2025-11-24 05:52:08,808 [INFO] ✅ Processed EDIV
2025-11-24 05:52:08,811 [INFO] ✅ Processed FOX
2025-11-24 05:52:08,812 [INFO] ✅ Processed SXI
2025-11-24 05:52:08,835 [INFO] ✅ Processed ESGG
2025-11-24 05:52:08,844 [INFO] ✅ Processed HBP
2025-11-24 05:52:08,847 [INFO] ✅ Processed FLC
2025-11-24 05:52:08,852 [INFO] ✅ Processed MX
2025-11-24 05:52:08,862 [INFO] ✅ Processed CS
2025-11-24 05:52:08,864 [INFO] ✅ Processed PSCF
2025-11-24 05:52:08,871 [INFO] ✅ Processed ATRS
2025-11-24 05:52:08,895 [INFO] ✅ Processed FLT
2025-11-24 05:52:08,898 [INFO] ✅ Processed VIS
2025-11-24 05:52:08,904 [INFO] ✅ Processed DTP
2025-11-24 05:52:08,905 [INFO] ✅ Processed LK
2025-11-24 05:52:08,907 [INFO] ✅ Processed DUC
2025-11-24 05:52:08,908 [INFO] ✅ Processed CPI
2025-11-24 05:52:08,910 [INFO] ✅ Processed QMJ
2025-11-24 05:52:08,923 [INFO] ✅ Processed AMPY
2025-11-24 05:52:08,932 [INFO] ✅ Processed HFBL
2025-11-24 05:52:08,935 [INFO] ✅ Processed HCC
2025-11-24 05:52:08,936 [INFO] ✅ Processed HMSY
2025-11-24 05:52:08,941 [INFO] ✅ Processed AVEO
2025-11-24 05:52:08,945 [INFO] ✅ Processed FNK
2025-11-24 05:52:08,951 [INFO] ✅ Processed IDIV
2025-11-24 05:52:08,955 [INFO] ✅ Processed IMAC
2025-11-24 05:52:08,971 [INFO] ✅ Processed ICLK
2025-11-24 05:52:08,977 [INFO] ✅ Processed NC
2025-11-24 05:52:08,978 [INFO] ✅ Processed USMV
2025-11-24 05:52:08,981 [INFO] ✅ Processed BIZD
2025-11-24 05:52:08,985 [INFO] ✅ Processed EKAR
2025-11-24 05:52:08,989 [INFO] ✅ Processed BBIN
2025-11-24 05:52:08,996 [INFO] ✅ Processed CTRA
2025-11-24 05:52:08,998 [INFO] ✅ Processed SUN
2025-11-24 05:52:09,000 [INFO] ✅ Processed MO
2025-11-24 05:52:09,005 [INFO] ✅ Processed USOI
2025-11-24 05:52:09,009 [INFO] ✅ Processed COFS
2025-11-24 05:52:09,012 [INFO] ✅ Processed ALACR
2025-11-24 05:52:09,016 [INFO] ✅ Processed WBC
2025-11-24 05:52:09,019 [INFO] ✅ Processed FRPT
2025-11-24 05:52:09,026 [INFO] ✅ Processed RCKT
2025-11-24 05:52:09,031 [INFO] ✅ Processed WBT
2025-11-24 05:52:09,031 [INFO] ✅ Processed UCHF
2025-11-24 05:52:09,039 [INFO] ✅ Processed SGMO
2025-11-24 05:52:09,042 [INFO] ✅ Processed MCRI
2025-11-24 05:52:09,045 [INFO] ✅ Processed KRMA
2025-11-24 05:52:09,047 [INFO] ✅ Processed ZGNX
2025-11-24 05:52:09,052 [INFO] ✅ Processed TBPH
2025-11-24 05:52:09,067 [INFO] ✅ Processed ALYA
2025-11-24 05:52:09,073 [INFO] ✅ Processed SWKS
2025-11-24 05:52:09,073 [INFO] ✅ Processed UCIB
2025-11-24 05:52:09,088 [INFO] ✅ Processed PPSI
2025-11-24 05:52:09,092 [INFO] ✅ Processed FRSX
2025-11-24 05:52:09,100 [INFO] ✅ Processed SPMB
2025-11-24 05:52:09,110 [INFO] ✅ Processed VCTR
2025-11-24 05:52:09,121 [INFO] ✅ Processed MFNC
2025-11-24 05:52:09,123 [INFO] ✅ Processed IHD
2025-11-24 05:52:09,133 [INFO] ✅ Processed PREF
2025-11-24 05:52:09,137 [INFO] ✅ Processed GEL
2025-11-24 05:52:09,146 [INFO] ✅ Processed LPTH
2025-11-24 05:52:09,148 [INFO] ✅ Processed NMY
2025-11-24 05:52:09,151 [INFO] ✅ Processed LEAF
2025-11-24 05:52:09,156 [INFO] ✅ Processed JHMI
2025-11-24 05:52:09,161 [INFO] ✅ Processed ENPH
2025-11-24 05:52:09,181 [INFO] ✅ Processed PFM
2025-11-24 05:52:09,184 [INFO] ✅ Processed ITCI
2025-11-24 05:52:09,192 [INFO] ✅ Processed KNSA
2025-11-24 05:52:09,195 [INFO] ✅ Processed GMOM
2025-11-24 05:52:09,220 [INFO] ✅ Processed HWCC
2025-11-24 05:52:09,232 [INFO] ✅ Processed BWZ
2025-11-24 05:52:09,239 [INFO] ✅ Processed BTA
2025-11-24 05:52:09,247 [INFO] ✅ Processed NOVA
2025-11-24 05:52:09,254 [INFO] ✅ Processed USAU
2025-11-24 05:52:09,255 [INFO] ✅ Processed NCR
2025-11-24 05:52:09,256 [INFO] ✅ Processed BEAT
2025-11-24 05:52:09,270 [INFO] ✅ Processed GLADL
2025-11-24 05:52:09,279 [INFO] ✅ Processed MHLD
2025-11-24 05:52:09,311 [INFO] ✅ Processed NXTD
2025-11-24 05:52:09,318 [INFO] ✅ Processed GIX
2025-11-24 05:52:09,321 [INFO] ✅ Processed PBBI
2025-11-24 05:52:09,324 [INFO] ✅ Processed IEC
2025-11-24 05:52:09,326 [INFO] ✅ Processed APEI
2025-11-24 05:52:09,345 [INFO] ✅ Processed OIIM
2025-11-24 05:52:09,346 [INFO] ✅ Processed PACQU
2025-11-24 05:52:09,355 [INFO] ✅ Processed IQIN
2025-11-24 05:52:09,362 [INFO] ✅ Processed SLGG
2025-11-24 05:52:09,364 [INFO] ✅ Processed NAZ
2025-11-24 05:52:09,364 [INFO] ✅ Processed GJT
2025-11-24 05:52:09,378 [INFO] ✅ Processed MARK
2025-11-24 05:52:09,382 [INFO] ✅ Processed ENFR
2025-11-24 05:52:09,417 [INFO] ✅ Processed NOAH
2025-11-24 05:52:09,427 [INFO] ✅ Processed UTL
2025-11-24 05:52:09,428 [INFO] ✅ Processed EYES
2025-11-24 05:52:09,429 [INFO] ✅ Processed EGF
2025-11-24 05:52:09,431 [INFO] ✅ Processed PGHY
2025-11-24 05:52:09,433 [INFO] ✅ Processed UBA
2025-11-24 05:52:09,435 [INFO] ✅ Processed XTNT
2025-11-24 05:52:09,441 [INFO] ✅ Processed PBTS
2025-11-24 05:52:09,441 [INFO] ✅ Processed TRNE
2025-11-24 05:52:09,441 [INFO] ✅ Processed SPUS
2025-11-24 05:52:09,464 [INFO] ✅ Processed BPOP
2025-11-24 05:52:09,486 [INFO] ✅ Processed TROV
2025-11-24 05:52:09,492 [INFO] ✅ Processed NVS
2025-11-24 05:52:09,494 [INFO] ✅ Processed BBL
2025-11-24 05:52:09,495 [INFO] ✅ Processed VCLT
2025-11-24 05:52:09,504 [INFO] ✅ Processed BPMX
2025-11-24 05:52:09,504 [INFO] ✅ Processed MCHP
2025-11-24 05:52:09,509 [INFO] ✅ Processed ICUI
2025-11-24 05:52:09,512 [INFO] ✅ Processed KURE
2025-11-24 05:52:09,526 [INFO] ✅ Processed ARKW
2025-11-24 05:52:09,530 [INFO] ✅ Processed EFU
2025-11-24 05:52:09,534 [INFO] ✅ Processed CMDY
2025-11-24 05:52:09,534 [INFO] ✅ Processed ALCO
2025-11-24 05:52:09,542 [INFO] ✅ Processed KRYS
2025-11-24 05:52:09,542 [INFO] ✅ Processed CDNS
2025-11-24 05:52:09,544 [INFO] ✅ Processed NVMI
2025-11-24 05:52:09,547 [INFO] ✅ Processed HYTR
2025-11-24 05:52:09,551 [INFO] ✅ Processed VSGX
2025-11-24 05:52:09,552 [INFO] ✅ Processed BCH
2025-11-24 05:52:09,553 [INFO] ✅ Processed IPB
2025-11-24 05:52:09,559 [INFO] ✅ Processed SPXT
2025-11-24 05:52:09,566 [INFO] ✅ Processed IMTB
2025-11-24 05:52:09,580 [INFO] ✅ Processed MTEM
2025-11-24 05:52:09,581 [INFO] ✅ Processed ARDX
2025-11-24 05:52:09,583 [INFO] ✅ Processed FUNC
2025-11-24 05:52:09,590 [INFO] ✅ Processed UNB
2025-11-24 05:52:09,609 [INFO] ✅ Processed BNO
2025-11-24 05:52:09,617 [INFO] ✅ Processed RHS
2025-11-24 05:52:09,618 [INFO] ✅ Processed CORV
2025-11-24 05:52:09,618 [INFO] ✅ Processed PSL
2025-11-24 05:52:09,630 [INFO] ✅ Processed EHI
2025-11-24 05:52:09,634 [INFO] ✅ Processed TUES
2025-11-24 05:52:09,637 [INFO] ✅ Processed BILI
2025-11-24 05:52:09,640 [INFO] ✅ Processed LIND
2025-11-24 05:52:09,644 [INFO] ✅ Processed GSV
2025-11-24 05:52:09,667 [INFO] ✅ Processed DTEA
2025-11-24 05:52:09,668 [INFO] ✅ Processed GPM
2025-11-24 05:52:09,668 [INFO] ✅ Processed PRH
2025-11-24 05:52:09,675 [INFO] ✅ Processed SRAC
2025-11-24 05:52:09,681 [INFO] ✅ Processed EIM
2025-11-24 05:52:09,692 [INFO] ✅ Processed PTVCA
2025-11-24 05:52:09,698 [INFO] ✅ Processed ARGT
2025-11-24 05:52:09,701 [INFO] ✅ Processed SPYG
2025-11-24 05:52:09,714 [INFO] ✅ Processed FWONK
2025-11-24 05:52:09,715 [INFO] ✅ Processed SPXC
2025-11-24 05:52:09,715 [INFO] ✅ Processed PSN
2025-11-24 05:52:09,730 [INFO] ✅ Processed IBKCO
2025-11-24 05:52:09,746 [INFO] ✅ Processed XMMO
2025-11-24 05:52:09,746 [INFO] ✅ Processed FLNT
2025-11-24 05:52:09,751 [INFO] ✅ Processed AEGN
2025-11-24 05:52:09,769 [INFO] ✅ Processed IVAC
2025-11-24 05:52:09,771 [INFO] ✅ Processed LBC
2025-11-24 05:52:09,780 [INFO] ✅ Processed MTEX
2025-11-24 05:52:09,781 [INFO] ✅ Processed MMIN
2025-11-24 05:52:09,789 [INFO] ✅ Processed DTEC
2025-11-24 05:52:09,897 [INFO] ✅ Processed LAZ
2025-11-24 05:52:09,908 [INFO] ✅ Processed ULH
2025-11-24 05:52:09,935 [INFO] ✅ Processed RJN
2025-11-24 05:52:09,959 [INFO] ✅ Processed MSCI
2025-11-24 05:52:09,967 [INFO] ✅ Processed WLTW
2025-11-24 05:52:09,973 [INFO] ✅ Processed IFEU
2025-11-24 05:52:09,985 [INFO] ✅ Processed CCEP
2025-11-24 05:52:09,992 [INFO] ✅ Processed ABCB
2025-11-24 05:52:10,000 [INFO] ✅ Processed GSC
2025-11-24 05:52:10,004 [INFO] ✅ Processed LCR
2025-11-24 05:52:10,006 [INFO] ✅ Processed CHTR
2025-11-24 05:52:10,016 [INFO] ✅ Processed VSDA
2025-11-24 05:52:10,029 [INFO] ✅ Processed SPXV
2025-11-24 05:52:10,046 [INFO] ✅ Processed ORGS
2025-11-24 05:52:10,046 [INFO] ✅ Processed PNOV
2025-11-24 05:52:10,051 [INFO] ✅ Processed CORT
2025-11-24 05:52:10,057 [INFO] ✅ Processed MTGP
2025-11-24 05:52:10,063 [INFO] ✅ Processed FLMX
2025-11-24 05:52:10,064 [INFO] ✅ Processed MORF
2025-11-24 05:52:10,073 [INFO] ✅ Processed WWW
2025-11-24 05:52:10,092 [INFO] ✅ Processed HUBG
2025-11-24 05:52:10,092 [INFO] ✅ Processed BMA
2025-11-24 05:52:10,105 [INFO] ✅ Processed HIPS
2025-11-24 05:52:10,122 [INFO] ✅ Processed GPX
2025-11-24 05:52:10,127 [INFO] ✅ Processed OUNZ
2025-11-24 05:52:10,131 [INFO] ✅ Processed RGI
2025-11-24 05:52:10,132 [INFO] ✅ Processed KDP
2025-11-24 05:52:10,139 [INFO] ✅ Processed BLE
2025-11-24 05:52:10,139 [INFO] ✅ Processed BBN
2025-11-24 05:52:10,149 [INFO] ✅ Processed LBRT
2025-11-24 05:52:10,161 [INFO] ✅ Processed EPOL
2025-11-24 05:52:10,171 [INFO] ✅ Processed AGRO
2025-11-24 05:52:10,174 [INFO] ✅ Processed NSPR
2025-11-24 05:52:10,177 [INFO] ✅ Processed UBT
2025-11-24 05:52:10,186 [INFO] ✅ Processed DARE
2025-11-24 05:52:10,203 [INFO] ✅ Processed CASH
2025-11-24 05:52:10,203 [INFO] ✅ Processed LGLV
2025-11-24 05:52:10,210 [INFO] ✅ Processed EGOV
2025-11-24 05:52:10,210 [INFO] ✅ Processed CSLT
2025-11-24 05:52:10,219 [INFO] ✅ Processed EIX
2025-11-24 05:52:10,224 [INFO] ✅ Processed PACQW
2025-11-24 05:52:10,230 [INFO] ✅ Processed AGRX
2025-11-24 05:52:10,232 [INFO] ✅ Processed LNDC
2025-11-24 05:52:10,234 [INFO] ✅ Processed RFM
2025-11-24 05:52:10,247 [INFO] ✅ Processed BAB
2025-11-24 05:52:10,268 [INFO] ✅ Processed REV
2025-11-24 05:52:10,280 [INFO] ✅ Processed TRMK
2025-11-24 05:52:10,283 [INFO] ✅ Processed QABA
2025-11-24 05:52:10,286 [INFO] ✅ Processed NTN
2025-11-24 05:52:10,320 [INFO] ✅ Processed BYFC
2025-11-24 05:52:10,320 [INFO] ✅ Processed IEA
2025-11-24 05:52:10,331 [INFO] ✅ Processed IMMU
2025-11-24 05:52:10,338 [INFO] ✅ Processed BBY
2025-11-24 05:52:10,339 [INFO] ✅ Processed CVGW
2025-11-24 05:52:10,347 [INFO] ✅ Processed BNSO
2025-11-24 05:52:10,348 [INFO] ✅ Processed BUG
2025-11-24 05:52:10,351 [INFO] ✅ Processed IDE
2025-11-24 05:52:10,355 [INFO] ✅ Processed EPM
2025-11-24 05:52:10,360 [INFO] ✅ Processed EPZM
2025-11-24 05:52:10,361 [INFO] ✅ Processed HYLV
2025-11-24 05:52:10,367 [INFO] ✅ Processed ISEM
2025-11-24 05:52:10,371 [INFO] ✅ Processed LEAD
2025-11-24 05:52:10,374 [INFO] ✅ Processed BTT
2025-11-24 05:52:10,376 [INFO] ✅ Processed PIPR
2025-11-24 05:52:10,384 [INFO] ✅ Processed CHMG
2025-11-24 05:52:10,398 [INFO] ✅ Processed ALTS
2025-11-24 05:52:10,411 [INFO] ✅ Processed GIM
2025-11-24 05:52:10,427 [INFO] ✅ Processed IGI
2025-11-24 05:52:10,430 [INFO] ✅ Processed PHD
2025-11-24 05:52:10,432 [INFO] ✅ Processed NOVT
2025-11-24 05:52:10,434 [INFO] ✅ Processed AGGY
2025-11-24 05:52:10,435 [INFO] ✅ Processed FYLD
2025-11-24 05:52:10,438 [INFO] ✅ Processed BWX
2025-11-24 05:52:10,440 [INFO] ✅ Processed IEV
2025-11-24 05:52:10,447 [INFO] ✅ Processed SURF
2025-11-24 05:52:10,450 [INFO] ✅ Processed USMC
2025-11-24 05:52:10,453 [INFO] ✅ Processed BROG
2025-11-24 05:52:10,454 [INFO] ✅ Processed VALT
2025-11-24 05:52:10,460 [INFO] ✅ Processed PULM
2025-11-24 05:52:10,463 [INFO] ✅ Processed SUSB
2025-11-24 05:52:10,464 [INFO] ✅ Processed PEGA
2025-11-24 05:52:10,482 [INFO] ✅ Processed SPBO
2025-11-24 05:52:10,484 [INFO] ✅ Processed CSTR
2025-11-24 05:52:10,485 [INFO] ✅ Processed PDP
2025-11-24 05:52:10,489 [INFO] ✅ Processed CSWI
2025-11-24 05:52:10,502 [INFO] ✅ Processed CHAD
2025-11-24 05:52:10,512 [INFO] ✅ Processed BZH
2025-11-24 05:52:10,519 [INFO] ✅ Processed XSPA
2025-11-24 05:52:10,519 [INFO] ✅ Processed IHF
2025-11-24 05:52:10,520 [INFO] ✅ Processed YGRN
2025-11-24 05:52:10,535 [INFO] ✅ Processed TUSK
2025-11-24 05:52:10,535 [INFO] ✅ Processed GCOW
2025-11-24 05:52:10,543 [INFO] ✅ Processed CXDC
2025-11-24 05:52:10,544 [INFO] ✅ Processed FLXN
2025-11-24 05:52:10,545 [INFO] ✅ Processed RCII
2025-11-24 05:52:10,551 [INFO] ✅ Processed CCRN
2025-11-24 05:52:10,551 [INFO] ✅ Processed IQSU
2025-11-24 05:52:10,554 [INFO] ✅ Processed GEN
2025-11-24 05:52:10,562 [INFO] ✅ Processed MSUS
2025-11-24 05:52:10,573 [INFO] ✅ Processed SUPN
2025-11-24 05:52:10,576 [INFO] ✅ Processed PFO
2025-11-24 05:52:10,579 [INFO] ✅ Processed LTL
2025-11-24 05:52:10,581 [INFO] ✅ Processed CSTE
2025-11-24 05:52:10,586 [INFO] ✅ Processed DSTL
2025-11-24 05:52:10,590 [INFO] ✅ Processed MVIN
2025-11-24 05:52:10,593 [INFO] ✅ Processed DDWM
2025-11-24 05:52:10,604 [INFO] ✅ Processed BYD
2025-11-24 05:52:10,615 [INFO] ✅ Processed QTWO
2025-11-24 05:52:10,622 [INFO] ✅ Processed NML
2025-11-24 05:52:10,628 [INFO] ✅ Processed LVS
2025-11-24 05:52:10,630 [INFO] ✅ Processed MYOV
2025-11-24 05:52:10,641 [INFO] ✅ Processed GNPX
2025-11-24 05:52:10,646 [INFO] ✅ Processed CTRC
2025-11-24 05:52:10,647 [INFO] ✅ Processed WBA
2025-11-24 05:52:10,668 [INFO] ✅ Processed CRT
2025-11-24 05:52:10,670 [INFO] ✅ Processed DAIO
2025-11-24 05:52:10,673 [INFO] ✅ Processed AVGR
2025-11-24 05:52:10,674 [INFO] ✅ Processed SMTS
2025-11-24 05:52:10,680 [INFO] ✅ Processed AVEM
2025-11-24 05:52:10,687 [INFO] ✅ Processed DLTH
2025-11-24 05:52:10,692 [INFO] ✅ Processed ESGR
2025-11-24 05:52:10,698 [INFO] ✅ Processed YTEN
2025-11-24 05:52:10,701 [INFO] ✅ Processed SAMAU
2025-11-24 05:52:10,708 [INFO] ✅ Processed DNOW
2025-11-24 05:52:10,743 [INFO] ✅ Processed ADXN
2025-11-24 05:52:10,753 [INFO] ✅ Processed HCA
2025-11-24 05:52:10,764 [INFO] ✅ Processed ODC
2025-11-24 05:52:10,765 [INFO] ✅ Processed JPEU
2025-11-24 05:52:10,770 [INFO] ✅ Processed IBDU
2025-11-24 05:52:10,771 [INFO] ✅ Processed RBBN
2025-11-24 05:52:10,772 [INFO] ✅ Processed OR
2025-11-24 05:52:10,775 [INFO] ✅ Processed PTEU
2025-11-24 05:52:10,781 [INFO] ✅ Processed FNI
2025-11-24 05:52:10,781 [INFO] ✅ Processed ODT
2025-11-24 05:52:10,782 [INFO] ✅ Processed KDFI
2025-11-24 05:52:10,784 [INFO] ✅ Processed ESGE
2025-11-24 05:52:10,796 [INFO] ✅ Processed TRN
2025-11-24 05:52:10,809 [INFO] ✅ Processed AMRS
2025-11-24 05:52:10,820 [INFO] ✅ Processed IBHA
2025-11-24 05:52:10,833 [INFO] ✅ Processed PSCD
2025-11-24 05:52:10,839 [INFO] ✅ Processed JXI
2025-11-24 05:52:10,849 [INFO] ✅ Processed SVBI
2025-11-24 05:52:10,856 [INFO] ✅ Processed CPK
2025-11-24 05:52:10,871 [INFO] ✅ Processed CRC
2025-11-24 05:52:10,874 [INFO] ✅ Processed AJXA
2025-11-24 05:52:10,874 [INFO] ✅ Processed AJG
2025-11-24 05:52:10,887 [INFO] ✅ Processed WHLRP
2025-11-24 05:52:10,891 [INFO] ✅ Processed VER
2025-11-24 05:52:10,892 [INFO] ✅ Processed BSIG
2025-11-24 05:52:10,898 [INFO] ✅ Processed ECOR
2025-11-24 05:52:10,913 [INFO] ✅ Processed LAUR
2025-11-24 05:52:10,921 [INFO] ✅ Processed DTE
2025-11-24 05:52:10,923 [INFO] ✅ Processed CPHI
2025-11-24 05:52:10,924 [INFO] ✅ Processed EDIT
2025-11-24 05:52:10,929 [INFO] ✅ Processed FCN
2025-11-24 05:52:10,936 [INFO] ✅ Processed AN
2025-11-24 05:52:10,938 [INFO] ✅ Processed AY
2025-11-24 05:52:10,949 [INFO] ✅ Processed GWRE
2025-11-24 05:52:10,962 [INFO] ✅ Processed SSSS
2025-11-24 05:52:10,967 [INFO] ✅ Processed DXF
2025-11-24 05:52:10,974 [INFO] ✅ Processed CRSA
2025-11-24 05:52:10,992 [INFO] ✅ Processed FAF
2025-11-24 05:52:11,000 [INFO] ✅ Processed BB
2025-11-24 05:52:11,000 [INFO] ✅ Processed TSRI
2025-11-24 05:52:11,007 [INFO] ✅ Processed PJAN
2025-11-24 05:52:11,015 [INFO] ✅ Processed BSJK
2025-11-24 05:52:11,029 [INFO] ✅ Processed FDTS
2025-11-24 05:52:11,032 [INFO] ✅ Processed VNET
2025-11-24 05:52:11,038 [INFO] ✅ Processed SZC
2025-11-24 05:52:11,045 [INFO] ✅ Processed DGII
2025-11-24 05:52:11,046 [INFO] ✅ Processed VGM
2025-11-24 05:52:11,075 [INFO] ✅ Processed SYX
2025-11-24 05:52:11,083 [INFO] ✅ Processed C
2025-11-24 05:52:11,100 [INFO] ✅ Processed OIS
2025-11-24 05:52:11,109 [INFO] ✅ Processed STAG
2025-11-24 05:52:11,114 [INFO] ✅ Processed CF
2025-11-24 05:52:11,125 [INFO] ✅ Processed ULVM
2025-11-24 05:52:11,135 [INFO] ✅ Processed DOO
2025-11-24 05:52:11,137 [INFO] ✅ Processed T
2025-11-24 05:52:11,143 [INFO] ✅ Processed VICR
2025-11-24 05:52:11,145 [INFO] ✅ Processed ULTR
2025-11-24 05:52:11,163 [INFO] ✅ Processed THW
2025-11-24 05:52:11,174 [INFO] ✅ Processed VGZ
2025-11-24 05:52:11,188 [INFO] ✅ Processed CII
2025-11-24 05:52:11,197 [INFO] ✅ Processed ASR
2025-11-24 05:52:11,206 [INFO] ✅ Processed QIWI
2025-11-24 05:52:11,209 [INFO] ✅ Processed NEXT
2025-11-24 05:52:11,214 [INFO] ✅ Processed DISH
2025-11-24 05:52:11,217 [INFO] ✅ Processed SCCB
2025-11-24 05:52:11,221 [INFO] ✅ Processed HDAW
2025-11-24 05:52:11,228 [INFO] ✅ Processed EOLS
2025-11-24 05:52:11,236 [INFO] ✅ Processed FUT
2025-11-24 05:52:11,240 [INFO] ✅ Processed DNK
2025-11-24 05:52:11,248 [INFO] ✅ Processed GLRE
2025-11-24 05:52:11,259 [INFO] ✅ Processed RGEN
2025-11-24 05:52:11,268 [INFO] ✅ Processed GAINL
2025-11-24 05:52:11,278 [INFO] ✅ Processed NWFL
2025-11-24 05:52:11,283 [INFO] ✅ Processed SLY
2025-11-24 05:52:11,287 [INFO] ✅ Processed VSH
2025-11-24 05:52:11,298 [INFO] ✅ Processed INBKZ
2025-11-24 05:52:11,304 [INFO] ✅ Processed HTEC
2025-11-24 05:52:11,306 [INFO] ✅ Processed VG
2025-11-24 05:52:11,333 [INFO] ✅ Processed DOX
2025-11-24 05:52:11,335 [INFO] ✅ Processed ATEX
2025-11-24 05:52:11,356 [INFO] ✅ Processed ARA
2025-11-24 05:52:11,359 [INFO] ✅ Processed CLMT
2025-11-24 05:52:11,360 [INFO] ✅ Processed DLBR
2025-11-24 05:52:11,372 [INFO] ✅ Processed ZS
2025-11-24 05:52:11,391 [INFO] ✅ Processed INDO
2025-11-24 05:52:11,392 [INFO] ✅ Processed TX
2025-11-24 05:52:11,401 [INFO] ✅ Processed EMXC
2025-11-24 05:52:11,413 [INFO] ✅ Processed SMAR
2025-11-24 05:52:11,436 [INFO] ✅ Processed XELB
2025-11-24 05:52:11,437 [INFO] ✅ Processed ASRVP
2025-11-24 05:52:11,438 [INFO] ✅ Processed ADNT
2025-11-24 05:52:11,453 [INFO] ✅ Processed SMMF
2025-11-24 05:52:11,467 [INFO] ✅ Processed OMFS
2025-11-24 05:52:11,478 [INFO] ✅ Processed SCA
2025-11-24 05:52:11,503 [INFO] ✅ Processed MGM
2025-11-24 05:52:11,521 [INFO] ✅ Processed DBLV
2025-11-24 05:52:11,522 [INFO] ✅ Processed FXD
2025-11-24 05:52:11,540 [INFO] ✅ Processed BCTF
2025-11-24 05:52:11,541 [INFO] ✅ Processed SAVA
2025-11-24 05:52:11,551 [INFO] ✅ Processed PCSB
2025-11-24 05:52:11,587 [INFO] ✅ Processed PFLD
2025-11-24 05:52:11,592 [INFO] ✅ Processed ASMB
2025-11-24 05:52:11,607 [INFO] ✅ Processed CPST
2025-11-24 05:52:11,627 [INFO] ✅ Processed ACIA
2025-11-24 05:52:11,627 [INFO] ✅ Processed TDC
2025-11-24 05:52:11,629 [INFO] ✅ Processed MJJ
2025-11-24 05:52:11,645 [INFO] ✅ Processed ORN
2025-11-24 05:52:11,650 [INFO] ✅ Processed OFSSI
2025-11-24 05:52:11,653 [INFO] ✅ Processed XRT
2025-11-24 05:52:11,656 [INFO] ✅ Processed SBE
2025-11-24 05:52:11,659 [INFO] ✅ Processed WTRU
2025-11-24 05:52:11,667 [INFO] ✅ Processed IGOV
2025-11-24 05:52:11,670 [INFO] ✅ Processed SBR
2025-11-24 05:52:11,702 [INFO] ✅ Processed AFTY
2025-11-24 05:52:11,705 [INFO] ✅ Processed GNFT
2025-11-24 05:52:11,713 [INFO] ✅ Processed STLV
2025-11-24 05:52:11,731 [INFO] ✅ Processed CGC
2025-11-24 05:52:11,744 [INFO] ✅ Processed MEIP
2025-11-24 05:52:11,749 [INFO] ✅ Processed INDY
2025-11-24 05:52:11,753 [INFO] ✅ Processed UUUU
2025-11-24 05:52:11,753 [INFO] ✅ Processed HTH
2025-11-24 05:52:11,757 [INFO] ✅ Processed UEPS
2025-11-24 05:52:11,774 [INFO] ✅ Processed HTIA
2025-11-24 05:52:11,801 [INFO] ✅ Processed OPP
2025-11-24 05:52:11,802 [INFO] ✅ Processed CFG
2025-11-24 05:52:11,804 [INFO] ✅ Processed FXE
2025-11-24 05:52:11,817 [INFO] ✅ Processed CBOE
2025-11-24 05:52:11,823 [INFO] ✅ Processed JLL
2025-11-24 05:52:11,868 [INFO] ✅ Processed ESSA
2025-11-24 05:52:11,871 [INFO] ✅ Processed MUNI
2025-11-24 05:52:11,873 [INFO] ✅ Processed DRIP
2025-11-24 05:52:11,878 [INFO] ✅ Processed ZCMD
2025-11-24 05:52:11,894 [INFO] ✅ Processed REPL
2025-11-24 05:52:11,912 [INFO] ✅ Processed LOAN
2025-11-24 05:52:11,913 [INFO] ✅ Processed FFTG
2025-11-24 05:52:11,926 [INFO] ✅ Processed VIXY
2025-11-24 05:52:11,936 [INFO] ✅ Processed OSK
2025-11-24 05:52:11,937 [INFO] ✅ Processed VRNT
2025-11-24 05:52:11,950 [INFO] ✅ Processed FSLY
2025-11-24 05:52:11,967 [INFO] ✅ Processed PSTL
2025-11-24 05:52:11,982 [INFO] ✅ Processed HUM
2025-11-24 05:52:11,983 [INFO] ✅ Processed EVOK
2025-11-24 05:52:12,009 [INFO] ✅ Processed TEF
2025-11-24 05:52:12,015 [INFO] ✅ Processed TQQQ
2025-11-24 05:52:12,026 [INFO] ✅ Processed DBI
2025-11-24 05:52:12,033 [INFO] ✅ Processed ACIW
2025-11-24 05:52:12,034 [INFO] ✅ Processed SBS
2025-11-24 05:52:12,034 [INFO] ✅ Processed ATKR
2025-11-24 05:52:12,041 [INFO] ✅ Processed LDRS
2025-11-24 05:52:12,053 [INFO] ✅ Processed SAH
2025-11-24 05:52:12,058 [INFO] ✅ Processed YI
2025-11-24 05:52:12,060 [INFO] ✅ Processed FXR
2025-11-24 05:52:12,071 [INFO] ✅ Processed RWLK
2025-11-24 05:52:12,073 [INFO] ✅ Processed BOCT
2025-11-24 05:52:12,088 [INFO] ✅ Processed SOXS
2025-11-24 05:52:12,102 [INFO] ✅ Processed CBLI
2025-11-24 05:52:12,108 [INFO] ✅ Processed MFH
2025-11-24 05:52:12,109 [INFO] ✅ Processed DAR
2025-11-24 05:52:12,115 [INFO] ✅ Processed CBAY
2025-11-24 05:52:12,123 [INFO] ✅ Processed HJLI
2025-11-24 05:52:12,128 [INFO] ✅ Processed BOND
2025-11-24 05:52:12,151 [INFO] ✅ Processed IUSG
2025-11-24 05:52:12,155 [INFO] ✅ Processed NICE
2025-11-24 05:52:12,160 [INFO] ✅ Processed OCGN
2025-11-24 05:52:12,162 [INFO] ✅ Processed WB
2025-11-24 05:52:12,176 [INFO] ✅ Processed RWCD
2025-11-24 05:52:12,191 [INFO] ✅ Processed DLNG
2025-11-24 05:52:12,205 [INFO] ✅ Processed FTF
2025-11-24 05:52:12,214 [INFO] ✅ Processed GAINM
2025-11-24 05:52:12,226 [INFO] ✅ Processed STCN
2025-11-24 05:52:12,231 [INFO] ✅ Processed DLB
2025-11-24 05:52:12,236 [INFO] ✅ Processed INBKL
2025-11-24 05:52:12,237 [INFO] ✅ Processed SLX
2025-11-24 05:52:12,244 [INFO] ✅ Processed TY
2025-11-24 05:52:12,252 [INFO] ✅ Processed DMF
2025-11-24 05:52:12,255 [INFO] ✅ Processed VBFC
2025-11-24 05:52:12,265 [INFO] ✅ Processed RYLD
2025-11-24 05:52:12,272 [INFO] ✅ Processed ATEN
2025-11-24 05:52:12,275 [INFO] ✅ Processed WU
2025-11-24 05:52:12,298 [INFO] ✅ Processed STAF
2025-11-24 05:52:12,311 [INFO] ✅ Processed LJPC
2025-11-24 05:52:12,312 [INFO] ✅ Processed CHL
2025-11-24 05:52:12,331 [INFO] ✅ Processed MED
2025-11-24 05:52:12,333 [INFO] ✅ Processed CBAN
2025-11-24 05:52:12,348 [INFO] ✅ Processed APH
2025-11-24 05:52:12,349 [INFO] ✅ Processed NWGI
2025-11-24 05:52:12,355 [INFO] ✅ Processed PAGS
2025-11-24 05:52:12,360 [INFO] ✅ Processed SNP
2025-11-24 05:52:12,370 [INFO] ✅ Processed DON
2025-11-24 05:52:12,382 [INFO] ✅ Processed CLNY
2025-11-24 05:52:12,405 [INFO] ✅ Processed HCFT
2025-11-24 05:52:12,412 [INFO] ✅ Processed VIVE
2025-11-24 05:52:12,424 [INFO] ✅ Processed CIH
2025-11-24 05:52:12,433 [INFO] ✅ Processed CLXT
2025-11-24 05:52:12,481 [INFO] ✅ Processed BCOM
2025-11-24 05:52:12,486 [INFO] ✅ Processed GENC
2025-11-24 05:52:12,504 [INFO] ✅ Processed SDRL
2025-11-24 05:52:12,506 [INFO] ✅ Processed CG
2025-11-24 05:52:12,510 [INFO] ✅ Processed GLDI
2025-11-24 05:52:12,528 [INFO] ✅ Processed CBTX
2025-11-24 05:52:12,560 [INFO] ✅ Processed CNAT
2025-11-24 05:52:12,570 [INFO] ✅ Processed SYY
2025-11-24 05:52:12,575 [INFO] ✅ Processed ARW
2025-11-24 05:52:12,596 [INFO] ✅ Processed CYAN
2025-11-24 05:52:12,604 [INFO] ✅ Processed AX
2025-11-24 05:52:12,620 [INFO] ✅ Processed FBK
2025-11-24 05:52:12,621 [INFO] ✅ Processed FCX
2025-11-24 05:52:12,630 [INFO] ✅ Processed RWUI
2025-11-24 05:52:12,643 [INFO] ✅ Processed MSI
2025-11-24 05:52:12,650 [INFO] ✅ Processed HNP
2025-11-24 05:52:12,656 [INFO] ✅ Processed HLX
2025-11-24 05:52:12,657 [INFO] ✅ Processed BC
2025-11-24 05:52:12,658 [INFO] ✅ Processed SYN
2025-11-24 05:52:12,658 [INFO] ✅ Processed TTTN
2025-11-24 05:52:12,665 [INFO] ✅ Processed PARR
2025-11-24 05:52:12,680 [INFO] ✅ Processed GWRS
2025-11-24 05:52:12,687 [INFO] ✅ Processed NPTN
2025-11-24 05:52:12,703 [INFO] ✅ Processed WASH
2025-11-24 05:52:12,751 [INFO] ✅ Processed VFH
2025-11-24 05:52:12,758 [INFO] ✅ Processed ULBI
2025-11-24 05:52:12,768 [INFO] ✅ Processed B
2025-11-24 05:52:12,768 [INFO] ✅ Processed ASUR
2025-11-24 05:52:12,795 [INFO] ✅ Processed HAIN
2025-11-24 05:52:12,803 [INFO] ✅ Processed CP
2025-11-24 05:52:12,806 [INFO] ✅ Processed HSTM
2025-11-24 05:52:12,814 [INFO] ✅ Processed ADM
2025-11-24 05:52:12,818 [INFO] ✅ Processed SVA
2025-11-24 05:52:12,819 [INFO] ✅ Processed SUZ
2025-11-24 05:52:12,822 [INFO] ✅ Processed PSCE
2025-11-24 05:52:12,826 [INFO] ✅ Processed STXS
2025-11-24 05:52:12,832 [INFO] ✅ Processed IBDT
2025-11-24 05:52:12,833 [INFO] ✅ Processed ESGD
2025-11-24 05:52:12,846 [INFO] ✅ Processed EXTN
2025-11-24 05:52:12,849 [INFO] ✅ Processed BSGM
2025-11-24 05:52:12,854 [INFO] ✅ Processed VIG
2025-11-24 05:52:12,860 [INFO] ✅ Processed TRX
2025-11-24 05:52:12,863 [INFO] ✅ Processed VHC
2025-11-24 05:52:12,863 [INFO] ✅ Processed CSF
2025-11-24 05:52:12,864 [INFO] ✅ Processed INSG
2025-11-24 05:52:12,867 [INFO] ✅ Processed FCO
2025-11-24 05:52:12,869 [INFO] ✅ Processed DNOV
2025-11-24 05:52:12,870 [INFO] ✅ Processed EMLP
2025-11-24 05:52:12,877 [INFO] ✅ Processed TZACU
2025-11-24 05:52:12,880 [INFO] ✅ Processed SABR
2025-11-24 05:52:12,880 [INFO] ✅ Processed SUM
2025-11-24 05:52:12,884 [INFO] ✅ Processed AXJL
2025-11-24 05:52:12,889 [INFO] ✅ Processed LOWC
2025-11-24 05:52:12,893 [INFO] ✅ Processed DTD
2025-11-24 05:52:12,902 [INFO] ✅ Processed INSP
2025-11-24 05:52:12,907 [INFO] ✅ Processed VKTX
2025-11-24 05:52:12,913 [INFO] ✅ Processed OEF
2025-11-24 05:52:12,914 [INFO] ✅ Processed ESGS
2025-11-24 05:52:12,914 [INFO] ✅ Processed VHT
2025-11-24 05:52:12,917 [INFO] ✅ Processed LDEM
2025-11-24 05:52:12,918 [INFO] ✅ Processed CSQ
2025-11-24 05:52:12,918 [INFO] ✅ Processed VIOG
2025-11-24 05:52:12,923 [INFO] ✅ Processed KCCB
2025-11-24 05:52:12,924 [INFO] ✅ Processed ANCN
2025-11-24 05:52:12,924 [INFO] ✅ Processed BRPAR
2025-11-24 05:52:12,944 [INFO] ✅ Processed AADR
2025-11-24 05:52:12,948 [INFO] ✅ Processed PEB
2025-11-24 05:52:12,951 [INFO] ✅ Processed VTWG
2025-11-24 05:52:12,951 [INFO] ✅ Processed FMS
2025-11-24 05:52:12,954 [INFO] ✅ Processed WKEY
2025-11-24 05:52:12,961 [INFO] ✅ Processed SPMV
2025-11-24 05:52:12,962 [INFO] ✅ Processed BOTJ
2025-11-24 05:52:12,962 [INFO] ✅ Processed LH
2025-11-24 05:52:12,965 [INFO] ✅ Processed DFNL
2025-11-24 05:52:12,972 [INFO] ✅ Processed NMM
2025-11-24 05:52:12,989 [INFO] ✅ Processed SUSC
2025-11-24 05:52:12,998 [INFO] ✅ Processed IDHQ
2025-11-24 05:52:13,029 [INFO] ✅ Processed LTM
2025-11-24 05:52:13,037 [INFO] ✅ Processed IHG
2025-11-24 05:52:13,048 [INFO] ✅ Processed CODX
2025-11-24 05:52:13,060 [INFO] ✅ Processed ZEUS
2025-11-24 05:52:13,067 [INFO] ✅ Processed PFN
2025-11-24 05:52:13,069 [INFO] ✅ Processed NNA
2025-11-24 05:52:13,071 [INFO] ✅ Processed GEO
2025-11-24 05:52:13,078 [INFO] ✅ Processed KEMX
2025-11-24 05:52:13,084 [INFO] ✅ Processed SKYS
2025-11-24 05:52:13,091 [INFO] ✅ Processed FUTY
2025-11-24 05:52:13,093 [INFO] ✅ Processed GGG
2025-11-24 05:52:13,094 [INFO] ✅ Processed VALU
2025-11-24 05:52:13,103 [INFO] ✅ Processed YLD
2025-11-24 05:52:13,109 [INFO] ✅ Processed BLDR
2025-11-24 05:52:13,112 [INFO] ✅ Processed NMZ
2025-11-24 05:52:13,115 [INFO] ✅ Processed MTSC
2025-11-24 05:52:13,117 [INFO] ✅ Processed RMED
2025-11-24 05:52:13,125 [INFO] ✅ Processed ALTR
2025-11-24 05:52:13,130 [INFO] ✅ Processed PGJ
2025-11-24 05:52:13,132 [INFO] ✅ Processed WAL
2025-11-24 05:52:13,134 [INFO] ✅ Processed VTVT
2025-11-24 05:52:13,141 [INFO] ✅ Processed KRNY
2025-11-24 05:52:13,148 [INFO] ✅ Processed USCI
2025-11-24 05:52:13,151 [INFO] ✅ Processed WISA
2025-11-24 05:52:13,159 [INFO] ✅ Processed NATR
2025-11-24 05:52:13,170 [INFO] ✅ Processed TURN
2025-11-24 05:52:13,170 [INFO] ✅ Processed LMRKP
2025-11-24 05:52:13,172 [INFO] ✅ Processed FGEN
2025-11-24 05:52:13,174 [INFO] ✅ Processed IDEV
2025-11-24 05:52:13,186 [INFO] ✅ Processed EQH
2025-11-24 05:52:13,192 [INFO] ✅ Processed NAN
2025-11-24 05:52:13,209 [INFO] ✅ Processed NXTG
2025-11-24 05:52:13,215 [INFO] ✅ Processed CMSD
2025-11-24 05:52:13,221 [INFO] ✅ Processed VOOV
2025-11-24 05:52:13,221 [INFO] ✅ Processed BTU
2025-11-24 05:52:13,224 [INFO] ✅ Processed WNC
2025-11-24 05:52:13,225 [INFO] ✅ Processed WIRE
2025-11-24 05:52:13,227 [INFO] ✅ Processed VONE
2025-11-24 05:52:13,245 [INFO] ✅ Processed UWT
2025-11-24 05:52:13,274 [INFO] ✅ Processed NBB
2025-11-24 05:52:13,278 [INFO] ✅ Processed SPAB
2025-11-24 05:52:13,285 [INFO] ✅ Processed APDN
2025-11-24 05:52:13,296 [INFO] ✅ Processed WLK
2025-11-24 05:52:13,296 [INFO] ✅ Processed GIL
2025-11-24 05:52:13,302 [INFO] ✅ Processed DMRI
2025-11-24 05:52:13,302 [INFO] ✅ Processed IMLP
2025-11-24 05:52:13,314 [INFO] ✅ Processed UTX
2025-11-24 05:52:13,316 [INFO] ✅ Processed PHR
2025-11-24 05:52:13,319 [INFO] ✅ Processed RDCM
2025-11-24 05:52:13,340 [INFO] ✅ Processed VFQY
2025-11-24 05:52:13,357 [INFO] ✅ Processed ZIOP
2025-11-24 05:52:13,360 [INFO] ✅ Processed SINO
2025-11-24 05:52:13,364 [INFO] ✅ Processed RPV
2025-11-24 05:52:13,366 [INFO] ✅ Processed IPV
2025-11-24 05:52:13,367 [INFO] ✅ Processed ENSG
2025-11-24 05:52:13,370 [INFO] ✅ Processed XSHQ
2025-11-24 05:52:13,377 [INFO] ✅ Processed CDLX
2025-11-24 05:52:13,386 [INFO] ✅ Processed NOCT
2025-11-24 05:52:13,391 [INFO] ✅ Processed NTCT
2025-11-24 05:52:13,401 [INFO] ✅ Processed CARZ
2025-11-24 05:52:13,403 [INFO] ✅ Processed OBOR
2025-11-24 05:52:13,419 [INFO] ✅ Processed RTRX
2025-11-24 05:52:13,452 [INFO] ✅ Processed VMBS
2025-11-24 05:52:13,455 [INFO] ✅ Processed CAPE
2025-11-24 05:52:13,486 [INFO] ✅ Processed HBMD
2025-11-24 05:52:13,507 [INFO] ✅ Processed NDRA
2025-11-24 05:52:13,513 [INFO] ✅ Processed KRUS
2025-11-24 05:52:13,532 [INFO] ✅ Processed SRLP
2025-11-24 05:52:13,548 [INFO] ✅ Processed LNT
2025-11-24 05:52:13,551 [INFO] ✅ Processed EFA
2025-11-24 05:52:13,554 [INFO] ✅ Processed BBX
2025-11-24 05:52:13,564 [INFO] ✅ Processed EYEG
2025-11-24 05:52:13,583 [INFO] ✅ Processed RFL
2025-11-24 05:52:13,607 [INFO] ✅ Processed REW
2025-11-24 05:52:13,628 [INFO] ✅ Processed PKI
2025-11-24 05:52:13,636 [INFO] ✅ Processed NVG
2025-11-24 05:52:13,645 [INFO] ✅ Processed LEVL
2025-11-24 05:52:13,648 [INFO] ✅ Processed BAC
2025-11-24 05:52:13,661 [INFO] ✅ Processed EFV
2025-11-24 05:52:13,661 [INFO] ✅ Processed LNC
2025-11-24 05:52:13,665 [INFO] ✅ Processed EEM
2025-11-24 05:52:13,668 [INFO] ✅ Processed PBTP
2025-11-24 05:52:13,670 [INFO] ✅ Processed EDI
2025-11-24 05:52:13,690 [INFO] ✅ Processed UAN
2025-11-24 05:52:13,694 [INFO] ✅ Processed HYXE
2025-11-24 05:52:13,701 [INFO] ✅ Processed VTNR
2025-11-24 05:52:13,709 [INFO] ✅ Processed FNWB
2025-11-24 05:52:13,711 [INFO] ✅ Processed RAFE
2025-11-24 05:52:13,713 [INFO] ✅ Processed PQG
2025-11-24 05:52:13,717 [INFO] ✅ Processed CAPR
2025-11-24 05:52:13,728 [INFO] ✅ Processed BKYI
2025-11-24 05:52:13,741 [INFO] ✅ Processed FRGI
2025-11-24 05:52:13,743 [INFO] ✅ Processed PSX
2025-11-24 05:52:13,746 [INFO] ✅ Processed VMOT
2025-11-24 05:52:13,748 [INFO] ✅ Processed CASI
2025-11-24 05:52:13,755 [INFO] ✅ Processed BLD
2025-11-24 05:52:13,757 [INFO] ✅ Processed ALLT
2025-11-24 05:52:13,760 [INFO] ✅ Processed WVE
2025-11-24 05:52:13,775 [INFO] ✅ Processed GSB
2025-11-24 05:52:13,780 [INFO] ✅ Processed GRF
2025-11-24 05:52:13,780 [INFO] ✅ Processed SPYD
2025-11-24 05:52:13,796 [INFO] ✅ Processed RSXJ
2025-11-24 05:52:13,796 [INFO] ✅ Processed LACQU
2025-11-24 05:52:13,824 [INFO] ✅ Processed CTEK
2025-11-24 05:52:13,859 [INFO] ✅ Processed WTM
2025-11-24 05:52:13,860 [INFO] ✅ Processed PSO
2025-11-24 05:52:13,876 [INFO] ✅ Processed BOH
2025-11-24 05:52:13,876 [INFO] ✅ Processed PPC
2025-11-24 05:52:13,885 [INFO] ✅ Processed AVGOP
2025-11-24 05:52:13,887 [INFO] ✅ Processed PRK
2025-11-24 05:52:13,887 [INFO] ✅ Processed TECL
2025-11-24 05:52:13,888 [INFO] ✅ Processed PPT
2025-11-24 05:52:13,896 [INFO] ✅ Processed IBKCN
2025-11-24 05:52:13,904 [INFO] ✅ Processed FLMN
2025-11-24 05:52:13,908 [INFO] ✅ Processed RFAP
2025-11-24 05:52:13,910 [INFO] ✅ Processed RHP
2025-11-24 05:52:13,934 [INFO] ✅ Processed KFY
2025-11-24 05:52:13,934 [INFO] ✅ Processed GPN
2025-11-24 05:52:13,936 [INFO] ✅ Processed MCEP
2025-11-24 05:52:14,006 [INFO] ✅ Processed SPXS
2025-11-24 05:52:14,019 [INFO] ✅ Processed HEFA
2025-11-24 05:52:14,020 [INFO] ✅ Processed ELSE
2025-11-24 05:52:14,030 [INFO] ✅ Processed SRCL
2025-11-24 05:52:14,036 [INFO] ✅ Processed WYND
2025-11-24 05:52:14,037 [INFO] ✅ Processed IMTE
2025-11-24 05:52:14,038 [INFO] ✅ Processed PTVCB
2025-11-24 05:52:14,039 [INFO] ✅ Processed AIRR
2025-11-24 05:52:14,053 [INFO] ✅ Processed SITE
2025-11-24 05:52:14,057 [INFO] ✅ Processed NVCR
2025-11-24 05:52:14,060 [INFO] ✅ Processed HUBB
2025-11-24 05:52:14,070 [INFO] ✅ Processed ARGD
2025-11-24 05:52:14,080 [INFO] ✅ Processed WWE
2025-11-24 05:52:14,088 [INFO] ✅ Processed PSK
2025-11-24 05:52:14,095 [INFO] ✅ Processed PGEN
2025-11-24 05:52:14,098 [INFO] ✅ Processed RIG
2025-11-24 05:52:14,107 [INFO] ✅ Processed PPG
2025-11-24 05:52:14,115 [INFO] ✅ Processed PRO
2025-11-24 05:52:14,125 [INFO] ✅ Processed EWGS
2025-11-24 05:52:14,132 [INFO] ✅ Processed MDCA
2025-11-24 05:52:14,135 [INFO] ✅ Processed TECH
2025-11-24 05:52:14,135 [INFO] ✅ Processed HEEM
2025-11-24 05:52:14,141 [INFO] ✅ Processed PUYI
2025-11-24 05:52:14,144 [INFO] ✅ Processed GRU
2025-11-24 05:52:14,145 [INFO] ✅ Processed GOLD
2025-11-24 05:52:14,155 [INFO] ✅ Processed SSPKU
2025-11-24 05:52:14,161 [INFO] ✅ Processed IQDY
2025-11-24 05:52:14,164 [INFO] ✅ Processed MORT
2025-11-24 05:52:14,166 [INFO] ✅ Processed LYFT
2025-11-24 05:52:14,173 [INFO] ✅ Processed LINC
2025-11-24 05:52:14,179 [INFO] ✅ Processed DJCB
2025-11-24 05:52:14,179 [INFO] ✅ Processed BNDC
2025-11-24 05:52:14,194 [INFO] ✅ Processed WTI
2025-11-24 05:52:14,196 [INFO] ✅ Processed AUBN
2025-11-24 05:52:14,196 [INFO] ✅ Processed IVOO
2025-11-24 05:52:14,203 [INFO] ✅ Processed BLW
2025-11-24 05:52:14,204 [INFO] ✅ Processed XCOM
2025-11-24 05:52:14,214 [INFO] ✅ Processed EUSC
2025-11-24 05:52:14,216 [INFO] ✅ Processed NVT
2025-11-24 05:52:14,217 [INFO] ✅ Processed IQV
2025-11-24 05:52:14,219 [INFO] ✅ Processed WWR
2025-11-24 05:52:14,225 [INFO] ✅ Processed HLAL
2025-11-24 05:52:14,226 [INFO] ✅ Processed WYY
2025-11-24 05:52:14,232 [INFO] ✅ Processed GOAT
2025-11-24 05:52:14,237 [INFO] ✅ Processed EDZ
2025-11-24 05:52:14,239 [INFO] ✅ Processed FLCA
2025-11-24 05:52:14,247 [INFO] ✅ Processed BCX
2025-11-24 05:52:14,249 [INFO] ✅ Processed IRM
2025-11-24 05:52:14,255 [INFO] ✅ Processed BNGO
2025-11-24 05:52:14,261 [INFO] ✅ Processed ARKG
2025-11-24 05:52:14,263 [INFO] ✅ Processed RDUS
2025-11-24 05:52:14,269 [INFO] ✅ Processed WRLSU
2025-11-24 05:52:14,274 [INFO] ✅ Processed FLBR
2025-11-24 05:52:14,276 [INFO] ✅ Processed TENX
2025-11-24 05:52:14,280 [INFO] ✅ Processed ISRA
2025-11-24 05:52:14,292 [INFO] ✅ Processed MDLY
2025-11-24 05:52:14,306 [INFO] ✅ Processed BBK
2025-11-24 05:52:14,312 [INFO] ✅ Processed KIE
2025-11-24 05:52:14,314 [INFO] ✅ Processed NUO
2025-11-24 05:52:14,329 [INFO] ✅ Processed BAP
2025-11-24 05:52:14,340 [INFO] ✅ Processed EFR
2025-11-24 05:52:14,358 [INFO] ✅ Processed LKOR
2025-11-24 05:52:14,365 [INFO] ✅ Processed CDMO
2025-11-24 05:52:14,376 [INFO] ✅ Processed FUND
2025-11-24 05:52:14,382 [INFO] ✅ Processed HYLS
2025-11-24 05:52:14,383 [INFO] ✅ Processed LLIT
2025-11-24 05:52:14,385 [INFO] ✅ Processed BCO
2025-11-24 05:52:14,386 [INFO] ✅ Processed SPAQ
2025-11-24 05:52:14,388 [INFO] ✅ Processed PRFZ
2025-11-24 05:52:14,392 [INFO] ✅ Processed BRBR
2025-11-24 05:52:14,394 [INFO] ✅ Processed LNG
2025-11-24 05:52:14,397 [INFO] ✅ Processed RES
2025-11-24 05:52:14,411 [INFO] ✅ Processed DMRM
2025-11-24 05:52:14,420 [INFO] ✅ Processed DXJS
2025-11-24 05:52:14,422 [INFO] ✅ Processed PIE
2025-11-24 05:52:14,436 [INFO] ✅ Processed APEN
2025-11-24 05:52:14,437 [INFO] ✅ Processed GHL
2025-11-24 05:52:14,439 [INFO] ✅ Processed SILC
2025-11-24 05:52:14,443 [INFO] ✅ Processed HYLD
2025-11-24 05:52:14,447 [INFO] ✅ Processed VONV
2025-11-24 05:52:14,465 [INFO] ✅ Processed NCB
2025-11-24 05:52:14,466 [INFO] ✅ Processed IMMP
2025-11-24 05:52:14,485 [INFO] ✅ Processed ESS
2025-11-24 05:52:14,497 [INFO] ✅ Processed NXTC
2025-11-24 05:52:14,523 [INFO] ✅ Processed FLWS
2025-11-24 05:52:14,531 [INFO] ✅ Processed EQL
2025-11-24 05:52:14,539 [INFO] ✅ Processed BVN
2025-11-24 05:52:14,542 [INFO] ✅ Processed HNNA
2025-11-24 05:52:14,550 [INFO] ✅ Processed ICCC
2025-11-24 05:52:14,559 [INFO] ✅ Processed EWRE
2025-11-24 05:52:14,569 [INFO] ✅ Processed LIVE
2025-11-24 05:52:14,588 [INFO] ✅ Processed LEMB
2025-11-24 05:52:14,595 [INFO] ✅ Processed GJS
2025-11-24 05:52:14,605 [INFO] ✅ Processed PEIX
2025-11-24 05:52:14,610 [INFO] ✅ Processed WMK
2025-11-24 05:52:14,622 [INFO] ✅ Processed UAPR
2025-11-24 05:52:14,632 [INFO] ✅ Processed IJK
2025-11-24 05:52:14,637 [INFO] ✅ Processed GDX
2025-11-24 05:52:14,647 [INFO] ✅ Processed ICOW
2025-11-24 05:52:14,649 [INFO] ✅ Processed LZB
2025-11-24 05:52:14,650 [INFO] ✅ Processed CHCI
2025-11-24 05:52:14,654 [INFO] ✅ Processed MSTR
2025-11-24 05:52:14,660 [INFO] ✅ Processed ITMR
2025-11-24 05:52:14,670 [INFO] ✅ Processed KRO
2025-11-24 05:52:14,684 [INFO] ✅ Processed LPTX
2025-11-24 05:52:14,687 [INFO] ✅ Processed SPLV
2025-11-24 05:52:14,696 [INFO] ✅ Processed HERD
2025-11-24 05:52:14,708 [INFO] ✅ Processed TNET
2025-11-24 05:52:14,714 [INFO] ✅ Processed WPRT
2025-11-24 05:52:14,718 [INFO] ✅ Processed VVNT
2025-11-24 05:52:14,718 [INFO] ✅ Processed NOV
2025-11-24 05:52:14,722 [INFO] ✅ Processed FIEE
2025-11-24 05:52:14,726 [INFO] ✅ Processed MDWD
2025-11-24 05:52:14,731 [INFO] ✅ Processed USMF
2025-11-24 05:52:14,736 [INFO] ✅ Processed BKCC
2025-11-24 05:52:14,738 [INFO] ✅ Processed ANAB
2025-11-24 05:52:14,739 [INFO] ✅ Processed ALACU
2025-11-24 05:52:14,746 [INFO] ✅ Processed MOGU
2025-11-24 05:52:14,755 [INFO] ✅ Processed NMI
2025-11-24 05:52:14,765 [INFO] ✅ Processed GDO
2025-11-24 05:52:14,772 [INFO] ✅ Processed HYAC
2025-11-24 05:52:14,787 [INFO] ✅ Processed GGT
2025-11-24 05:52:14,795 [INFO] ✅ Processed NOA
2025-11-24 05:52:14,795 [INFO] ✅ Processed MODN
2025-11-24 05:52:14,796 [INFO] ✅ Processed BZM
2025-11-24 05:52:14,804 [INFO] ✅ Processed WBND
2025-11-24 05:52:14,809 [INFO] ✅ Processed VALQ
2025-11-24 05:52:14,817 [INFO] ✅ Processed WBS
2025-11-24 05:52:14,825 [INFO] ✅ Processed IHT
2025-11-24 05:52:14,829 [INFO] ✅ Processed SKYW
2025-11-24 05:52:14,832 [INFO] ✅ Processed USLB
2025-11-24 05:52:14,840 [INFO] ✅ Processed GTLS
2025-11-24 05:52:14,850 [INFO] ✅ Processed IBDP
2025-11-24 05:52:14,850 [INFO] ✅ Processed NAVI
2025-11-24 05:52:14,851 [INFO] ✅ Processed PLCE
2025-11-24 05:52:14,851 [INFO] ✅ Processed PTGX
2025-11-24 05:52:14,860 [INFO] ✅ Processed SFET
2025-11-24 05:52:14,875 [INFO] ✅ Processed VIOT
2025-11-24 05:52:14,880 [INFO] ✅ Processed INPX
2025-11-24 05:52:14,902 [INFO] ✅ Processed STZ
2025-11-24 05:52:14,923 [INFO] ✅ Processed GYRO
2025-11-24 05:52:14,924 [INFO] ✅ Processed CSB
2025-11-24 05:52:14,937 [INFO] ✅ Processed BSDE
2025-11-24 05:52:14,944 [INFO] ✅ Processed IHC
2025-11-24 05:52:14,947 [INFO] ✅ Processed CRF
2025-11-24 05:52:14,958 [INFO] ✅ Processed HAL
2025-11-24 05:52:14,959 [INFO] ✅ Processed JCTCF
2025-11-24 05:52:14,964 [INFO] ✅ Processed STM
2025-11-24 05:52:14,979 [INFO] ✅ Processed EMLC
2025-11-24 05:52:14,993 [INFO] ✅ Processed DTW
2025-11-24 05:52:15,011 [INFO] ✅ Processed AVDL
2025-11-24 05:52:15,024 [INFO] ✅ Processed MYOS
2025-11-24 05:52:15,042 [INFO] ✅ Processed NS
2025-11-24 05:52:15,046 [INFO] ✅ Processed TPC
2025-11-24 05:52:15,051 [INFO] ✅ Processed REFR
2025-11-24 05:52:15,058 [INFO] ✅ Processed FLS
2025-11-24 05:52:15,060 [INFO] ✅ Processed DNLI
2025-11-24 05:52:15,062 [INFO] ✅ Processed AIN
2025-11-24 05:52:15,065 [INFO] ✅ Processed LL
2025-11-24 05:52:15,075 [INFO] ✅ Processed KBLMU
2025-11-24 05:52:15,079 [INFO] ✅ Processed BFST
2025-11-24 05:52:15,079 [INFO] ✅ Processed CNMD
2025-11-24 05:52:15,088 [INFO] ✅ Processed DYLS
2025-11-24 05:52:15,091 [INFO] ✅ Processed CSU
2025-11-24 05:52:15,108 [INFO] ✅ Processed LMBS
2025-11-24 05:52:15,109 [INFO] ✅ Processed SONM
2025-11-24 05:52:15,128 [INFO] ✅ Processed ATSG
2025-11-24 05:52:15,129 [INFO] ✅ Processed CIDM
2025-11-24 05:52:15,132 [INFO] ✅ Processed HCRB
2025-11-24 05:52:15,143 [INFO] ✅ Processed GLDM
2025-11-24 05:52:15,144 [INFO] ✅ Processed SUI
2025-11-24 05:52:15,158 [INFO] ✅ Processed CC
2025-11-24 05:52:15,165 [INFO] ✅ Processed MPV
2025-11-24 05:52:15,165 [INFO] ✅ Processed IIVI
2025-11-24 05:52:15,176 [INFO] ✅ Processed BG
2025-11-24 05:52:15,177 [INFO] ✅ Processed EMBH
2025-11-24 05:52:15,191 [INFO] ✅ Processed MSM
2025-11-24 05:52:15,194 [INFO] ✅ Processed BSJN
2025-11-24 05:52:15,201 [INFO] ✅ Processed RYZZ
2025-11-24 05:52:15,210 [INFO] ✅ Processed AGE
2025-11-24 05:52:15,211 [INFO] ✅ Processed ATRC
2025-11-24 05:52:15,216 [INFO] ✅ Processed JRSH
2025-11-24 05:52:15,219 [INFO] ✅ Processed IBHD
2025-11-24 05:52:15,226 [INFO] ✅ Processed VETS
2025-11-24 05:52:15,232 [INFO] ✅ Processed XNET
2025-11-24 05:52:15,233 [INFO] ✅ Processed ECNS
2025-11-24 05:52:15,234 [INFO] ✅ Processed ASTE
2025-11-24 05:52:15,256 [INFO] ✅ Processed DXC
2025-11-24 05:52:15,280 [INFO] ✅ Processed UEIC
2025-11-24 05:52:15,280 [INFO] ✅ Processed GWPH
2025-11-24 05:52:15,287 [INFO] ✅ Processed VFL
2025-11-24 05:52:15,300 [INFO] ✅ Processed AGR
2025-11-24 05:52:15,325 [INFO] ✅ Processed OIA
2025-11-24 05:52:15,330 [INFO] ✅ Processed MPA
2025-11-24 05:52:15,340 [INFO] ✅ Processed BP
2025-11-24 05:52:15,343 [INFO] ✅ Processed FAT
2025-11-24 05:52:15,346 [INFO] ✅ Processed AEM
2025-11-24 05:52:15,349 [INFO] ✅ Processed ECOW
2025-11-24 05:52:15,351 [INFO] ✅ Processed VLGEA
2025-11-24 05:52:15,356 [INFO] ✅ Processed TFII
2025-11-24 05:52:15,359 [INFO] ✅ Processed ARD
2025-11-24 05:52:15,379 [INFO] ✅ Processed HFXE
2025-11-24 05:52:15,383 [INFO] ✅ Processed DZK
2025-11-24 05:52:15,392 [INFO] ✅ Processed ADI
2025-11-24 05:52:15,399 [INFO] ✅ Processed TZOO
2025-11-24 05:52:15,403 [INFO] ✅ Processed VB
2025-11-24 05:52:15,403 [INFO] ✅ Processed F
2025-11-24 05:52:15,405 [INFO] ✅ Processed HOG
2025-11-24 05:52:15,408 [INFO] ✅ Processed SMMC
2025-11-24 05:52:15,411 [INFO] ✅ Processed DMB
2025-11-24 05:52:15,413 [INFO] ✅ Processed PJUN
2025-11-24 05:52:15,416 [INFO] ✅ Processed TAXF
2025-11-24 05:52:15,438 [INFO] ✅ Processed KOLD
2025-11-24 05:52:15,440 [INFO] ✅ Processed HMHC
2025-11-24 05:52:15,455 [INFO] ✅ Processed ADBE
2025-11-24 05:52:15,468 [INFO] ✅ Processed DEFA
2025-11-24 05:52:15,469 [INFO] ✅ Processed JAN
2025-11-24 05:52:15,474 [INFO] ✅ Processed MLNX
2025-11-24 05:52:15,487 [INFO] ✅ Processed CYTK
2025-11-24 05:52:15,538 [INFO] ✅ Processed LONE
2025-11-24 05:52:15,540 [INFO] ✅ Processed MFL
2025-11-24 05:52:15,551 [INFO] ✅ Processed WF
2025-11-24 05:52:15,641 [INFO] ✅ Processed SMLP
2025-11-24 05:52:15,650 [INFO] ✅ Processed SMMT
2025-11-24 05:52:15,653 [INFO] ✅ Processed VNRX
2025-11-24 05:52:15,659 [INFO] ✅ Processed CIL
2025-11-24 05:52:15,667 [INFO] ✅ Processed ZDGE
2025-11-24 05:52:15,684 [INFO] ✅ Processed OTEX
2025-11-24 05:52:15,723 [INFO] ✅ Processed FTEC
2025-11-24 05:52:15,829 [INFO] ✅ Processed THR
2025-11-24 05:52:15,862 [INFO] ✅ Processed DNN
2025-11-24 05:52:15,873 [INFO] ✅ Processed UN
2025-11-24 05:52:15,882 [INFO] ✅ Processed HDLB
2025-11-24 05:52:15,969 [INFO] ✅ Processed FXA
2025-11-24 05:52:15,973 [INFO] ✅ Processed CHH
2025-11-24 05:52:15,974 [INFO] ✅ Processed RIGL
2025-11-24 05:52:15,975 [INFO] ✅ Processed RESD
2025-11-24 05:52:15,980 [INFO] ✅ Processed VPV
2025-11-24 05:52:15,983 [INFO] ✅ Processed AMEH
2025-11-24 05:52:15,990 [INFO] ✅ Processed CLAR
2025-11-24 05:52:15,998 [INFO] ✅ Processed MJO
2025-11-24 05:52:16,021 [INFO] ✅ Processed NETE
2025-11-24 05:52:16,028 [INFO] ✅ Processed CNYA
2025-11-24 05:52:16,043 [INFO] ✅ Processed SCD
2025-11-24 05:52:16,046 [INFO] ✅ Processed BANX
2025-11-24 05:52:16,055 [INFO] ✅ Processed GURU
2025-11-24 05:52:16,075 [INFO] ✅ Processed INFU
2025-11-24 05:52:16,101 [INFO] ✅ Processed JMM
2025-11-24 05:52:16,124 [INFO] ✅ Processed GRTS
2025-11-24 05:52:16,130 [INFO] ✅ Processed ATHM
2025-11-24 05:52:16,134 [INFO] ✅ Processed CEO
2025-11-24 05:52:16,140 [INFO] ✅ Processed MBINP
2025-11-24 05:52:16,156 [INFO] ✅ Processed TDF
2025-11-24 05:52:16,185 [INFO] ✅ Processed SCS
2025-11-24 05:52:16,191 [INFO] ✅ Processed RYAAY
2025-11-24 05:52:16,196 [INFO] ✅ Processed VEON
2025-11-24 05:52:16,216 [INFO] ✅ Processed XRF
2025-11-24 05:52:16,220 [INFO] ✅ Processed HTZ
2025-11-24 05:52:16,233 [INFO] ✅ Processed CDK
2025-11-24 05:52:16,254 [INFO] ✅ Processed REPH
2025-11-24 05:52:16,273 [INFO] ✅ Processed SAL
2025-11-24 05:52:16,297 [INFO] ✅ Processed WTRG
2025-11-24 05:52:16,308 [INFO] ✅ Processed OFSSZ
2025-11-24 05:52:16,317 [INFO] ✅ Processed JOE
2025-11-24 05:52:16,344 [INFO] ✅ Processed PSTI
2025-11-24 05:52:16,345 [INFO] ✅ Processed MIC
2025-11-24 05:52:16,349 [INFO] ✅ Processed DCI
2025-11-24 05:52:16,360 [INFO] ✅ Processed TCOM
2025-11-24 05:52:16,379 [INFO] ✅ Processed DBL
2025-11-24 05:52:16,399 [INFO] ✅ Processed SAM
2025-11-24 05:52:16,406 [INFO] ✅ Processed STLD
2025-11-24 05:52:16,409 [INFO] ✅ Processed NURO
2025-11-24 05:52:16,414 [INFO] ✅ Processed OPB
2025-11-24 05:52:16,426 [INFO] ✅ Processed IUSB
2025-11-24 05:52:16,471 [INFO] ✅ Processed CEN
2025-11-24 05:52:16,492 [INFO] ✅ Processed TTMI
2025-11-24 05:52:16,499 [INFO] ✅ Processed SAVE
2025-11-24 05:52:16,505 [INFO] ✅ Processed SMCI
2025-11-24 05:52:16,505 [INFO] ✅ Processed LCUT
2025-11-24 05:52:16,529 [INFO] ✅ Processed MHF
2025-11-24 05:52:16,540 [INFO] ✅ Processed ACHV
2025-11-24 05:52:16,544 [INFO] ✅ Processed OSMT
2025-11-24 05:52:16,546 [INFO] ✅ Processed RESE
2025-11-24 05:52:16,564 [INFO] ✅ Processed MRIN
2025-11-24 05:52:16,565 [INFO] ✅ Processed CPRT
2025-11-24 05:52:16,574 [INFO] ✅ Processed CEY
2025-11-24 05:52:16,584 [INFO] ✅ Processed TDG
2025-11-24 05:52:16,591 [INFO] ✅ Processed TCMD
2025-11-24 05:52:16,602 [INFO] ✅ Processed SCOR
2025-11-24 05:52:16,611 [INFO] ✅ Processed BSQR
2025-11-24 05:52:16,621 [INFO] ✅ Processed GPAQ
2025-11-24 05:52:16,625 [INFO] ✅ Processed OSN
2025-11-24 05:52:16,630 [INFO] ✅ Processed CFB
2025-11-24 05:52:16,634 [INFO] ✅ Processed AMHCU
2025-11-24 05:52:16,644 [INFO] ✅ Processed SMMU
2025-11-24 05:52:16,660 [INFO] ✅ Processed VRAI
2025-11-24 05:52:16,669 [INFO] ✅ Processed XPO
2025-11-24 05:52:16,670 [INFO] ✅ Processed LQDT
2025-11-24 05:52:16,679 [INFO] ✅ Processed SMN
2025-11-24 05:52:16,681 [INFO] ✅ Processed THS
2025-11-24 05:52:16,683 [INFO] ✅ Processed KAMN
2025-11-24 05:52:16,685 [INFO] ✅ Processed VSL
2025-11-24 05:52:16,698 [INFO] ✅ Processed CNTG
2025-11-24 05:52:16,756 [INFO] ✅ Processed TFX
2025-11-24 05:52:16,759 [INFO] ✅ Processed VT
2025-11-24 05:52:16,761 [INFO] ✅ Processed ARR
2025-11-24 05:52:16,762 [INFO] ✅ Processed CHI
2025-11-24 05:52:16,764 [INFO] ✅ Processed APM
2025-11-24 05:52:16,776 [INFO] ✅ Processed LCAHU
2025-11-24 05:52:16,788 [INFO] ✅ Processed IPAC
2025-11-24 05:52:16,795 [INFO] ✅ Processed FORK
2025-11-24 05:52:16,795 [INFO] ✅ Processed TCBK
2025-11-24 05:52:16,814 [INFO] ✅ Processed TK
2025-11-24 05:52:16,824 [INFO] ✅ Processed CIM
2025-11-24 05:52:16,825 [INFO] ✅ Processed JAX
2025-11-24 05:52:16,841 [INFO] ✅ Processed QNST
2025-11-24 05:52:16,841 [INFO] ✅ Processed TCCO
2025-11-24 05:52:16,871 [INFO] ✅ Processed ULTA
2025-11-24 05:52:16,872 [INFO] ✅ Processed BVAL
2025-11-24 05:52:16,874 [INFO] ✅ Processed THD
2025-11-24 05:52:16,886 [INFO] ✅ Processed UNMA
2025-11-24 05:52:16,889 [INFO] ✅ Processed VRCA
2025-11-24 05:52:16,890 [INFO] ✅ Processed GLPI
2025-11-24 05:52:16,900 [INFO] ✅ Processed GILT
2025-11-24 05:52:16,906 [INFO] ✅ Processed MEDS
2025-11-24 05:52:16,914 [INFO] ✅ Processed CIZ
2025-11-24 05:52:16,920 [INFO] ✅ Processed MFM
2025-11-24 05:52:16,937 [INFO] ✅ Processed SMLF
2025-11-24 05:52:16,938 [INFO] ✅ Processed VC
2025-11-24 05:52:16,950 [INFO] ✅ Processed ASA
2025-11-24 05:52:16,952 [INFO] ✅ Processed FTC
2025-11-24 05:52:16,960 [INFO] ✅ Processed MGI
2025-11-24 05:52:16,974 [INFO] ✅ Processed JBT
2025-11-24 05:52:16,979 [INFO] ✅ Processed JCP
2025-11-24 05:52:16,998 [INFO] ✅ Processed MRGR
2025-11-24 05:52:17,001 [INFO] ✅ Processed ARE
2025-11-24 05:52:17,003 [INFO] ✅ Processed FSBW
2025-11-24 05:52:17,011 [INFO] ✅ Processed CYCC
2025-11-24 05:52:17,012 [INFO] ✅ Processed AGS
2025-11-24 05:52:17,013 [INFO] ✅ Processed DEACU
2025-11-24 05:52:17,030 [INFO] ✅ Processed VGI
2025-11-24 05:52:17,032 [INFO] ✅ Processed AQMS
2025-11-24 05:52:17,033 [INFO] ✅ Processed G
2025-11-24 05:52:17,038 [INFO] ✅ Processed THRM
2025-11-24 05:52:17,042 [INFO] ✅ Processed IBHE
2025-11-24 05:52:17,046 [INFO] ✅ Processed PASS
2025-11-24 05:52:17,051 [INFO] ✅ Processed BOXL
2025-11-24 05:52:17,088 [INFO] ✅ Processed NEON
2025-11-24 05:52:17,099 [INFO] ✅ Processed AEL
2025-11-24 05:52:17,103 [INFO] ✅ Processed HMY
2025-11-24 05:52:17,110 [INFO] ✅ Processed AGD
2025-11-24 05:52:17,112 [INFO] ✅ Processed VDE
2025-11-24 05:52:17,116 [INFO] ✅ Processed PDLB
2025-11-24 05:52:17,123 [INFO] ✅ Processed BSJO
2025-11-24 05:52:17,127 [INFO] ✅ Processed CIFS
2025-11-24 05:52:17,144 [INFO] ✅ Processed SYK
2025-11-24 05:52:17,145 [INFO] ✅ Processed ACRX
2025-11-24 05:52:17,163 [INFO] ✅ Processed CB
2025-11-24 05:52:17,171 [INFO] ✅ Processed DXB
2025-11-24 05:52:17,172 [INFO] ✅ Processed FAB
2025-11-24 05:52:17,176 [INFO] ✅ Processed FDUS
2025-11-24 05:52:17,187 [INFO] ✅ Processed OSUR
2025-11-24 05:52:17,193 [INFO] ✅ Processed OEC
2025-11-24 05:52:17,195 [INFO] ✅ Processed HCSG
2025-11-24 05:52:17,234 [INFO] ✅ Processed VEA
2025-11-24 05:52:17,240 [INFO] ✅ Processed AXGN
2025-11-24 05:52:17,242 [INFO] ✅ Processed HMN
2025-11-24 05:52:17,245 [INFO] ✅ Processed GNRC
2025-11-24 05:52:17,245 [INFO] ✅ Processed INSU
2025-11-24 05:52:17,248 [INFO] ✅ Processed TXMD
2025-11-24 05:52:17,253 [INFO] ✅ Processed MPW
2025-11-24 05:52:17,256 [INFO] ✅ Processed TFFP
2025-11-24 05:52:17,260 [INFO] ✅ Processed EMMF
2025-11-24 05:52:17,281 [INFO] ✅ Processed QRTEA
2025-11-24 05:52:17,307 [INFO] ✅ Processed RBCN
2025-11-24 05:52:17,307 [INFO] ✅ Processed DWM
2025-11-24 05:52:17,310 [INFO] ✅ Processed WTFC
2025-11-24 05:52:17,318 [INFO] ✅ Processed TSN
2025-11-24 05:52:17,318 [INFO] ✅ Processed FLR
2025-11-24 05:52:17,324 [INFO] ✅ Processed LM
2025-11-24 05:52:17,325 [INFO] ✅ Processed ESGV
2025-11-24 05:52:17,334 [INFO] ✅ Processed BDGE
2025-11-24 05:52:17,344 [INFO] ✅ Processed TOLZ
2025-11-24 05:52:17,345 [INFO] ✅ Processed LAZY
2025-11-24 05:52:17,347 [INFO] ✅ Processed NEAR
2025-11-24 05:52:17,349 [INFO] ✅ Processed GHIVU
2025-11-24 05:52:17,349 [INFO] ✅ Processed TPB
2025-11-24 05:52:17,349 [INFO] ✅ Processed STL
2025-11-24 05:52:17,356 [INFO] ✅ Processed DPHCU
2025-11-24 05:52:17,358 [INFO] ✅ Processed IECS
2025-11-24 05:52:17,359 [INFO] ✅ Processed GBDC
2025-11-24 05:52:17,369 [INFO] ✅ Processed ECCB
2025-11-24 05:52:17,374 [INFO] ✅ Processed DWCR
2025-11-24 05:52:17,380 [INFO] ✅ Processed AMPH
2025-11-24 05:52:17,383 [INFO] ✅ Processed HCR
2025-11-24 05:52:17,385 [INFO] ✅ Processed AIO
2025-11-24 05:52:17,390 [INFO] ✅ Processed NR
2025-11-24 05:52:17,391 [INFO] ✅ Processed AKG
2025-11-24 05:52:17,404 [INFO] ✅ Processed IBDQ
2025-11-24 05:52:17,420 [INFO] ✅ Processed BLES
2025-11-24 05:52:17,425 [INFO] ✅ Processed EEMO
2025-11-24 05:52:17,436 [INFO] ✅ Processed UXI
2025-11-24 05:52:17,448 [INFO] ✅ Processed IFRX
2025-11-24 05:52:17,459 [INFO] ✅ Processed SPMD
2025-11-24 05:52:17,462 [INFO] ✅ Processed TPOR
2025-11-24 05:52:17,471 [INFO] ✅ Processed FDUSZ
2025-11-24 05:52:17,473 [INFO] ✅ Processed UBCP
2025-11-24 05:52:17,475 [INFO] ✅ Processed ODP
2025-11-24 05:52:17,478 [INFO] ✅ Processed CHPMU
2025-11-24 05:52:17,483 [INFO] ✅ Processed NE
2025-11-24 05:52:17,502 [INFO] ✅ Processed PDT
2025-11-24 05:52:17,503 [INFO] ✅ Processed MXDU
2025-11-24 05:52:17,503 [INFO] ✅ Processed BXS
2025-11-24 05:52:17,506 [INFO] ✅ Processed TGLS
2025-11-24 05:52:17,520 [INFO] ✅ Processed EEMX
2025-11-24 05:52:17,524 [INFO] ✅ Processed UYM
2025-11-24 05:52:17,528 [INFO] ✅ Processed JHCS
2025-11-24 05:52:17,529 [INFO] ✅ Processed IIF
2025-11-24 05:52:17,538 [INFO] ✅ Processed AERI
2025-11-24 05:52:17,541 [INFO] ✅ Processed BRMK
2025-11-24 05:52:17,542 [INFO] ✅ Processed MOFG
2025-11-24 05:52:17,562 [INFO] ✅ Processed NSIT
2025-11-24 05:52:17,572 [INFO] ✅ Processed RARE
2025-11-24 05:52:17,590 [INFO] ✅ Processed FNCB
2025-11-24 05:52:17,599 [INFO] ✅ Processed PEP
2025-11-24 05:52:17,606 [INFO] ✅ Processed SNDX
2025-11-24 05:52:17,610 [INFO] ✅ Processed IMBI
2025-11-24 05:52:17,625 [INFO] ✅ Processed DAKT
2025-11-24 05:52:17,625 [INFO] ✅ Processed GGB
2025-11-24 05:52:17,638 [INFO] ✅ Processed ABTX
2025-11-24 05:52:17,662 [INFO] ✅ Processed IJJ
2025-11-24 05:52:17,662 [INFO] ✅ Processed GFF
2025-11-24 05:52:17,668 [INFO] ✅ Processed YUMA
2025-11-24 05:52:17,668 [INFO] ✅ Processed PGX
2025-11-24 05:52:17,675 [INFO] ✅ Processed UZA
2025-11-24 05:52:17,681 [INFO] ✅ Processed PEG
2025-11-24 05:52:17,682 [INFO] ✅ Processed ONCY
2025-11-24 05:52:17,684 [INFO] ✅ Processed SRTS
2025-11-24 05:52:17,689 [INFO] ✅ Processed CMSA
2025-11-24 05:52:17,691 [INFO] ✅ Processed FNOV
2025-11-24 05:52:17,719 [INFO] ✅ Processed NOW
2025-11-24 05:52:17,721 [INFO] ✅ Processed MCRO
2025-11-24 05:52:17,740 [INFO] ✅ Processed PJH
2025-11-24 05:52:17,748 [INFO] ✅ Processed EQM
2025-11-24 05:52:17,759 [INFO] ✅ Processed ANAT
2025-11-24 05:52:17,772 [INFO] ✅ Processed NFINU
2025-11-24 05:52:17,785 [INFO] ✅ Processed EPI
2025-11-24 05:52:17,790 [INFO] ✅ Processed DMRL
2025-11-24 05:52:17,791 [INFO] ✅ Processed GII
2025-11-24 05:52:17,804 [INFO] ✅ Processed GJR
2025-11-24 05:52:17,818 [INFO] ✅ Processed BBDO
2025-11-24 05:52:17,833 [INFO] ✅ Processed BTG
2025-11-24 05:52:17,833 [INFO] ✅ Processed CMRE
2025-11-24 05:52:17,843 [INFO] ✅ Processed COKE
2025-11-24 05:52:17,850 [INFO] ✅ Processed ERA
2025-11-24 05:52:17,851 [INFO] ✅ Processed TPAY
2025-11-24 05:52:17,857 [INFO] ✅ Processed NAK
2025-11-24 05:52:17,868 [INFO] ✅ Processed IGM
2025-11-24 05:52:17,871 [INFO] ✅ Processed BRBS
2025-11-24 05:52:17,872 [INFO] ✅ Processed RPD
2025-11-24 05:52:17,879 [INFO] ✅ Processed ALUS
2025-11-24 05:52:17,879 [INFO] ✅ Processed IDV
2025-11-24 05:52:17,888 [INFO] ✅ Processed IDA
2025-11-24 05:52:17,907 [INFO] ✅ Processed PID
2025-11-24 05:52:17,909 [INFO] ✅ Processed GHM
2025-11-24 05:52:17,914 [INFO] ✅ Processed XONE
2025-11-24 05:52:17,915 [INFO] ✅ Processed CADE
2025-11-24 05:52:17,927 [INFO] ✅ Processed EYPT
2025-11-24 05:52:17,941 [INFO] ✅ Processed PLNT
2025-11-24 05:52:17,942 [INFO] ✅ Processed GMLP
2025-11-24 05:52:17,954 [INFO] ✅ Processed USAS
2025-11-24 05:52:17,955 [INFO] ✅ Processed DMDV
2025-11-24 05:52:17,963 [INFO] ✅ Processed MJCO
2025-11-24 05:52:17,978 [INFO] ✅ Processed GCBC
2025-11-24 05:52:17,986 [INFO] ✅ Processed ARKQ
2025-11-24 05:52:17,989 [INFO] ✅ Processed FRHC
2025-11-24 05:52:17,997 [INFO] ✅ Processed QQQX
2025-11-24 05:52:18,002 [INFO] ✅ Processed APEX
2025-11-24 05:52:18,004 [INFO] ✅ Processed APPN
2025-11-24 05:52:18,018 [INFO] ✅ Processed EEH
2025-11-24 05:52:18,022 [INFO] ✅ Processed ESE
2025-11-24 05:52:18,031 [INFO] ✅ Processed MDLX
2025-11-24 05:52:18,036 [INFO] ✅ Processed RFI
2025-11-24 05:52:18,038 [INFO] ✅ Processed LOB
2025-11-24 05:52:18,038 [INFO] ✅ Processed ERUS
2025-11-24 05:52:18,042 [INFO] ✅ Processed PRQR
2025-11-24 05:52:18,045 [INFO] ✅ Processed LEVI
2025-11-24 05:52:18,065 [INFO] ✅ Processed FPRX
2025-11-24 05:52:18,065 [INFO] ✅ Processed NGHCZ
2025-11-24 05:52:18,070 [INFO] ✅ Processed ITUB
2025-11-24 05:52:18,070 [INFO] ✅ Processed TPVG
2025-11-24 05:52:18,078 [INFO] ✅ Processed OPRT
2025-11-24 05:52:18,079 [INFO] ✅ Processed GOAU
2025-11-24 05:52:18,088 [INFO] ✅ Processed ICVT
2025-11-24 05:52:18,099 [INFO] ✅ Processed SPUU
2025-11-24 05:52:18,100 [INFO] ✅ Processed UCC
2025-11-24 05:52:18,102 [INFO] ✅ Processed FBMS
2025-11-24 05:52:18,104 [INFO] ✅ Processed ARKF
2025-11-24 05:52:18,121 [INFO] ✅ Processed IVLU
2025-11-24 05:52:18,123 [INFO] ✅ Processed VJET
2025-11-24 05:52:18,130 [INFO] ✅ Processed UBP
2025-11-24 05:52:18,131 [INFO] ✅ Processed TPTX
2025-11-24 05:52:18,151 [INFO] ✅ Processed MASI
2025-11-24 05:52:18,151 [INFO] ✅ Processed USVM
2025-11-24 05:52:18,152 [INFO] ✅ Processed UBG
2025-11-24 05:52:18,161 [INFO] ✅ Processed BAF
2025-11-24 05:52:18,165 [INFO] ✅ Processed LLY
2025-11-24 05:52:18,172 [INFO] ✅ Processed ERYP
2025-11-24 05:52:18,173 [INFO] ✅ Processed ONVO
2025-11-24 05:52:18,185 [INFO] ✅ Processed LCA
2025-11-24 05:52:18,193 [INFO] ✅ Processed MCEF
2025-11-24 05:52:18,203 [INFO] ✅ Processed FLOT
2025-11-24 05:52:18,217 [INFO] ✅ Processed COPX
2025-11-24 05:52:18,222 [INFO] ✅ Processed SPXE
2025-11-24 05:52:18,227 [INFO] ✅ Processed TUFN
2025-11-24 05:52:18,236 [INFO] ✅ Processed BLV
2025-11-24 05:52:18,238 [INFO] ✅ Processed GMTA
2025-11-24 05:52:18,249 [INFO] ✅ Processed EGAN
2025-11-24 05:52:18,252 [INFO] ✅ Processed MSON
2025-11-24 05:52:18,269 [INFO] ✅ Processed IRL
2025-11-24 05:52:18,379 [INFO] ✅ Processed MSBI
2025-11-24 05:52:18,395 [INFO] ✅ Processed ALNY
2025-11-24 05:52:18,402 [INFO] ✅ Processed FISI
2025-11-24 05:52:18,403 [INFO] ✅ Processed BRZU
2025-11-24 05:52:18,404 [INFO] ✅ Processed GSP
2025-11-24 05:52:18,410 [INFO] ✅ Processed RIF
2025-11-24 05:52:18,420 [INFO] ✅ Processed PSJ
2025-11-24 05:52:18,435 [INFO] ✅ Processed BIOC
2025-11-24 05:52:18,450 [INFO] ✅ Processed EPAC
2025-11-24 05:52:18,463 [INFO] ✅ Processed HYUP
2025-11-24 05:52:18,474 [INFO] ✅ Processed PLTM
2025-11-24 05:52:18,486 [INFO] ✅ Processed FLNG
2025-11-24 05:52:18,502 [INFO] ✅ Processed BNKZ
2025-11-24 05:52:18,503 [INFO] ✅ Processed GPK
2025-11-24 05:52:18,525 [INFO] ✅ Processed UMH
2025-11-24 05:52:18,586 [INFO] ✅ Processed CORP
2025-11-24 05:52:18,587 [INFO] ✅ Processed WWD
2025-11-24 05:52:18,595 [INFO] ✅ Processed BME
2025-11-24 05:52:18,599 [INFO] ✅ Processed GSG
2025-11-24 05:52:18,605 [INFO] ✅ Processed COST
2025-11-24 05:52:18,608 [INFO] ✅ Processed SPYV
2025-11-24 05:52:18,616 [INFO] ✅ Processed BPYPP
2025-11-24 05:52:18,620 [INFO] ✅ Processed PPD
2025-11-24 05:52:18,624 [INFO] ✅ Processed GRC
2025-11-24 05:52:18,624 [INFO] ✅ Processed BOX
2025-11-24 05:52:18,640 [INFO] ✅ Processed BLRX
2025-11-24 05:52:18,643 [INFO] ✅ Processed FREQ
2025-11-24 05:52:18,688 [INFO] ✅ Processed KEP
2025-11-24 05:52:18,692 [INFO] ✅ Processed PNNT
2025-11-24 05:52:18,696 [INFO] ✅ Processed JMIA
2025-11-24 05:52:18,711 [INFO] ✅ Processed IFGL
2025-11-24 05:52:18,713 [INFO] ✅ Processed CORR
2025-11-24 05:52:18,751 [INFO] ✅ Processed GRA
2025-11-24 05:52:18,757 [INFO] ✅ Processed SNSS
2025-11-24 05:52:18,765 [INFO] ✅ Processed HKIB
2025-11-24 05:52:18,780 [INFO] ✅ Processed GABC
2025-11-24 05:52:18,786 [INFO] ✅ Processed BIMI
2025-11-24 05:52:18,792 [INFO] ✅ Processed VSEC
2025-11-24 05:52:18,804 [INFO] ✅ Processed BKTI
2025-11-24 05:52:18,805 [INFO] ✅ Processed GPI
2025-11-24 05:52:18,807 [INFO] ✅ Processed UNF
2025-11-24 05:52:18,813 [INFO] ✅ Processed BNKO
2025-11-24 05:52:18,813 [INFO] ✅ Processed FLMI
2025-11-24 05:52:18,817 [INFO] ✅ Processed FISK
2025-11-24 05:52:18,825 [INFO] ✅ Processed FLCB
2025-11-24 05:52:18,826 [INFO] ✅ Processed QMOM
2025-11-24 05:52:18,835 [INFO] ✅ Processed BNED
2025-11-24 05:52:18,842 [INFO] ✅ Processed HEDJ
2025-11-24 05:52:18,849 [INFO] ✅ Processed TECK
2025-11-24 05:52:18,853 [INFO] ✅ Processed OBLN
2025-11-24 05:52:18,864 [INFO] ✅ Processed EFF
2025-11-24 05:52:18,870 [INFO] ✅ Processed GSSC
2025-11-24 05:52:18,872 [INFO] ✅ Processed QCLN
2025-11-24 05:52:18,879 [INFO] ✅ Processed SYPR
2025-11-24 05:52:18,880 [INFO] ✅ Processed VCNX
2025-11-24 05:52:18,890 [INFO] ✅ Processed CORE
2025-11-24 05:52:18,893 [INFO] ✅ Processed NGHCO
2025-11-24 05:52:18,895 [INFO] ✅ Processed SPWH
2025-11-24 05:52:18,900 [INFO] ✅ Processed IVOL
2025-11-24 05:52:18,926 [INFO] ✅ Processed HYXU
2025-11-24 05:52:18,927 [INFO] ✅ Processed ALBO
2025-11-24 05:52:18,928 [INFO] ✅ Processed SPTS
2025-11-24 05:52:18,933 [INFO] ✅ Processed NWS
2025-11-24 05:52:18,935 [INFO] ✅ Processed REG
2025-11-24 05:52:18,936 [INFO] ✅ Processed PBUS
2025-11-24 05:52:18,943 [INFO] ✅ Processed KIQ
2025-11-24 05:52:18,945 [INFO] ✅ Processed RODE
2025-11-24 05:52:18,951 [INFO] ✅ Processed OPRA
2025-11-24 05:52:18,957 [INFO] ✅ Processed KURA
2025-11-24 05:52:18,959 [INFO] ✅ Processed ALAC
2025-11-24 05:52:18,961 [INFO] ✅ Processed LND
2025-11-24 05:52:18,966 [INFO] ✅ Processed GSST
2025-11-24 05:52:18,977 [INFO] ✅ Processed LSXMK
2025-11-24 05:52:18,996 [INFO] ✅ Processed BNDW
2025-11-24 05:52:19,000 [INFO] ✅ Processed AEHR
2025-11-24 05:52:19,016 [INFO] ✅ Processed MDLZ
2025-11-24 05:52:19,018 [INFO] ✅ Processed EDN
2025-11-24 05:52:19,024 [INFO] ✅ Processed NFIN
2025-11-24 05:52:19,025 [INFO] ✅ Processed XBIOW
2025-11-24 05:52:19,026 [INFO] ✅ Processed CASY
2025-11-24 05:52:19,032 [INFO] ✅ Processed JAGG
2025-11-24 05:52:19,034 [INFO] ✅ Processed UBR
2025-11-24 05:52:19,042 [INFO] ✅ Processed EQX
2025-11-24 05:52:19,049 [INFO] ✅ Processed LOW
2025-11-24 05:52:19,058 [INFO] ✅ Processed VOXX
2025-11-24 05:52:19,075 [INFO] ✅ Processed BBH
2025-11-24 05:52:19,077 [INFO] ✅ Processed ZIXI
2025-11-24 05:52:19,095 [INFO] ✅ Processed ERC
2025-11-24 05:52:19,099 [INFO] ✅ Processed BTE
2025-11-24 05:52:19,102 [INFO] ✅ Processed IDT
2025-11-24 05:52:19,111 [INFO] ✅ Processed ESG
2025-11-24 05:52:19,117 [INFO] ✅ Processed JHMM
2025-11-24 05:52:19,129 [INFO] ✅ Processed NCV
2025-11-24 05:52:19,130 [INFO] ✅ Processed YCL
2025-11-24 05:52:19,140 [INFO] ✅ Processed CHMA
2025-11-24 05:52:19,146 [INFO] ✅ Processed ISDX
2025-11-24 05:52:19,157 [INFO] ✅ Processed PHB
2025-11-24 05:52:19,161 [INFO] ✅ Processed RCEL
2025-11-24 05:52:19,164 [INFO] ✅ Processed WOW
2025-11-24 05:52:19,172 [INFO] ✅ Processed CMSC
2025-11-24 05:52:19,189 [INFO] ✅ Processed BKNG
2025-11-24 05:52:19,191 [INFO] ✅ Processed IOTS
2025-11-24 05:52:19,197 [INFO] ✅ Processed GJP
2025-11-24 05:52:19,202 [INFO] ✅ Processed NBR
2025-11-24 05:52:19,205 [INFO] ✅ Processed SPAR
2025-11-24 05:52:19,209 [INFO] ✅ Processed SIMS
2025-11-24 05:52:19,232 [INFO] ✅ Processed IEP
2025-11-24 05:52:19,251 [INFO] ✅ Processed GQRE
2025-11-24 05:52:19,254 [INFO] ✅ Processed DOGZ
2025-11-24 05:52:19,261 [INFO] ✅ Processed CHAU
2025-11-24 05:52:19,270 [INFO] ✅ Processed WLL
2025-11-24 05:52:19,272 [INFO] ✅ Processed TRVG
2025-11-24 05:52:19,283 [INFO] ✅ Processed WNS
2025-11-24 05:52:19,292 [INFO] ✅ Processed CTRE
2025-11-24 05:52:19,302 [INFO] ✅ Processed USLV
2025-11-24 05:52:19,303 [INFO] ✅ Processed PLAN
2025-11-24 05:52:19,304 [INFO] ✅ Processed UDOW
2025-11-24 05:52:19,316 [INFO] ✅ Processed NCA
2025-11-24 05:52:19,332 [INFO] ✅ Processed PGZ
2025-11-24 05:52:19,332 [INFO] ✅ Processed TRTX
2025-11-24 05:52:19,340 [INFO] ✅ Processed SBSI
2025-11-24 05:52:19,342 [INFO] ✅ Processed CMCTP
2025-11-24 05:52:19,350 [INFO] ✅ Processed ESP
2025-11-24 05:52:19,352 [INFO] ✅ Processed UZC
2025-11-24 05:52:19,362 [INFO] ✅ Processed VALE
2025-11-24 05:52:19,366 [INFO] ✅ Processed YUMC
2025-11-24 05:52:19,369 [INFO] ✅ Processed WCC
2025-11-24 05:52:19,383 [INFO] ✅ Processed PER
2025-11-24 05:52:19,398 [INFO] ✅ Processed PFI
2025-11-24 05:52:19,400 [INFO] ✅ Processed PLAY
2025-11-24 05:52:19,408 [INFO] ✅ Processed UVSP
2025-11-24 05:52:19,408 [INFO] ✅ Processed GMAB
2025-11-24 05:52:19,422 [INFO] ✅ Processed SPLB
2025-11-24 05:52:19,427 [INFO] ✅ Processed PBCTP
2025-11-24 05:52:19,444 [INFO] ✅ Processed IJH
2025-11-24 05:52:19,456 [INFO] ✅ Processed SGOC
2025-11-24 05:52:19,463 [INFO] ✅ Processed FIDU
2025-11-24 05:52:19,470 [INFO] ✅ Processed IID
2025-11-24 05:52:19,470 [INFO] ✅ Processed PGM
2025-11-24 05:52:19,472 [INFO] ✅ Processed ZBRA
2025-11-24 05:52:19,481 [INFO] ✅ Processed NLY
2025-11-24 05:52:19,505 [INFO] ✅ Processed FNX
2025-11-24 05:52:19,506 [INFO] ✅ Processed GDL
2025-11-24 05:52:19,518 [INFO] ✅ Processed LX
2025-11-24 05:52:19,532 [INFO] ✅ Processed JPED
2025-11-24 05:52:19,534 [INFO] ✅ Processed DUG
2025-11-24 05:52:19,535 [INFO] ✅ Processed CPZ
2025-11-24 05:52:19,538 [INFO] ✅ Processed OC
2025-11-24 05:52:19,543 [INFO] ✅ Processed GRAF
2025-11-24 05:52:19,552 [INFO] ✅ Processed IBDS
2025-11-24 05:52:19,553 [INFO] ✅ Processed EMMS
2025-11-24 05:52:19,561 [INFO] ✅ Processed CSA
2025-11-24 05:52:19,570 [INFO] ✅ Processed BTAL
2025-11-24 05:52:19,575 [INFO] ✅ Processed CYOU
2025-11-24 05:52:19,576 [INFO] ✅ Processed BOTZ
2025-11-24 05:52:19,583 [INFO] ✅ Processed IRBO
2025-11-24 05:52:19,585 [INFO] ✅ Processed HBT
2025-11-24 05:52:19,591 [INFO] ✅ Processed FQAL
2025-11-24 05:52:19,596 [INFO] ✅ Processed NG
2025-11-24 05:52:19,601 [INFO] ✅ Processed FMC
2025-11-24 05:52:19,604 [INFO] ✅ Processed GECC
2025-11-24 05:52:19,615 [INFO] ✅ Processed AIZ
2025-11-24 05:52:19,616 [INFO] ✅ Processed XWEB
2025-11-24 05:52:19,622 [INFO] ✅ Processed OGI
2025-11-24 05:52:19,628 [INFO] ✅ Processed DWX
2025-11-24 05:52:19,630 [INFO] ✅ Processed INSW
2025-11-24 05:52:19,644 [INFO] ✅ Processed PSCU
2025-11-24 05:52:19,645 [INFO] ✅ Processed GBDV
2025-11-24 05:52:19,647 [INFO] ✅ Processed QMN
2025-11-24 05:52:19,655 [INFO] ✅ Processed AMSF
2025-11-24 05:52:19,662 [INFO] ✅ Processed TACO
2025-11-24 05:52:19,691 [INFO] ✅ Processed LTBR
2025-11-24 05:52:19,698 [INFO] ✅ Processed XEL
2025-11-24 05:52:19,705 [INFO] ✅ Processed CSV
2025-11-24 05:52:19,706 [INFO] ✅ Processed NP
2025-11-24 05:52:19,708 [INFO] ✅ Processed AKR
2025-11-24 05:52:19,708 [INFO] ✅ Processed PDCO
2025-11-24 05:52:19,712 [INFO] ✅ Processed POPE
2025-11-24 05:52:19,723 [INFO] ✅ Processed BRPAU
2025-11-24 05:52:19,725 [INFO] ✅ Processed AZRX
2025-11-24 05:52:19,733 [INFO] ✅ Processed PHYL
2025-11-24 05:52:19,736 [INFO] ✅ Processed IBDD
2025-11-24 05:52:19,739 [INFO] ✅ Processed WDAY
2025-11-24 05:52:19,747 [INFO] ✅ Processed BSJM
2025-11-24 05:52:19,758 [INFO] ✅ Processed STN
2025-11-24 05:52:19,766 [INFO] ✅ Processed FTRI
2025-11-24 05:52:19,771 [INFO] ✅ Processed AIM
2025-11-24 05:52:19,778 [INFO] ✅ Processed OCSL
2025-11-24 05:52:19,787 [INFO] ✅ Processed AHCO
2025-11-24 05:52:19,795 [INFO] ✅ Processed CYBR
2025-11-24 05:52:19,809 [INFO] ✅ Processed AMRB
2025-11-24 05:52:19,821 [INFO] ✅ Processed FTSM
2025-11-24 05:52:19,826 [INFO] ✅ Processed AFB
2025-11-24 05:52:19,838 [INFO] ✅ Processed VEC
2025-11-24 05:52:19,848 [INFO] ✅ Processed AEY
2025-11-24 05:52:19,852 [INFO] ✅ Processed MESO
2025-11-24 05:52:19,855 [INFO] ✅ Processed CRSP
2025-11-24 05:52:19,856 [INFO] ✅ Processed HNW
2025-11-24 05:52:19,862 [INFO] ✅ Processed R
2025-11-24 05:52:19,863 [INFO] ✅ Processed MSN
2025-11-24 05:52:19,868 [INFO] ✅ Processed DIET
2025-11-24 05:52:19,891 [INFO] ✅ Processed EMAG
2025-11-24 05:52:19,892 [INFO] ✅ Processed ETON
2025-11-24 05:52:19,904 [INFO] ✅ Processed VET
2025-11-24 05:52:19,905 [INFO] ✅ Processed AGQ
2025-11-24 05:52:19,914 [INFO] ✅ Processed VGK
2025-11-24 05:52:19,950 [INFO] ✅ Processed SSPY
2025-11-24 05:52:19,953 [INFO] ✅ Processed VGLT
2025-11-24 05:52:19,964 [INFO] ✅ Processed MGIC
2025-11-24 05:52:19,970 [INFO] ✅ Processed RKDA
2025-11-24 05:52:19,974 [INFO] ✅ Processed QURE
2025-11-24 05:52:19,979 [INFO] ✅ Processed E
2025-11-24 05:52:19,980 [INFO] ✅ Processed CUTR
2025-11-24 05:52:19,983 [INFO] ✅ Processed TANH
2025-11-24 05:52:19,991 [INFO] ✅ Processed ACSI
2025-11-24 05:52:19,999 [INFO] ✅ Processed CW
2025-11-24 05:52:20,010 [INFO] ✅ Processed MFO
2025-11-24 05:52:20,013 [INFO] ✅ Processed ASC
2025-11-24 05:52:20,015 [INFO] ✅ Processed MPB
2025-11-24 05:52:20,018 [INFO] ✅ Processed ZEN
2025-11-24 05:52:20,024 [INFO] ✅ Processed LQDA
2025-11-24 05:52:20,034 [INFO] ✅ Processed MREO
2025-11-24 05:52:20,039 [INFO] ✅ Processed CYBE
2025-11-24 05:52:20,045 [INFO] ✅ Processed DBAW
2025-11-24 05:52:20,050 [INFO] ✅ Processed MET
2025-11-24 05:52:20,058 [INFO] ✅ Processed HYI
2025-11-24 05:52:20,060 [INFO] ✅ Processed FUE
2025-11-24 05:52:20,066 [INFO] ✅ Processed VNDA
2025-11-24 05:52:20,073 [INFO] ✅ Processed CERN
2025-11-24 05:52:20,078 [INFO] ✅ Processed MGK
2025-11-24 05:52:20,079 [INFO] ✅ Processed FTA
2025-11-24 05:52:20,090 [INFO] ✅ Processed APO
2025-11-24 05:52:20,091 [INFO] ✅ Processed HTGM
2025-11-24 05:52:20,101 [INFO] ✅ Processed NINE
2025-11-24 05:52:20,105 [INFO] ✅ Processed OTEL
2025-11-24 05:52:20,106 [INFO] ✅ Processed MEC
2025-11-24 05:52:20,110 [INFO] ✅ Processed THQ
2025-11-24 05:52:20,112 [INFO] ✅ Processed CIX
2025-11-24 05:52:20,114 [INFO] ✅ Processed ACES
2025-11-24 05:52:20,132 [INFO] ✅ Processed FTV
2025-11-24 05:52:20,153 [INFO] ✅ Processed VPU
2025-11-24 05:52:20,157 [INFO] ✅ Processed DLR
2025-11-24 05:52:20,168 [INFO] ✅ Processed CHK
2025-11-24 05:52:20,169 [INFO] ✅ Processed BJRI
2025-11-24 05:52:20,179 [INFO] ✅ Processed MDP
2025-11-24 05:52:20,181 [INFO] ✅ Processed JCE
2025-11-24 05:52:20,187 [INFO] ✅ Processed WVFC
2025-11-24 05:52:20,202 [INFO] ✅ Processed CIO
2025-11-24 05:52:20,216 [INFO] ✅ Processed TCBI
2025-11-24 05:52:20,224 [INFO] ✅ Processed SDIV
2025-11-24 05:52:20,227 [INFO] ✅ Processed STAA
2025-11-24 05:52:20,234 [INFO] ✅ Processed ACGL
2025-11-24 05:52:20,239 [INFO] ✅ Processed VV
2025-11-24 05:52:20,245 [INFO] ✅ Processed YTRA
2025-11-24 05:52:20,252 [INFO] ✅ Processed TDE
2025-11-24 05:52:20,266 [INFO] ✅ Processed PFBI
2025-11-24 05:52:20,280 [INFO] ✅ Processed YY
2025-11-24 05:52:20,282 [INFO] ✅ Processed XRAY
2025-11-24 05:52:20,282 [INFO] ✅ Processed BFIN
2025-11-24 05:52:20,289 [INFO] ✅ Processed FXB
2025-11-24 05:52:20,297 [INFO] ✅ Processed TCON
2025-11-24 05:52:20,306 [INFO] ✅ Processed VRNS
2025-11-24 05:52:20,313 [INFO] ✅ Processed ACHC
2025-11-24 05:52:20,321 [INFO] ✅ Processed TGI
2025-11-24 05:52:20,353 [INFO] ✅ Processed HTY
2025-11-24 05:52:20,355 [INFO] ✅ Processed INGR
2025-11-24 05:52:20,358 [INFO] ✅ Processed JBLU
2025-11-24 05:52:20,360 [INFO] ✅ Processed CRHM
2025-11-24 05:52:20,362 [INFO] ✅ Processed HCKT
2025-11-24 05:52:20,363 [INFO] ✅ Processed NUSI
2025-11-24 05:52:20,374 [INFO] ✅ Processed LAMR
2025-11-24 05:52:20,380 [INFO] ✅ Processed SBT
2025-11-24 05:52:20,391 [INFO] ✅ Processed CEL
2025-11-24 05:52:20,397 [INFO] ✅ Processed JOF
2025-11-24 05:52:20,404 [INFO] ✅ Processed DGRE
2025-11-24 05:52:20,433 [INFO] ✅ Processed EVOL
2025-11-24 05:52:20,435 [INFO] ✅ Processed RUTH
2025-11-24 05:52:20,448 [INFO] ✅ Processed FXU
2025-11-24 05:52:20,461 [INFO] ✅ Processed TAWK
2025-11-24 05:52:20,464 [INFO] ✅ Processed CEM
2025-11-24 05:52:20,472 [INFO] ✅ Processed PTSI
2025-11-24 05:52:20,480 [INFO] ✅ Processed TTNP
2025-11-24 05:52:20,480 [INFO] ✅ Processed STLG
2025-11-24 05:52:20,481 [INFO] ✅ Processed HTHT
2025-11-24 05:52:20,485 [INFO] ✅ Processed MHD
2025-11-24 05:52:20,493 [INFO] ✅ Processed TGH
2025-11-24 05:52:20,502 [INFO] ✅ Processed ESRT
2025-11-24 05:52:20,509 [INFO] ✅ Processed MHE
2025-11-24 05:52:20,511 [INFO] ✅ Processed NBRV
2025-11-24 05:52:20,514 [INFO] ✅ Processed PFLT
2025-11-24 05:52:20,516 [INFO] ✅ Processed WTRE
2025-11-24 05:52:20,520 [INFO] ✅ Processed IRTC
2025-11-24 05:52:20,529 [INFO] ✅ Processed DBO
2025-11-24 05:52:20,533 [INFO] ✅ Processed TDS
2025-11-24 05:52:20,537 [INFO] ✅ Processed NBSE
2025-11-24 05:52:20,539 [INFO] ✅ Processed CPSS
2025-11-24 05:52:20,549 [INFO] ✅ Processed SAN
2025-11-24 05:52:20,552 [INFO] ✅ Processed ATHX
2025-11-24 05:52:20,555 [INFO] ✅ Processed DGRS
2025-11-24 05:52:20,558 [INFO] ✅ Processed TECTP
2025-11-24 05:52:20,562 [INFO] ✅ Processed AQUA
2025-11-24 05:52:20,566 [INFO] ✅ Processed CLBK
2025-11-24 05:52:20,575 [INFO] ✅ Processed FXC
2025-11-24 05:52:20,581 [INFO] ✅ Processed MRKR
2025-11-24 05:52:20,584 [INFO] ✅ Processed DRIV
2025-11-24 05:52:20,590 [INFO] ✅ Processed HWC
2025-11-24 05:52:20,601 [INFO] ✅ Processed CFA
2025-11-24 05:52:20,610 [INFO] ✅ Processed XSW
2025-11-24 05:52:20,610 [INFO] ✅ Processed EDRY
2025-11-24 05:52:20,613 [INFO] ✅ Processed CEZ
2025-11-24 05:52:20,615 [INFO] ✅ Processed IUSV
2025-11-24 05:52:20,617 [INFO] ✅ Processed LDSF
2025-11-24 05:52:20,623 [INFO] ✅ Processed DBX
2025-11-24 05:52:20,642 [INFO] ✅ Processed XPL
2025-11-24 05:52:20,645 [INFO] ✅ Processed DAC
2025-11-24 05:52:20,646 [INFO] ✅ Processed GRUB
2025-11-24 05:52:20,652 [INFO] ✅ Processed STOK
2025-11-24 05:52:20,658 [INFO] ✅ Processed GRVY
2025-11-24 05:52:20,662 [INFO] ✅ Processed FAST
2025-11-24 05:52:20,663 [INFO] ✅ Processed QEMM
2025-11-24 05:52:20,670 [INFO] ✅ Processed MLAB
2025-11-24 05:52:20,671 [INFO] ✅ Processed FFWM
2025-11-24 05:52:20,684 [INFO] ✅ Processed XBIO
2025-11-24 05:52:20,690 [INFO] ✅ Processed OMEX
2025-11-24 05:52:20,691 [INFO] ✅ Processed SBB
2025-11-24 05:52:20,697 [INFO] ✅ Processed TTAI
2025-11-24 05:52:20,704 [INFO] ✅ Processed FSBC
2025-11-24 05:52:20,708 [INFO] ✅ Processed DLS
2025-11-24 05:52:20,721 [INFO] ✅ Processed WHLR
2025-11-24 05:52:20,742 [INFO] ✅ Processed ORI
2025-11-24 05:52:20,753 [INFO] ✅ Processed CUBI
2025-11-24 05:52:20,756 [INFO] ✅ Processed HOPE
2025-11-24 05:52:20,761 [INFO] ✅ Processed MIST
2025-11-24 05:52:20,766 [INFO] ✅ Processed SOR
2025-11-24 05:52:20,767 [INFO] ✅ Processed BOMN
2025-11-24 05:52:20,768 [INFO] ✅ Processed VECO
2025-11-24 05:52:20,779 [INFO] ✅ Processed SMMV
2025-11-24 05:52:20,796 [INFO] ✅ Processed SMM
2025-11-24 05:52:20,797 [INFO] ✅ Processed TH
2025-11-24 05:52:20,802 [INFO] ✅ Processed UL
2025-11-24 05:52:20,807 [INFO] ✅ Processed MEDP
2025-11-24 05:52:20,810 [INFO] ✅ Processed FOSL
2025-11-24 05:52:20,816 [INFO] ✅ Processed HWCPL
2025-11-24 05:52:20,817 [INFO] ✅ Processed FTDR
2025-11-24 05:52:20,821 [INFO] ✅ Processed DNL
2025-11-24 05:52:20,823 [INFO] ✅ Processed BXMT
2025-11-24 05:52:20,837 [INFO] ✅ Processed APY
2025-11-24 05:52:20,847 [INFO] ✅ Processed ACER
2025-11-24 05:52:20,854 [INFO] ✅ Processed WD
2025-11-24 05:52:20,860 [INFO] ✅ Processed SNV
2025-11-24 05:52:20,862 [INFO] ✅ Processed PJUL
2025-11-24 05:52:20,866 [INFO] ✅ Processed VPC
2025-11-24 05:52:20,876 [INFO] ✅ Processed MNTA
2025-11-24 05:52:20,894 [INFO] ✅ Processed THG
2025-11-24 05:52:20,898 [INFO] ✅ Processed TJX
2025-11-24 05:52:20,903 [INFO] ✅ Processed FUD
2025-11-24 05:52:20,905 [INFO] ✅ Processed MEET
2025-11-24 05:52:20,906 [INFO] ✅ Processed FCEL
2025-11-24 05:52:20,908 [INFO] ✅ Processed ASB
2025-11-24 05:52:20,920 [INFO] ✅ Processed TOCA
2025-11-24 05:52:20,935 [INFO] ✅ Processed MPC
2025-11-24 05:52:20,944 [INFO] ✅ Processed BR
2025-11-24 05:52:20,951 [INFO] ✅ Processed BAUG
2025-11-24 05:52:20,961 [INFO] ✅ Processed AFT
2025-11-24 05:52:20,969 [INFO] ✅ Processed ECLN
2025-11-24 05:52:20,975 [INFO] ✅ Processed JCS
2025-11-24 05:52:20,976 [INFO] ✅ Processed AI
2025-11-24 05:52:20,980 [INFO] ✅ Processed OXLCP
2025-11-24 05:52:20,983 [INFO] ✅ Processed PASG
2025-11-24 05:52:20,984 [INFO] ✅ Processed FBM
2025-11-24 05:52:20,986 [INFO] ✅ Processed SHEN
2025-11-24 05:52:20,989 [INFO] ✅ Processed AEO
2025-11-24 05:52:20,995 [INFO] ✅ Processed VEU
2025-11-24 05:52:21,002 [INFO] ✅ Processed SNA
2025-11-24 05:52:21,014 [INFO] ✅ Processed FTSL
2025-11-24 05:52:21,018 [INFO] ✅ Processed BSJL
2025-11-24 05:52:21,018 [INFO] ✅ Processed HXL
2025-11-24 05:52:21,018 [INFO] ✅ Processed SANW
2025-11-24 05:52:21,022 [INFO] ✅ Processed BE
2025-11-24 05:52:21,022 [INFO] ✅ Processed AFC
2025-11-24 05:52:21,031 [INFO] ✅ Processed BATT
2025-11-24 05:52:21,034 [INFO] ✅ Processed GENE
2025-11-24 05:52:21,035 [INFO] ✅ Processed HLI
2025-11-24 05:52:21,039 [INFO] ✅ Processed EXPCU
2025-11-24 05:52:21,046 [INFO] ✅ Processed ATRA
2025-11-24 05:52:21,052 [INFO] ✅ Processed ESGU
2025-11-24 05:52:21,062 [INFO] ✅ Processed FBZ
2025-11-24 05:52:21,070 [INFO] ✅ Processed AGG
2025-11-24 05:52:21,088 [INFO] ✅ Processed XIN
2025-11-24 05:52:21,089 [INFO] ✅ Processed MJ
2025-11-24 05:52:21,100 [INFO] ✅ Processed CWCO
2025-11-24 05:52:21,101 [INFO] ✅ Processed HBB
2025-11-24 05:52:21,103 [INFO] ✅ Processed CLUB
2025-11-24 05:52:21,104 [INFO] ✅ Processed D
2025-11-24 05:52:21,105 [INFO] ✅ Processed TRI
2025-11-24 05:52:21,111 [INFO] ✅ Processed SWT
2025-11-24 05:52:21,112 [INFO] ✅ Processed VIV
2025-11-24 05:52:21,115 [INFO] ✅ Processed STXB
2025-11-24 05:52:21,125 [INFO] ✅ Processed SONO
2025-11-24 05:52:21,142 [INFO] ✅ Processed PSCT
2025-11-24 05:52:21,144 [INFO] ✅ Processed AMRC
2025-11-24 05:52:21,151 [INFO] ✅ Processed LN
2025-11-24 05:52:21,155 [INFO] ✅ Processed AHH
2025-11-24 05:52:21,157 [INFO] ✅ Processed MRK
2025-11-24 05:52:21,162 [INFO] ✅ Processed QRTEB
2025-11-24 05:52:21,164 [INFO] ✅ Processed GNSS
2025-11-24 05:52:21,172 [INFO] ✅ Processed GRBK
2025-11-24 05:52:21,172 [INFO] ✅ Processed CPTAG
2025-11-24 05:52:21,176 [INFO] ✅ Processed IBDR
2025-11-24 05:52:21,200 [INFO] ✅ Processed LMNR
2025-11-24 05:52:21,204 [INFO] ✅ Processed FMB
2025-11-24 05:52:21,205 [INFO] ✅ Processed PSCC
2025-11-24 05:52:21,208 [INFO] ✅ Processed STX
2025-11-24 05:52:21,212 [INFO] ✅ Processed TSM
2025-11-24 05:52:21,224 [INFO] ✅ Processed PHUN
2025-11-24 05:52:21,245 [INFO] ✅ Processed CRS
2025-11-24 05:52:21,245 [INFO] ✅ Processed FNY
2025-11-24 05:52:21,246 [INFO] ✅ Processed PFXF
2025-11-24 05:52:21,247 [INFO] ✅ Processed VKI
2025-11-24 05:52:21,252 [INFO] ✅ Processed KRMD
2025-11-24 05:52:21,273 [INFO] ✅ Processed VIOV
2025-11-24 05:52:21,276 [INFO] ✅ Processed YORW
2025-11-24 05:52:21,279 [INFO] ✅ Processed SNDL
2025-11-24 05:52:21,282 [INFO] ✅ Processed KLDO
2025-11-24 05:52:21,294 [INFO] ✅ Processed IKNX
2025-11-24 05:52:21,300 [INFO] ✅ Processed PLBC
2025-11-24 05:52:21,301 [INFO] ✅ Processed OGIG
2025-11-24 05:52:21,306 [INFO] ✅ Processed TRTN
2025-11-24 05:52:21,307 [INFO] ✅ Processed VTWV
2025-11-24 05:52:21,308 [INFO] ✅ Processed SMTC
2025-11-24 05:52:21,313 [INFO] ✅ Processed FLZA
2025-11-24 05:52:21,316 [INFO] ✅ Processed ARPO
2025-11-24 05:52:21,323 [INFO] ✅ Processed BBJP
2025-11-24 05:52:21,326 [INFO] ✅ Processed BSET
2025-11-24 05:52:21,330 [INFO] ✅ Processed NOC
2025-11-24 05:52:21,331 [INFO] ✅ Processed UZB
2025-11-24 05:52:21,331 [INFO] ✅ Processed PFH
2025-11-24 05:52:21,334 [INFO] ✅ Processed TRTY
2025-11-24 05:52:21,335 [INFO] ✅ Processed DCPH
2025-11-24 05:52:21,345 [INFO] ✅ Processed PGRE
2025-11-24 05:52:21,350 [INFO] ✅ Processed ICLN
2025-11-24 05:52:21,355 [INFO] ✅ Processed CDTX
2025-11-24 05:52:21,363 [INFO] ✅ Processed BPTH
2025-11-24 05:52:21,372 [INFO] ✅ Processed EWSC
2025-11-24 05:52:21,376 [INFO] ✅ Processed MOHO
2025-11-24 05:52:21,380 [INFO] ✅ Processed BXP
2025-11-24 05:52:21,397 [INFO] ✅ Processed CODI
2025-11-24 05:52:21,405 [INFO] ✅ Processed PED
2025-11-24 05:52:21,409 [INFO] ✅ Processed ESQ
2025-11-24 05:52:21,436 [INFO] ✅ Processed VOOG
2025-11-24 05:52:21,446 [INFO] ✅ Processed IHRT
2025-11-24 05:52:21,448 [INFO] ✅ Processed BXG
2025-11-24 05:52:21,451 [INFO] ✅ Processed IMMR
2025-11-24 05:52:21,452 [INFO] ✅ Processed PKO
2025-11-24 05:52:21,455 [INFO] ✅ Processed IEF
2025-11-24 05:52:21,460 [INFO] ✅ Processed SILV
2025-11-24 05:52:21,462 [INFO] ✅ Processed PHT
2025-11-24 05:52:21,466 [INFO] ✅ Processed IMOM
2025-11-24 05:52:21,468 [INFO] ✅ Processed GATX
2025-11-24 05:52:21,470 [INFO] ✅ Processed BKLN
2025-11-24 05:52:21,471 [INFO] ✅ Processed CVEO
2025-11-24 05:52:21,479 [INFO] ✅ Processed HYMB
2025-11-24 05:52:21,483 [INFO] ✅ Processed JHML
2025-11-24 05:52:21,503 [INFO] ✅ Processed UVV
2025-11-24 05:52:21,507 [INFO] ✅ Processed GHY
2025-11-24 05:52:21,509 [INFO] ✅ Processed UTI
2025-11-24 05:52:21,517 [INFO] ✅ Processed RPG
2025-11-24 05:52:21,529 [INFO] ✅ Processed PKX
2025-11-24 05:52:21,531 [INFO] ✅ Processed USAP
2025-11-24 05:52:21,539 [INFO] ✅ Processed MHLA
2025-11-24 05:52:21,548 [INFO] ✅ Processed BECN
2025-11-24 05:52:21,551 [INFO] ✅ Processed SLRC
2025-11-24 05:52:21,554 [INFO] ✅ Processed EWJV
2025-11-24 05:52:21,554 [INFO] ✅ Processed ENSV
2025-11-24 05:52:21,555 [INFO] ✅ Processed LYL
2025-11-24 05:52:21,555 [INFO] ✅ Processed WBAI
2025-11-24 05:52:21,564 [INFO] ✅ Processed TBIO
2025-11-24 05:52:21,565 [INFO] ✅ Processed IGN
2025-11-24 05:52:21,582 [INFO] ✅ Processed NSEC
2025-11-24 05:52:21,584 [INFO] ✅ Processed BAR
2025-11-24 05:52:21,597 [INFO] ✅ Processed IDU
2025-11-24 05:52:21,598 [INFO] ✅ Processed BCM
2025-11-24 05:52:21,607 [INFO] ✅ Processed NWE
2025-11-24 05:52:21,611 [INFO] ✅ Processed KHC
2025-11-24 05:52:21,611 [INFO] ✅ Processed JSML
2025-11-24 05:52:21,620 [INFO] ✅ Processed UBS
2025-11-24 05:52:21,627 [INFO] ✅ Processed NGHCN
2025-11-24 05:52:21,630 [INFO] ✅ Processed QMCO
2025-11-24 05:52:21,636 [INFO] ✅ Processed RAIL
2025-11-24 05:52:21,643 [INFO] ✅ Processed CDNA
2025-11-24 05:52:21,643 [INFO] ✅ Processed BBI
2025-11-24 05:52:21,645 [INFO] ✅ Processed APRE
2025-11-24 05:52:21,655 [INFO] ✅ Processed DFVL
2025-11-24 05:52:21,661 [INFO] ✅ Processed LOV
2025-11-24 05:52:21,671 [INFO] ✅ Processed CDOR
2025-11-24 05:52:21,680 [INFO] ✅ Processed BURL
2025-11-24 05:52:21,685 [INFO] ✅ Processed SPVM
2025-11-24 05:52:21,688 [INFO] ✅ Processed SENS
2025-11-24 05:52:21,691 [INFO] ✅ Processed ARKR
2025-11-24 05:52:21,693 [INFO] ✅ Processed PWOD
2025-11-24 05:52:21,704 [INFO] ✅ Processed IPG
2025-11-24 05:52:21,713 [INFO] ✅ Processed EUSA
2025-11-24 05:52:21,725 [INFO] ✅ Processed CHWY
2025-11-24 05:52:21,730 [INFO] ✅ Processed EFG
2025-11-24 05:52:21,737 [INFO] ✅ Processed WERN
2025-11-24 05:52:21,737 [INFO] ✅ Processed PSI
2025-11-24 05:52:21,745 [INFO] ✅ Processed GSS
2025-11-24 05:52:21,750 [INFO] ✅ Processed NUM
2025-11-24 05:52:21,751 [INFO] ✅ Processed SNSR
2025-11-24 05:52:21,754 [INFO] ✅ Processed GOLF
2025-11-24 05:52:21,765 [INFO] ✅ Processed ROIC
2025-11-24 05:52:21,766 [INFO] ✅ Processed AIRG
2025-11-24 05:52:21,770 [INFO] ✅ Processed PPR
2025-11-24 05:52:21,774 [INFO] ✅ Processed SPYB
2025-11-24 05:52:21,779 [INFO] ✅ Processed RFCI
2025-11-24 05:52:21,791 [INFO] ✅ Processed BILL
2025-11-24 05:52:21,797 [INFO] ✅ Processed ALLE
2025-11-24 05:52:21,804 [INFO] ✅ Processed QDEF
2025-11-24 05:52:21,806 [INFO] ✅ Processed CDAY
2025-11-24 05:52:21,811 [INFO] ✅ Processed RJI
2025-11-24 05:52:21,817 [INFO] ✅ Processed ABBV
2025-11-24 05:52:21,823 [INFO] ✅ Processed DORM
2025-11-24 05:52:21,830 [INFO] ✅ Processed BLU
2025-11-24 05:52:21,831 [INFO] ✅ Processed SECT
2025-11-24 05:52:21,837 [INFO] ✅ Processed UNG
2025-11-24 05:52:21,838 [INFO] ✅ Processed FLOW
2025-11-24 05:52:21,841 [INFO] ✅ Processed TITN
2025-11-24 05:52:21,844 [INFO] ✅ Processed BNOV
2025-11-24 05:52:21,853 [INFO] ✅ Processed VXUS
2025-11-24 05:52:21,857 [INFO] ✅ Processed CDEV
2025-11-24 05:52:21,868 [INFO] ✅ Processed UNP
2025-11-24 05:52:21,870 [INFO] ✅ Processed ARAV
2025-11-24 05:52:21,871 [INFO] ✅ Processed NXJ
2025-11-24 05:52:21,880 [INFO] ✅ Processed NVAX
2025-11-24 05:52:21,881 [INFO] ✅ Processed PINC
2025-11-24 05:52:21,887 [INFO] ✅ Processed PWFL
2025-11-24 05:52:21,897 [INFO] ✅ Processed GMRE
2025-11-24 05:52:21,904 [INFO] ✅ Processed CSGS
2025-11-24 05:52:21,907 [INFO] ✅ Processed EMP
2025-11-24 05:52:21,911 [INFO] ✅ Processed COUP
2025-11-24 05:52:21,915 [INFO] ✅ Processed WPS
2025-11-24 05:52:21,918 [INFO] ✅ Processed SEED
2025-11-24 05:52:21,919 [INFO] ✅ Processed CHPM
2025-11-24 05:52:21,923 [INFO] ✅ Processed GUT
2025-11-24 05:52:21,930 [INFO] ✅ Processed FIVA
2025-11-24 05:52:21,939 [INFO] ✅ Processed ORSNU
2025-11-24 05:52:21,941 [INFO] ✅ Processed AGZD
2025-11-24 05:52:21,942 [INFO] ✅ Processed RLY
2025-11-24 05:52:21,959 [INFO] ✅ Processed UIS
2025-11-24 05:52:21,963 [INFO] ✅ Processed ELC
2025-11-24 05:52:21,968 [INFO] ✅ Processed MDGL
2025-11-24 05:52:21,972 [INFO] ✅ Processed ALFA
2025-11-24 05:52:21,973 [INFO] ✅ Processed LEE
2025-11-24 05:52:21,980 [INFO] ✅ Processed NTSX
2025-11-24 05:52:21,981 [INFO] ✅ Processed RVNU
2025-11-24 05:52:21,993 [INFO] ✅ Processed ROBT
2025-11-24 05:52:21,996 [INFO] ✅ Processed PXI
2025-11-24 05:52:22,002 [INFO] ✅ Processed FIYY
2025-11-24 05:52:22,006 [INFO] ✅ Processed ORCL
2025-11-24 05:52:22,006 [INFO] ✅ Processed IWD
2025-11-24 05:52:22,012 [INFO] ✅ Processed RCA
2025-11-24 05:52:22,015 [INFO] ✅ Processed ALGR
2025-11-24 05:52:22,020 [INFO] ✅ Processed IVW
2025-11-24 05:52:22,021 [INFO] ✅ Processed GDVD
2025-11-24 05:52:22,036 [INFO] ✅ Processed PYZ
2025-11-24 05:52:22,038 [INFO] ✅ Processed DCOM
2025-11-24 05:52:22,042 [INFO] ✅ Processed PZA
2025-11-24 05:52:22,049 [INFO] ✅ Processed ECL
2025-11-24 05:52:22,056 [INFO] ✅ Processed JVAL
2025-11-24 05:52:22,057 [INFO] ✅ Processed ORMP
2025-11-24 05:52:22,058 [INFO] ✅ Processed PLL
2025-11-24 05:52:22,059 [INFO] ✅ Processed BGB
2025-11-24 05:52:22,062 [INFO] ✅ Processed BDN
2025-11-24 05:52:22,070 [INFO] ✅ Processed EIGR
2025-11-24 05:52:22,079 [INFO] ✅ Processed USFD
2025-11-24 05:52:22,082 [INFO] ✅ Processed IWS
2025-11-24 05:52:22,086 [INFO] ✅ Processed EAD
2025-11-24 05:52:22,097 [INFO] ✅ Processed GLV
2025-11-24 05:52:22,102 [INFO] ✅ Processed YGYI
2025-11-24 05:52:22,108 [INFO] ✅ Processed RTH
2025-11-24 05:52:22,124 [INFO] ✅ Processed CHIX
2025-11-24 05:52:22,125 [INFO] ✅ Processed QADA
2025-11-24 05:52:22,135 [INFO] ✅ Processed EVM
2025-11-24 05:52:22,135 [INFO] ✅ Processed EWI
2025-11-24 05:52:22,139 [INFO] ✅ Processed IAI
2025-11-24 05:52:22,156 [INFO] ✅ Processed ZYME
2025-11-24 05:52:22,157 [INFO] ✅ Processed WEBS
2025-11-24 05:52:22,161 [INFO] ✅ Processed CABA
2025-11-24 05:52:22,176 [INFO] ✅ Processed NEP
2025-11-24 05:52:22,182 [INFO] ✅ Processed ALRS
2025-11-24 05:52:22,182 [INFO] ✅ Processed BRT
2025-11-24 05:52:22,188 [INFO] ✅ Processed EBAY
2025-11-24 05:52:22,194 [INFO] ✅ Processed BGSF
2025-11-24 05:52:22,194 [INFO] ✅ Processed CHKP
2025-11-24 05:52:22,200 [INFO] ✅ Processed PRNT
2025-11-24 05:52:22,204 [INFO] ✅ Processed ETR
2025-11-24 05:52:22,210 [INFO] ✅ Processed KXI
2025-11-24 05:52:22,213 [INFO] ✅ Processed BRC
2025-11-24 05:52:22,216 [INFO] ✅ Processed PIXY
2025-11-24 05:52:22,221 [INFO] ✅ Processed EWUS
2025-11-24 05:52:22,225 [INFO] ✅ Processed APLS
2025-11-24 05:52:22,296 [INFO] ✅ Processed GME
2025-11-24 05:52:22,299 [INFO] ✅ Processed SBUX
2025-11-24 05:52:22,301 [INFO] ✅ Processed EGPT
2025-11-24 05:52:22,304 [INFO] ✅ Processed VFMV
2025-11-24 05:52:22,306 [INFO] ✅ Processed MMYT
2025-11-24 05:52:22,311 [INFO] ✅ Processed NID
2025-11-24 05:52:22,319 [INFO] ✅ Processed WBIE
2025-11-24 05:52:22,325 [INFO] ✅ Processed SNAP
2025-11-24 05:52:22,328 [INFO] ✅ Processed PAK
2025-11-24 05:52:22,332 [INFO] ✅ Processed PENN
2025-11-24 05:52:22,334 [INFO] ✅ Processed GTIM
2025-11-24 05:52:22,335 [INFO] ✅ Processed PBP
2025-11-24 05:52:22,342 [INFO] ✅ Processed DALT
2025-11-24 05:52:22,343 [INFO] ✅ Processed RAVI
2025-11-24 05:52:22,344 [INFO] ✅ Processed KGRN
2025-11-24 05:52:22,362 [INFO] ✅ Processed NJAN
2025-11-24 05:52:22,366 [INFO] ✅ Processed EPRF
2025-11-24 05:52:22,370 [INFO] ✅ Processed FNDB
2025-11-24 05:52:22,379 [INFO] ✅ Processed KORP
2025-11-24 05:52:22,382 [INFO] ✅ Processed LPSN
2025-11-24 05:52:22,385 [INFO] ✅ Processed ARTW
2025-11-24 05:52:22,399 [INFO] ✅ Processed NNVC
2025-11-24 05:52:22,404 [INFO] ✅ Processed SMPL
2025-11-24 05:52:22,405 [INFO] ✅ Processed BLBD
2025-11-24 05:52:22,407 [INFO] ✅ Processed EMHY
2025-11-24 05:52:22,422 [INFO] ✅ Processed LMHB
2025-11-24 05:52:22,426 [INFO] ✅ Processed SIGA
2025-11-24 05:52:22,445 [INFO] ✅ Processed CTT
2025-11-24 05:52:22,446 [INFO] ✅ Processed AOK
2025-11-24 05:52:22,446 [INFO] ✅ Processed FHI
2025-11-24 05:52:22,476 [INFO] ✅ Processed AMT
2025-11-24 05:52:22,480 [INFO] ✅ Processed SOIL
2025-11-24 05:52:22,492 [INFO] ✅ Processed GRFS
2025-11-24 05:52:22,494 [INFO] ✅ Processed INTU
2025-11-24 05:52:22,509 [INFO] ✅ Processed SSL
2025-11-24 05:52:22,514 [INFO] ✅ Processed BSCS
2025-11-24 05:52:22,528 [INFO] ✅ Processed AMC
2025-11-24 05:52:22,536 [INFO] ✅ Processed QLTA
2025-11-24 05:52:22,555 [INFO] ✅ Processed IR
2025-11-24 05:52:22,558 [INFO] ✅ Processed FTXL
2025-11-24 05:52:22,571 [INFO] ✅ Processed DRR
2025-11-24 05:52:22,597 [INFO] ✅ Processed DPZ
2025-11-24 05:52:22,611 [INFO] ✅ Processed FVAL
2025-11-24 05:52:22,620 [INFO] ✅ Processed PAYC
2025-11-24 05:52:22,628 [INFO] ✅ Processed MNKD
2025-11-24 05:52:22,645 [INFO] ✅ Processed OOMA
2025-11-24 05:52:22,650 [INFO] ✅ Processed AMTD
2025-11-24 05:52:22,654 [INFO] ✅ Processed BJAN
2025-11-24 05:52:22,666 [INFO] ✅ Processed SAIC
2025-11-24 05:52:22,670 [INFO] ✅ Processed VAM
2025-11-24 05:52:22,686 [INFO] ✅ Processed LASR
2025-11-24 05:52:22,687 [INFO] ✅ Processed ALG
2025-11-24 05:52:22,695 [INFO] ✅ Processed JETS
2025-11-24 05:52:22,698 [INFO] ✅ Processed HA
2025-11-24 05:52:22,717 [INFO] ✅ Processed UBFO
2025-11-24 05:52:22,757 [INFO] ✅ Processed XLE
2025-11-24 05:52:22,780 [INFO] ✅ Processed ACH
2025-11-24 05:52:22,783 [INFO] ✅ Processed EQ
2025-11-24 05:52:22,796 [INFO] ✅ Processed CXW
2025-11-24 05:52:22,801 [INFO] ✅ Processed GLAD
2025-11-24 05:52:22,803 [INFO] ✅ Processed PTNR
2025-11-24 05:52:22,804 [INFO] ✅ Processed BSMX
2025-11-24 05:52:22,811 [INFO] ✅ Processed DRE
2025-11-24 05:52:22,812 [INFO] ✅ Processed VCR
2025-11-24 05:52:22,815 [INFO] ✅ Processed EASI
2025-11-24 05:52:22,821 [INFO] ✅ Processed DEUR
2025-11-24 05:52:22,821 [INFO] ✅ Processed KDMN
2025-11-24 05:52:22,823 [INFO] ✅ Processed XERS
2025-11-24 05:52:22,827 [INFO] ✅ Processed IBMM
2025-11-24 05:52:22,829 [INFO] ✅ Processed LCII
2025-11-24 05:52:22,832 [INFO] ✅ Processed SSUS
2025-11-24 05:52:22,840 [INFO] ✅ Processed BSMO
2025-11-24 05:52:22,846 [INFO] ✅ Processed FEN
2025-11-24 05:52:22,851 [INFO] ✅ Processed GLIBP
2025-11-24 05:52:22,870 [INFO] ✅ Processed VWOB
2025-11-24 05:52:22,878 [INFO] ✅ Processed MUH
2025-11-24 05:52:22,883 [INFO] ✅ Processed MTL
2025-11-24 05:52:22,885 [INFO] ✅ Processed DB
2025-11-24 05:52:22,887 [INFO] ✅ Processed MRUS
2025-11-24 05:52:22,896 [INFO] ✅ Processed CYD
2025-11-24 05:52:22,901 [INFO] ✅ Processed TMHC
2025-11-24 05:52:22,902 [INFO] ✅ Processed VEDL
2025-11-24 05:52:22,909 [INFO] ✅ Processed IGEB
2025-11-24 05:52:22,912 [INFO] ✅ Processed RILY
2025-11-24 05:52:22,920 [INFO] ✅ Processed AAXJ
2025-11-24 05:52:22,934 [INFO] ✅ Processed ATCO
2025-11-24 05:52:22,938 [INFO] ✅ Processed SMIN
2025-11-24 05:52:22,946 [INFO] ✅ Processed ADES
2025-11-24 05:52:22,965 [INFO] ✅ Processed ATV
2025-11-24 05:52:22,969 [INFO] ✅ Processed RINF
2025-11-24 05:52:22,970 [INFO] ✅ Processed CLR
2025-11-24 05:52:22,970 [INFO] ✅ Processed CHSCO
2025-11-24 05:52:22,977 [INFO] ✅ Processed STFC
2025-11-24 05:52:22,978 [INFO] ✅ Processed QQQ
2025-11-24 05:52:22,985 [INFO] ✅ Processed EQBK
2025-11-24 05:52:22,998 [INFO] ✅ Processed GNOM
2025-11-24 05:52:23,004 [INFO] ✅ Processed IIIN
2025-11-24 05:52:23,010 [INFO] ✅ Processed MNSB
2025-11-24 05:52:23,017 [INFO] ✅ Processed TLH
2025-11-24 05:52:23,020 [INFO] ✅ Processed HMNF
2025-11-24 05:52:23,023 [INFO] ✅ Processed FDEM
2025-11-24 05:52:23,026 [INFO] ✅ Processed ATCX
2025-11-24 05:52:23,028 [INFO] ✅ Processed GLTR
2025-11-24 05:52:23,052 [INFO] ✅ Processed MCR
2025-11-24 05:52:23,058 [INFO] ✅ Processed FPX
2025-11-24 05:52:23,059 [INFO] ✅ Processed QSY
2025-11-24 05:52:23,062 [INFO] ✅ Processed CYRN
2025-11-24 05:52:23,068 [INFO] ✅ Processed CMA
2025-11-24 05:52:23,074 [INFO] ✅ Processed IPGP
2025-11-24 05:52:23,075 [INFO] ✅ Processed FRG
2025-11-24 05:52:23,076 [INFO] ✅ Processed CNSP
2025-11-24 05:52:23,082 [INFO] ✅ Processed PFGC
2025-11-24 05:52:23,092 [INFO] ✅ Processed VIPS
2025-11-24 05:52:23,098 [INFO] ✅ Processed OXM
2025-11-24 05:52:23,099 [INFO] ✅ Processed BSTZ
2025-11-24 05:52:23,103 [INFO] ✅ Processed SDOG
2025-11-24 05:52:23,106 [INFO] ✅ Processed MGTX
2025-11-24 05:52:23,109 [INFO] ✅ Processed IBTX
2025-11-24 05:52:23,123 [INFO] ✅ Processed PXLW
2025-11-24 05:52:23,124 [INFO] ✅ Processed TBT
2025-11-24 05:52:23,129 [INFO] ✅ Processed MIXT
2025-11-24 05:52:23,133 [INFO] ✅ Processed GNAF
2025-11-24 05:52:23,136 [INFO] ✅ Processed SFM
2025-11-24 05:52:23,138 [INFO] ✅ Processed OVF
2025-11-24 05:52:23,142 [INFO] ✅ Processed SCHE
2025-11-24 05:52:23,148 [INFO] ✅ Processed DGS
2025-11-24 05:52:23,156 [INFO] ✅ Processed GBUY
2025-11-24 05:52:23,161 [INFO] ✅ Processed NEPH
2025-11-24 05:52:23,169 [INFO] ✅ Processed LVHB
2025-11-24 05:52:23,173 [INFO] ✅ Processed AXU
2025-11-24 05:52:23,174 [INFO] ✅ Processed TBC
2025-11-24 05:52:23,176 [INFO] ✅ Processed TCP
2025-11-24 05:52:23,181 [INFO] ✅ Processed CLFD
2025-11-24 05:52:23,182 [INFO] ✅ Processed SHYG
2025-11-24 05:52:23,189 [INFO] ✅ Processed DUKH
2025-11-24 05:52:23,190 [INFO] ✅ Processed WANT
2025-11-24 05:52:23,193 [INFO] ✅ Processed STKS
2025-11-24 05:52:23,196 [INFO] ✅ Processed PG
2025-11-24 05:52:23,200 [INFO] ✅ Processed TSLX
2025-11-24 05:52:23,213 [INFO] ✅ Processed CCJ
2025-11-24 05:52:23,217 [INFO] ✅ Processed SCHR
2025-11-24 05:52:23,223 [INFO] ✅ Processed SMEZ
2025-11-24 05:52:23,235 [INFO] ✅ Processed VXX
2025-11-24 05:52:23,242 [INFO] ✅ Processed CROX
2025-11-24 05:52:23,252 [INFO] ✅ Processed FAUS
2025-11-24 05:52:23,255 [INFO] ✅ Processed JKH
2025-11-24 05:52:23,264 [INFO] ✅ Processed ECPG
2025-11-24 05:52:23,266 [INFO] ✅ Processed POCT
2025-11-24 05:52:23,270 [INFO] ✅ Processed IPHI
2025-11-24 05:52:23,271 [INFO] ✅ Processed CIZN
2025-11-24 05:52:23,283 [INFO] ✅ Processed VRIG
2025-11-24 05:52:23,284 [INFO] ✅ Processed ASHX
2025-11-24 05:52:23,291 [INFO] ✅ Processed TARA
2025-11-24 05:52:23,292 [INFO] ✅ Processed TMDV
2025-11-24 05:52:23,302 [INFO] ✅ Processed JKI
2025-11-24 05:52:23,329 [INFO] ✅ Processed TBB
2025-11-24 05:52:23,333 [INFO] ✅ Processed LTRX
2025-11-24 05:52:23,336 [INFO] ✅ Processed JHS
2025-11-24 05:52:23,343 [INFO] ✅ Processed STIM
2025-11-24 05:52:23,344 [INFO] ✅ Processed IIGD
2025-11-24 05:52:23,352 [INFO] ✅ Processed DENN
2025-11-24 05:52:23,354 [INFO] ✅ Processed SDD
2025-11-24 05:52:23,356 [INFO] ✅ Processed CAC
2025-11-24 05:52:23,369 [INFO] ✅ Processed YANG
2025-11-24 05:52:23,371 [INFO] ✅ Processed CRON
2025-11-24 05:52:23,372 [INFO] ✅ Processed TCF
2025-11-24 05:52:23,378 [INFO] ✅ Processed UPLD
2025-11-24 05:52:23,380 [INFO] ✅ Processed ESTE
2025-11-24 05:52:23,387 [INFO] ✅ Processed AVUV
2025-11-24 05:52:23,390 [INFO] ✅ Processed RNDB
2025-11-24 05:52:23,395 [INFO] ✅ Processed KODK
2025-11-24 05:52:23,396 [INFO] ✅ Processed HRI
2025-11-24 05:52:23,401 [INFO] ✅ Processed SFL
2025-11-24 05:52:23,402 [INFO] ✅ Processed JJM
2025-11-24 05:52:23,406 [INFO] ✅ Processed SCHD
2025-11-24 05:52:23,411 [INFO] ✅ Processed MMX
2025-11-24 05:52:23,426 [INFO] ✅ Processed NESR
2025-11-24 05:52:23,441 [INFO] ✅ Processed AVTR
2025-11-24 05:52:23,445 [INFO] ✅ Processed NERV
2025-11-24 05:52:23,451 [INFO] ✅ Processed GLYC
2025-11-24 05:52:23,466 [INFO] ✅ Processed ATOM
2025-11-24 05:52:23,471 [INFO] ✅ Processed SGH
2025-11-24 05:52:23,477 [INFO] ✅ Processed TAN
2025-11-24 05:52:23,478 [INFO] ✅ Processed RWED
2025-11-24 05:52:23,482 [INFO] ✅ Processed SIC
2025-11-24 05:52:23,482 [INFO] ✅ Processed DEM
2025-11-24 05:52:23,505 [INFO] ✅ Processed ATNI
2025-11-24 05:52:23,517 [INFO] ✅ Processed SDS
2025-11-24 05:52:23,526 [INFO] ✅ Processed BPOPM
2025-11-24 05:52:23,532 [INFO] ✅ Processed VEGA
2025-11-24 05:52:23,541 [INFO] ✅ Processed FCAU
2025-11-24 05:52:23,542 [INFO] ✅ Processed FMNB
2025-11-24 05:52:23,552 [INFO] ✅ Processed ODFL
2025-11-24 05:52:23,556 [INFO] ✅ Processed TNA
2025-11-24 05:52:23,558 [INFO] ✅ Processed CCK
2025-11-24 05:52:23,566 [INFO] ✅ Processed CAT
2025-11-24 05:52:23,570 [INFO] ✅ Processed RIOT
2025-11-24 05:52:23,574 [INFO] ✅ Processed HCCO
2025-11-24 05:52:23,582 [INFO] ✅ Processed FSB
2025-11-24 05:52:23,597 [INFO] ✅ Processed AHPI
2025-11-24 05:52:23,598 [INFO] ✅ Processed CHSCN
2025-11-24 05:52:23,613 [INFO] ✅ Processed BHFAL
2025-11-24 05:52:23,614 [INFO] ✅ Processed SHG
2025-11-24 05:52:23,622 [INFO] ✅ Processed RY
2025-11-24 05:52:23,634 [INFO] ✅ Processed RING
2025-11-24 05:52:23,643 [INFO] ✅ Processed TLI
2025-11-24 05:52:23,645 [INFO] ✅ Processed PAAS
2025-11-24 05:52:23,649 [INFO] ✅ Processed MCS
2025-11-24 05:52:23,665 [INFO] ✅ Processed AVH
2025-11-24 05:52:23,665 [INFO] ✅ Processed DIN
2025-11-24 05:52:23,677 [INFO] ✅ Processed SLMBP
2025-11-24 05:52:23,685 [INFO] ✅ Processed FSEA
2025-11-24 05:52:23,694 [INFO] ✅ Processed HCAP
2025-11-24 05:52:23,705 [INFO] ✅ Processed CLS
2025-11-24 05:52:23,708 [INFO] ✅ Processed MUST
2025-11-24 05:52:23,713 [INFO] ✅ Processed CYRX
2025-11-24 05:52:23,715 [INFO] ✅ Processed RGCO
2025-11-24 05:52:23,718 [INFO] ✅ Processed BSMN
2025-11-24 05:52:23,721 [INFO] ✅ Processed IBML
2025-11-24 05:52:23,735 [INFO] ✅ Processed VVR
2025-11-24 05:52:23,745 [INFO] ✅ Processed THBR
2025-11-24 05:52:23,750 [INFO] ✅ Processed MUI
2025-11-24 05:52:23,760 [INFO] ✅ Processed JPT
2025-11-24 05:52:23,775 [INFO] ✅ Processed FDRR
2025-11-24 05:52:23,777 [INFO] ✅ Processed FEX
2025-11-24 05:52:23,782 [INFO] ✅ Processed MNST
2025-11-24 05:52:23,791 [INFO] ✅ Processed ACWF
2025-11-24 05:52:23,793 [INFO] ✅ Processed FFC
2025-11-24 05:52:23,801 [INFO] ✅ Processed MCD
2025-11-24 05:52:23,802 [INFO] ✅ Processed GO
2025-11-24 05:52:23,804 [INFO] ✅ Processed DEUS
2025-11-24 05:52:23,805 [INFO] ✅ Processed PAVM
2025-11-24 05:52:23,808 [INFO] ✅ Processed CEVA
2025-11-24 05:52:23,809 [INFO] ✅ Processed WVVI
2025-11-24 05:52:23,811 [INFO] ✅ Processed DIAL
2025-11-24 05:52:23,815 [INFO] ✅ Processed DT
2025-11-24 05:52:23,816 [INFO] ✅ Processed VRRM
2025-11-24 05:52:23,816 [INFO] ✅ Processed QDF
2025-11-24 05:52:23,824 [INFO] ✅ Processed AMZN
2025-11-24 05:52:23,828 [INFO] ✅ Processed THCA
2025-11-24 05:52:23,835 [INFO] ✅ Processed DGLD
2025-11-24 05:52:23,856 [INFO] ✅ Processed FEO
2025-11-24 05:52:23,862 [INFO] ✅ Processed JPC
2025-11-24 05:52:23,872 [INFO] ✅ Processed MWA
2025-11-24 05:52:23,880 [INFO] ✅ Processed IRIX
2025-11-24 05:52:23,888 [INFO] ✅ Processed LFVN
2025-11-24 05:52:23,901 [INFO] ✅ Processed PCOM
2025-11-24 05:52:23,922 [INFO] ✅ Processed FITBI
2025-11-24 05:52:23,926 [INFO] ✅ Processed CRVL
2025-11-24 05:52:23,938 [INFO] ✅ Processed ABM
2025-11-24 05:52:23,945 [INFO] ✅ Processed NRGZ
2025-11-24 05:52:23,969 [INFO] ✅ Processed ASRV
2025-11-24 05:52:23,971 [INFO] ✅ Processed HDS
2025-11-24 05:52:23,976 [INFO] ✅ Processed VAL
2025-11-24 05:52:23,982 [INFO] ✅ Processed ESLT
2025-11-24 05:52:23,990 [INFO] ✅ Processed MTZ
2025-11-24 05:52:23,992 [INFO] ✅ Processed SOJA
2025-11-24 05:52:23,996 [INFO] ✅ Processed HFFG
2025-11-24 05:52:23,998 [INFO] ✅ Processed INTC
2025-11-24 05:52:24,004 [INFO] ✅ Processed BSCR
2025-11-24 05:52:24,009 [INFO] ✅ Processed AZUL
2025-11-24 05:52:24,011 [INFO] ✅ Processed HGH
2025-11-24 05:52:24,017 [INFO] ✅ Processed MYJ
2025-11-24 05:52:24,020 [INFO] ✅ Processed DINT
2025-11-24 05:52:24,021 [INFO] ✅ Processed ANY
2025-11-24 05:52:24,031 [INFO] ✅ Processed CLSD
2025-11-24 05:52:24,033 [INFO] ✅ Processed IBCP
2025-11-24 05:52:24,035 [INFO] ✅ Processed HONE
2025-11-24 05:52:24,045 [INFO] ✅ Processed CTB
2025-11-24 05:52:24,057 [INFO] ✅ Processed DRD
2025-11-24 05:52:24,060 [INFO] ✅ Processed MEXX
2025-11-24 05:52:24,065 [INFO] ✅ Processed SFBC
2025-11-24 05:52:24,070 [INFO] ✅ Processed BSCE
2025-11-24 05:52:24,075 [INFO] ✅ Processed KL
2025-11-24 05:52:24,085 [INFO] ✅ Processed BTEC
2025-11-24 05:52:24,100 [INFO] ✅ Processed SAFM
2025-11-24 05:52:24,106 [INFO] ✅ Processed INTT
2025-11-24 05:52:24,107 [INFO] ✅ Processed KOPN
2025-11-24 05:52:24,113 [INFO] ✅ Processed AMU
2025-11-24 05:52:24,115 [INFO] ✅ Processed DSSI
2025-11-24 05:52:24,117 [INFO] ✅ Processed PTCT
2025-11-24 05:52:24,121 [INFO] ✅ Processed APLE
2025-11-24 05:52:24,121 [INFO] ✅ Processed SRI
2025-11-24 05:52:24,124 [INFO] ✅ Processed PDFS
2025-11-24 05:52:24,129 [INFO] ✅ Processed BPRN
2025-11-24 05:52:24,136 [INFO] ✅ Processed PROF
2025-11-24 05:52:24,140 [INFO] ✅ Processed PPTY
2025-11-24 05:52:24,141 [INFO] ✅ Processed RZB
2025-11-24 05:52:24,157 [INFO] ✅ Processed PRNB
2025-11-24 05:52:24,157 [INFO] ✅ Processed VMO
2025-11-24 05:52:24,159 [INFO] ✅ Processed FNDC
2025-11-24 05:52:24,164 [INFO] ✅ Processed KBLM
2025-11-24 05:52:24,164 [INFO] ✅ Processed TPHD
2025-11-24 05:52:24,181 [INFO] ✅ Processed PBF
2025-11-24 05:52:24,189 [INFO] ✅ Processed FNGO
2025-11-24 05:52:24,193 [INFO] ✅ Processed SRRA
2025-11-24 05:52:24,195 [INFO] ✅ Processed LUNA
2025-11-24 05:52:24,198 [INFO] ✅ Processed EXG
2025-11-24 05:52:24,201 [INFO] ✅ Processed PCB
2025-11-24 05:52:24,203 [INFO] ✅ Processed DOCU
2025-11-24 05:52:24,205 [INFO] ✅ Processed USHY
2025-11-24 05:52:24,217 [INFO] ✅ Processed LKFN
2025-11-24 05:52:24,219 [INFO] ✅ Processed FIBR
2025-11-24 05:52:24,220 [INFO] ✅ Processed NIE
2025-11-24 05:52:24,223 [INFO] ✅ Processed UTMD
2025-11-24 05:52:24,227 [INFO] ✅ Processed TPHS
2025-11-24 05:52:24,228 [INFO] ✅ Processed GHYG
2025-11-24 05:52:24,235 [INFO] ✅ Processed HEWL
2025-11-24 05:52:24,240 [INFO] ✅ Processed LEJU
2025-11-24 05:52:24,242 [INFO] ✅ Processed LSI
2025-11-24 05:52:24,251 [INFO] ✅ Processed EUMV
2025-11-24 05:52:24,256 [INFO] ✅ Processed BOKFL
2025-11-24 05:52:24,257 [INFO] ✅ Processed RYN
2025-11-24 05:52:24,263 [INFO] ✅ Processed UMAR
2025-11-24 05:52:24,263 [INFO] ✅ Processed NHA
2025-11-24 05:52:24,277 [INFO] ✅ Processed BKEP
2025-11-24 05:52:24,278 [INFO] ✅ Processed VSTM
2025-11-24 05:52:24,286 [INFO] ✅ Processed WES
2025-11-24 05:52:24,294 [INFO] ✅ Processed NTEC
2025-11-24 05:52:24,297 [INFO] ✅ Processed AIMT
2025-11-24 05:52:24,305 [INFO] ✅ Processed EXP
2025-11-24 05:52:24,312 [INFO] ✅ Processed ING
2025-11-24 05:52:24,316 [INFO] ✅ Processed OPBK
2025-11-24 05:52:24,319 [INFO] ✅ Processed NFJ
2025-11-24 05:52:24,320 [INFO] ✅ Processed DTYL
2025-11-24 05:52:24,322 [INFO] ✅ Processed USFR
2025-11-24 05:52:24,326 [INFO] ✅ Processed COLD
2025-11-24 05:52:24,327 [INFO] ✅ Processed QDYN
2025-11-24 05:52:24,329 [INFO] ✅ Processed SPDN
2025-11-24 05:52:24,330 [INFO] ✅ Processed TDACU
2025-11-24 05:52:24,340 [INFO] ✅ Processed NXST
2025-11-24 05:52:24,344 [INFO] ✅ Processed LEGR
2025-11-24 05:52:24,346 [INFO] ✅ Processed GMS
2025-11-24 05:52:24,348 [INFO] ✅ Processed GCO
2025-11-24 05:52:24,358 [INFO] ✅ Processed CRSAU
2025-11-24 05:52:24,363 [INFO] ✅ Processed SPFF
2025-11-24 05:52:24,373 [INFO] ✅ Processed IBD
2025-11-24 05:52:24,375 [INFO] ✅ Processed TGEN
2025-11-24 05:52:24,380 [INFO] ✅ Processed AIMC
2025-11-24 05:52:24,392 [INFO] ✅ Processed IOSP
2025-11-24 05:52:24,399 [INFO] ✅ Processed XXII
2025-11-24 05:52:24,403 [INFO] ✅ Processed CFFN
2025-11-24 05:52:24,404 [INFO] ✅ Processed EWH
2025-11-24 05:52:24,421 [INFO] ✅ Processed ISTR
2025-11-24 05:52:24,425 [INFO] ✅ Processed GOL
2025-11-24 05:52:24,427 [INFO] ✅ Processed PLM
2025-11-24 05:52:24,430 [INFO] ✅ Processed HIMX
2025-11-24 05:52:24,436 [INFO] ✅ Processed GLW
2025-11-24 05:52:24,437 [INFO] ✅ Processed SBOW
2025-11-24 05:52:24,450 [INFO] ✅ Processed PNR
2025-11-24 05:52:24,456 [INFO] ✅ Processed EAE
2025-11-24 05:52:24,458 [INFO] ✅ Processed RWR
2025-11-24 05:52:24,463 [INFO] ✅ Processed RVNC
2025-11-24 05:52:24,475 [INFO] ✅ Processed WIP
2025-11-24 05:52:24,491 [INFO] ✅ Processed IWR
2025-11-24 05:52:24,498 [INFO] ✅ Processed CMBM
2025-11-24 05:52:24,509 [INFO] ✅ Processed AWRE
2025-11-24 05:52:24,514 [INFO] ✅ Processed SPRT
2025-11-24 05:52:24,515 [INFO] ✅ Processed NRO
2025-11-24 05:52:24,518 [INFO] ✅ Processed FLEE
2025-11-24 05:52:24,548 [INFO] ✅ Processed ITI
2025-11-24 05:52:24,554 [INFO] ✅ Processed USPH
2025-11-24 05:52:24,562 [INFO] ✅ Processed TRIB
2025-11-24 05:52:24,563 [INFO] ✅ Processed KMI
2025-11-24 05:52:24,564 [INFO] ✅ Processed KGJI
2025-11-24 05:52:24,564 [INFO] ✅ Processed EWMC
2025-11-24 05:52:24,574 [INFO] ✅ Processed SUMR
2025-11-24 05:52:24,577 [INFO] ✅ Processed KBWP
2025-11-24 05:52:24,578 [INFO] ✅ Processed PAVMW
2025-11-24 05:52:24,578 [INFO] ✅ Processed GOODM
2025-11-24 05:52:24,583 [INFO] ✅ Processed SBLKZ
2025-11-24 05:52:24,584 [INFO] ✅ Processed VTHR
2025-11-24 05:52:24,594 [INFO] ✅ Processed RBS
2025-11-24 05:52:24,598 [INFO] ✅ Processed CCOR
2025-11-24 05:52:24,604 [INFO] ✅ Processed SGRY
2025-11-24 05:52:24,612 [INFO] ✅ Processed IVV
2025-11-24 05:52:24,613 [INFO] ✅ Processed LHC
2025-11-24 05:52:24,615 [INFO] ✅ Processed GOEX
2025-11-24 05:52:24,621 [INFO] ✅ Processed BDX
2025-11-24 05:52:24,624 [INFO] ✅ Processed CATM
2025-11-24 05:52:24,627 [INFO] ✅ Processed ARLP
2025-11-24 05:52:24,629 [INFO] ✅ Processed BGT
2025-11-24 05:52:24,633 [INFO] ✅ Processed FPXI
2025-11-24 05:52:24,634 [INFO] ✅ Processed RNG
2025-11-24 05:52:24,637 [INFO] ✅ Processed IMRA
2025-11-24 05:52:24,656 [INFO] ✅ Processed PXH
2025-11-24 05:52:24,658 [INFO] ✅ Processed COWN
2025-11-24 05:52:24,661 [INFO] ✅ Processed CHRS
2025-11-24 05:52:24,670 [INFO] ✅ Processed YINN
2025-11-24 05:52:24,673 [INFO] ✅ Processed RFFC
2025-11-24 05:52:24,679 [INFO] ✅ Processed RFIL
2025-11-24 05:52:24,680 [INFO] ✅ Processed IXJ
2025-11-24 05:52:24,687 [INFO] ✅ Processed SBBP
2025-11-24 05:52:24,687 [INFO] ✅ Processed VTEB
2025-11-24 05:52:24,696 [INFO] ✅ Processed IZRL
2025-11-24 05:52:24,699 [INFO] ✅ Processed EMF
2025-11-24 05:52:24,699 [INFO] ✅ Processed BUYZ
2025-11-24 05:52:24,702 [INFO] ✅ Processed HLIT
2025-11-24 05:52:24,706 [INFO] ✅ Processed ENJ
2025-11-24 05:52:24,708 [INFO] ✅ Processed ARCH
2025-11-24 05:52:24,718 [INFO] ✅ Processed RFDI
2025-11-24 05:52:24,723 [INFO] ✅ Processed WILC
2025-11-24 05:52:24,724 [INFO] ✅ Processed RNP
2025-11-24 05:52:24,724 [INFO] ✅ Processed ELU
2025-11-24 05:52:24,749 [INFO] ✅ Processed BKU
2025-11-24 05:52:24,750 [INFO] ✅ Processed IYY
2025-11-24 05:52:24,768 [INFO] ✅ Processed LGL
2025-11-24 05:52:24,771 [INFO] ✅ Processed RMI
2025-11-24 05:52:24,789 [INFO] ✅ Processed CZNC
2025-11-24 05:52:24,806 [INFO] ✅ Processed GTS
2025-11-24 05:52:24,808 [INFO] ✅ Processed PTI
2025-11-24 05:52:24,812 [INFO] ✅ Processed WPP
2025-11-24 05:52:24,813 [INFO] ✅ Processed ABEV
2025-11-24 05:52:24,818 [INFO] ✅ Processed FLJH
2025-11-24 05:52:24,826 [INFO] ✅ Processed RNR
2025-11-24 05:52:24,826 [INFO] ✅ Processed UHT
2025-11-24 05:52:24,828 [INFO] ✅ Processed RFEM
2025-11-24 05:52:24,834 [INFO] ✅ Processed CMLS
2025-11-24 05:52:24,844 [INFO] ✅ Processed CSGP
2025-11-24 05:52:24,849 [INFO] ✅ Processed PWR
2025-11-24 05:52:24,850 [INFO] ✅ Processed WPG
2025-11-24 05:52:24,857 [INFO] ✅ Processed CTAA
2025-11-24 05:52:24,865 [INFO] ✅ Processed ROMO
2025-11-24 05:52:24,875 [INFO] ✅ Processed DCAR
2025-11-24 05:52:24,883 [INFO] ✅ Processed EMD
2025-11-24 05:52:24,885 [INFO] ✅ Processed LWAY
2025-11-24 05:52:24,888 [INFO] ✅ Processed ALIM
2025-11-24 05:52:24,898 [INFO] ✅ Processed FRAK
2025-11-24 05:52:24,903 [INFO] ✅ Processed RCUS
2025-11-24 05:52:24,907 [INFO] ✅ Processed NVEC
2025-11-24 05:52:24,907 [INFO] ✅ Processed IFLY
2025-11-24 05:52:24,910 [INFO] ✅ Processed UGL
2025-11-24 05:52:24,913 [INFO] ✅ Processed TREC
2025-11-24 05:52:24,919 [INFO] ✅ Processed APTV
2025-11-24 05:52:24,920 [INFO] ✅ Processed NRZ
2025-11-24 05:52:24,934 [INFO] ✅ Processed LOACU
2025-11-24 05:52:24,978 [INFO] ✅ Processed EPIX
2025-11-24 05:52:24,983 [INFO] ✅ Processed MDJH
2025-11-24 05:52:24,999 [INFO] ✅ Processed PYN
2025-11-24 05:52:25,001 [INFO] ✅ Processed IQLT
2025-11-24 05:52:25,002 [INFO] ✅ Processed RALS
2025-11-24 05:52:25,002 [INFO] ✅ Processed PXJ
2025-11-24 05:52:25,007 [INFO] ✅ Processed KLXE
2025-11-24 05:52:25,011 [INFO] ✅ Processed KNG
2025-11-24 05:52:25,017 [INFO] ✅ Processed PRTY
2025-11-24 05:52:25,020 [INFO] ✅ Processed ENBL
2025-11-24 05:52:25,026 [INFO] ✅ Processed IVC
2025-11-24 05:52:25,034 [INFO] ✅ Processed GYC
2025-11-24 05:52:25,037 [INFO] ✅ Processed KBWR
2025-11-24 05:52:25,044 [INFO] ✅ Processed CATO
2025-11-24 05:52:25,045 [INFO] ✅ Processed GXG
2025-11-24 05:52:25,050 [INFO] ✅ Processed MCMJ
2025-11-24 05:52:25,051 [INFO] ✅ Processed IWP
2025-11-24 05:52:25,055 [INFO] ✅ Processed ICSH
2025-11-24 05:52:25,066 [INFO] ✅ Processed RCB
2025-11-24 05:52:25,071 [INFO] ✅ Processed SLVO
2025-11-24 05:52:25,084 [INFO] ✅ Processed DMTK
2025-11-24 05:52:25,084 [INFO] ✅ Processed PGNX
2025-11-24 05:52:25,088 [INFO] ✅ Processed SPPI
2025-11-24 05:52:25,091 [INFO] ✅ Processed GAIA
2025-11-24 05:52:25,099 [INFO] ✅ Processed GSAT
2025-11-24 05:52:25,102 [INFO] ✅ Processed USI
2025-11-24 05:52:25,103 [INFO] ✅ Processed SNMP
2025-11-24 05:52:25,110 [INFO] ✅ Processed COMB
2025-11-24 05:52:25,116 [INFO] ✅ Processed FINS
2025-11-24 05:52:25,127 [INFO] ✅ Processed FILL
2025-11-24 05:52:25,133 [INFO] ✅ Processed EVN
2025-11-24 05:52:25,135 [INFO] ✅ Processed PRCP
2025-11-24 05:52:25,152 [INFO] ✅ Processed RVT
2025-11-24 05:52:25,164 [INFO] ✅ Processed ENTA
2025-11-24 05:52:25,169 [INFO] ✅ Processed FLRN
2025-11-24 05:52:25,171 [INFO] ✅ Processed CHIL
2025-11-24 05:52:25,197 [INFO] ✅ Processed QADB
2025-11-24 05:52:25,200 [INFO] ✅ Processed GMF
2025-11-24 05:52:25,201 [INFO] ✅ Processed GLU
2025-11-24 05:52:25,207 [INFO] ✅ Processed NFH
2025-11-24 05:52:25,208 [INFO] ✅ Processed NES
2025-11-24 05:52:25,214 [INFO] ✅ Processed EWJ
2025-11-24 05:52:25,215 [INFO] ✅ Processed AGBA
2025-11-24 05:52:25,215 [INFO] ✅ Processed ANIX
2025-11-24 05:52:25,220 [INFO] ✅ Processed EVY
2025-11-24 05:52:25,227 [INFO] ✅ Processed IDCC
2025-11-24 05:52:25,231 [INFO] ✅ Processed BSD
2025-11-24 05:52:25,235 [INFO] ✅ Processed ICFI
2025-11-24 05:52:25,236 [INFO] ✅ Processed NGL
2025-11-24 05:52:25,256 [INFO] ✅ Processed WBIF
2025-11-24 05:52:25,260 [INFO] ✅ Processed KYN
2025-11-24 05:52:25,265 [INFO] ✅ Processed PBS
2025-11-24 05:52:25,269 [INFO] ✅ Processed PLX
2025-11-24 05:52:25,271 [INFO] ✅ Processed PROS
2025-11-24 05:52:25,283 [INFO] ✅ Processed WLDN
2025-11-24 05:52:25,284 [INFO] ✅ Processed DXCM
2025-11-24 05:52:25,290 [INFO] ✅ Processed CONN
2025-11-24 05:52:25,291 [INFO] ✅ Processed LUMO
2025-11-24 05:52:25,295 [INFO] ✅ Processed TERP
2025-11-24 05:52:25,299 [INFO] ✅ Processed VFLQ
2025-11-24 05:52:25,314 [INFO] ✅ Processed JDST
2025-11-24 05:52:25,318 [INFO] ✅ Processed LPG
2025-11-24 05:52:25,321 [INFO] ✅ Processed VSTO
2025-11-24 05:52:25,324 [INFO] ✅ Processed EZM
2025-11-24 05:52:25,335 [INFO] ✅ Processed NMFX
2025-11-24 05:52:25,337 [INFO] ✅ Processed BRID
2025-11-24 05:52:25,341 [INFO] ✅ Processed DSPG
2025-11-24 05:52:25,342 [INFO] ✅ Processed NKX
2025-11-24 05:52:25,344 [INFO] ✅ Processed RMCF
2025-11-24 05:52:25,348 [INFO] ✅ Processed GDNA
2025-11-24 05:52:25,351 [INFO] ✅ Processed CHGG
2025-11-24 05:52:25,355 [INFO] ✅ Processed XFLT
2025-11-24 05:52:25,368 [INFO] ✅ Processed FNGZ
2025-11-24 05:52:25,368 [INFO] ✅ Processed EXR
2025-11-24 05:52:25,370 [INFO] ✅ Processed FNDA
2025-11-24 05:52:25,380 [INFO] ✅ Processed PBD
2025-11-24 05:52:25,385 [INFO] ✅ Processed GSLD
2025-11-24 05:52:25,393 [INFO] ✅ Processed HEWY
2025-11-24 05:52:25,399 [INFO] ✅ Processed NHC
2025-11-24 05:52:25,405 [INFO] ✅ Processed HIBB
2025-11-24 05:52:25,406 [INFO] ✅ Processed HYEM
2025-11-24 05:52:25,427 [INFO] ✅ Processed GLMD
2025-11-24 05:52:25,435 [INFO] ✅ Processed KWR
2025-11-24 05:52:25,438 [INFO] ✅ Processed BRKL
2025-11-24 05:52:25,439 [INFO] ✅ Processed GREK
2025-11-24 05:52:25,444 [INFO] ✅ Processed DRQ
2025-11-24 05:52:25,446 [INFO] ✅ Processed NRGO
2025-11-24 05:52:25,447 [INFO] ✅ Processed WELL
2025-11-24 05:52:25,468 [INFO] ✅ Processed KN
2025-11-24 05:52:25,468 [INFO] ✅ Processed IQ
2025-11-24 05:52:25,471 [INFO] ✅ Processed MLPO
2025-11-24 05:52:25,474 [INFO] ✅ Processed LMHA
2025-11-24 05:52:25,474 [INFO] ✅ Processed TTM
2025-11-24 05:52:25,479 [INFO] ✅ Processed LOPE
2025-11-24 05:52:25,479 [INFO] ✅ Processed HRTX
2025-11-24 05:52:25,489 [INFO] ✅ Processed CLRB
2025-11-24 05:52:25,493 [INFO] ✅ Processed IBCE
2025-11-24 05:52:25,499 [INFO] ✅ Processed PSEP
2025-11-24 05:52:25,509 [INFO] ✅ Processed SOJC
2025-11-24 05:52:25,514 [INFO] ✅ Processed SSO
2025-11-24 05:52:25,518 [INFO] ✅ Processed NRGX
2025-11-24 05:52:25,519 [INFO] ✅ Processed ZAGG
2025-11-24 05:52:25,523 [INFO] ✅ Processed SPT
2025-11-24 05:52:25,528 [INFO] ✅ Processed JILL
2025-11-24 05:52:25,535 [INFO] ✅ Processed HOLX
2025-11-24 05:52:25,541 [INFO] ✅ Processed FTXO
2025-11-24 05:52:25,542 [INFO] ✅ Processed BCEL
2025-11-24 05:52:25,544 [INFO] ✅ Processed DSU
2025-11-24 05:52:25,550 [INFO] ✅ Processed VMM
2025-11-24 05:52:25,554 [INFO] ✅ Processed CGBD
2025-11-24 05:52:25,561 [INFO] ✅ Processed VOE
2025-11-24 05:52:25,562 [INFO] ✅ Processed UITB
2025-11-24 05:52:25,571 [INFO] ✅ Processed BSCP
2025-11-24 05:52:25,571 [INFO] ✅ Processed MXL
2025-11-24 05:52:25,572 [INFO] ✅ Processed TVE
2025-11-24 05:52:25,573 [INFO] ✅ Processed YCBD
2025-11-24 05:52:25,578 [INFO] ✅ Processed MLPX
2025-11-24 05:52:25,582 [INFO] ✅ Processed EXPD
2025-11-24 05:52:25,585 [INFO] ✅ Processed SSYS
2025-11-24 05:52:25,593 [INFO] ✅ Processed ETHO
2025-11-24 05:52:25,596 [INFO] ✅ Processed XNCR
2025-11-24 05:52:25,599 [INFO] ✅ Processed STPZ
2025-11-24 05:52:25,611 [INFO] ✅ Processed PTNQ
2025-11-24 05:52:25,612 [INFO] ✅ Processed FEM
2025-11-24 05:52:25,614 [INFO] ✅ Processed QWLD
2025-11-24 05:52:25,619 [INFO] ✅ Processed GM
2025-11-24 05:52:25,619 [INFO] ✅ Processed KZIA
2025-11-24 05:52:25,628 [INFO] ✅ Processed RLGY
2025-11-24 05:52:25,640 [INFO] ✅ Processed STSA
2025-11-24 05:52:25,643 [INFO] ✅ Processed AAT
2025-11-24 05:52:25,646 [INFO] ✅ Processed MUSA
2025-11-24 05:52:25,655 [INFO] ✅ Processed EDOW
2025-11-24 05:52:25,658 [INFO] ✅ Processed VRSK
2025-11-24 05:52:25,662 [INFO] ✅ Processed TFLT
2025-11-24 05:52:25,672 [INFO] ✅ Processed FI
2025-11-24 05:52:25,675 [INFO] ✅ Processed XLF
2025-11-24 05:52:25,679 [INFO] ✅ Processed HHR
2025-11-24 05:52:25,683 [INFO] ✅ Processed VERU
2025-11-24 05:52:25,689 [INFO] ✅ Processed EARN
2025-11-24 05:52:25,699 [INFO] ✅ Processed BSML
2025-11-24 05:52:25,700 [INFO] ✅ Processed MTX
2025-11-24 05:52:25,704 [INFO] ✅ Processed JSM
2025-11-24 05:52:25,707 [INFO] ✅ Processed IEHS
2025-11-24 05:52:25,709 [INFO] ✅ Processed IBMN
2025-11-24 05:52:25,711 [INFO] ✅ Processed ASRT
2025-11-24 05:52:25,712 [INFO] ✅ Processed TXN
2025-11-24 05:52:25,725 [INFO] ✅ Processed OTTW
2025-11-24 05:52:25,728 [INFO] ✅ Processed VERB
2025-11-24 05:52:25,730 [INFO] ✅ Processed CNFR
2025-11-24 05:52:25,734 [INFO] ✅ Processed FFA
2025-11-24 05:52:25,742 [INFO] ✅ Processed RBKB
2025-11-24 05:52:25,744 [INFO] ✅ Processed AFIF
2025-11-24 05:52:25,746 [INFO] ✅ Processed FEZ
2025-11-24 05:52:25,761 [INFO] ✅ Processed JRI
2025-11-24 05:52:25,769 [INFO] ✅ Processed REXR
2025-11-24 05:52:25,776 [INFO] ✅ Processed OSPN
2025-11-24 05:52:25,782 [INFO] ✅ Processed BVSN
2025-11-24 05:52:25,789 [INFO] ✅ Processed ACAMU
2025-11-24 05:52:25,789 [INFO] ✅ Processed VCF
2025-11-24 05:52:25,790 [INFO] ✅ Processed CHSCL
2025-11-24 05:52:25,795 [INFO] ✅ Processed SH
2025-11-24 05:52:25,797 [INFO] ✅ Processed MBB
2025-11-24 05:52:25,810 [INFO] ✅ Processed DBEZ
2025-11-24 05:52:25,812 [INFO] ✅ Processed PS
2025-11-24 05:52:25,816 [INFO] ✅ Processed EE
2025-11-24 05:52:25,821 [INFO] ✅ Processed EMSG
2025-11-24 05:52:25,823 [INFO] ✅ Processed KOIN
2025-11-24 05:52:25,831 [INFO] ✅ Processed SMHI
2025-11-24 05:52:25,835 [INFO] ✅ Processed MITT
2025-11-24 05:52:25,843 [INFO] ✅ Processed FPL
2025-11-24 05:52:25,858 [INFO] ✅ Processed TLK
2025-11-24 05:52:25,860 [INFO] ✅ Processed JDD
2025-11-24 05:52:25,862 [INFO] ✅ Processed SJM
2025-11-24 05:52:25,870 [INFO] ✅ Processed DEAC
2025-11-24 05:52:25,918 [INFO] ✅ Processed WABC
2025-11-24 05:52:25,920 [INFO] ✅ Processed DKS
2025-11-24 05:52:25,930 [INFO] ✅ Processed PD
2025-11-24 05:52:25,947 [INFO] ✅ Processed RL
2025-11-24 05:52:25,963 [INFO] ✅ Processed GLUU
2025-11-24 05:52:25,980 [INFO] ✅ Processed MCF
2025-11-24 05:52:25,984 [INFO] ✅ Processed JGH
2025-11-24 05:52:25,997 [INFO] ✅ Processed QRFT
2025-11-24 05:52:26,005 [INFO] ✅ Processed TMO
2025-11-24 05:52:26,014 [INFO] ✅ Processed AMOM
2025-11-24 05:52:26,016 [INFO] ✅ Processed OXY
2025-11-24 05:52:26,028 [INFO] ✅ Processed DBEM
2025-11-24 05:52:26,031 [INFO] ✅ Processed CMU
2025-11-24 05:52:26,041 [INFO] ✅ Processed DECK
2025-11-24 05:52:26,041 [INFO] ✅ Processed ZSAN
2025-11-24 05:52:26,053 [INFO] ✅ Processed PFFD
2025-11-24 05:52:26,062 [INFO] ✅ Processed MAN
2025-11-24 05:52:26,064 [INFO] ✅ Processed DBGR
2025-11-24 05:52:26,069 [INFO] ✅ Processed FAUG
2025-11-24 05:52:26,082 [INFO] ✅ Processed SHE
2025-11-24 05:52:26,100 [INFO] ✅ Processed TCS
2025-11-24 05:52:26,106 [INFO] ✅ Processed CLF
2025-11-24 05:52:26,110 [INFO] ✅ Processed TOPS
2025-11-24 05:52:26,115 [INFO] ✅ Processed NKSH
2025-11-24 05:52:26,121 [INFO] ✅ Processed JHG
2025-11-24 05:52:26,134 [INFO] ✅ Processed MNA
2025-11-24 05:52:26,144 [INFO] ✅ Processed CCI
2025-11-24 05:52:26,170 [INFO] ✅ Processed ATMP
2025-11-24 05:52:26,175 [INFO] ✅ Processed SCHF
2025-11-24 05:52:26,181 [INFO] ✅ Processed FRD
2025-11-24 05:52:26,187 [INFO] ✅ Processed IGIB
2025-11-24 05:52:26,197 [INFO] ✅ Processed GFNCP
2025-11-24 05:52:26,211 [INFO] ✅ Processed DGP
2025-11-24 05:52:26,213 [INFO] ✅ Processed CLDX
2025-11-24 05:52:26,217 [INFO] ✅ Processed TAL
2025-11-24 05:52:26,219 [INFO] ✅ Processed SFY
2025-11-24 05:52:26,231 [INFO] ✅ Processed TNC
2025-11-24 05:52:26,235 [INFO] ✅ Processed DEO
2025-11-24 05:52:26,240 [INFO] ✅ Processed FMAO
2025-11-24 05:52:26,247 [INFO] ✅ Processed SCHQ
2025-11-24 05:52:26,261 [INFO] ✅ Processed CEMI
2025-11-24 05:52:26,261 [INFO] ✅ Processed DRNA
2025-11-24 05:52:26,306 [INFO] ✅ Processed CRMD
2025-11-24 05:52:26,307 [INFO] ✅ Processed SCIU
2025-11-24 05:52:26,318 [INFO] ✅ Processed DEX
2025-11-24 05:52:26,318 [INFO] ✅ Processed JKK
2025-11-24 05:52:26,327 [INFO] ✅ Processed MOR
2025-11-24 05:52:26,345 [INFO] ✅ Processed SHYD
2025-11-24 05:52:26,346 [INFO] ✅ Processed POAI
2025-11-24 05:52:26,350 [INFO] ✅ Processed NNBR
2025-11-24 05:52:26,363 [INFO] ✅ Processed LXFR
2025-11-24 05:52:26,378 [INFO] ✅ Processed ATLC
2025-11-24 05:52:26,387 [INFO] ✅ Processed SDG
2025-11-24 05:52:26,396 [INFO] ✅ Processed MMM
2025-11-24 05:52:26,403 [INFO] ✅ Processed SEB
2025-11-24 05:52:26,424 [INFO] ✅ Processed MLI
2025-11-24 05:52:26,424 [INFO] ✅ Processed CBZ
2025-11-24 05:52:26,427 [INFO] ✅ Processed MELI
2025-11-24 05:52:26,432 [INFO] ✅ Processed OVS
2025-11-24 05:52:26,442 [INFO] ✅ Processed KVHI
2025-11-24 05:52:26,442 [INFO] ✅ Processed QUMU
2025-11-24 05:52:26,447 [INFO] ✅ Processed JJN
2025-11-24 05:52:26,448 [INFO] ✅ Processed DWSN
2025-11-24 05:52:26,460 [INFO] ✅ Processed JEMD
2025-11-24 05:52:26,470 [INFO] ✅ Processed VXZ
2025-11-24 05:52:26,480 [INFO] ✅ Processed MOS
2025-11-24 05:52:26,543 [INFO] ✅ Processed RNDV
2025-11-24 05:52:26,562 [INFO] ✅ Processed LOGM
2025-11-24 05:52:26,569 [INFO] ✅ Processed FTNT
2025-11-24 05:52:26,573 [INFO] ✅ Processed SCHP
2025-11-24 05:52:26,602 [INFO] ✅ Processed IGIC
2025-11-24 05:52:26,602 [INFO] ✅ Processed NUVA
2025-11-24 05:52:26,632 [INFO] ✅ Processed JKJ
2025-11-24 05:52:26,645 [INFO] ✅ Processed CCH
2025-11-24 05:52:26,659 [INFO] ✅ Processed BATRK
2025-11-24 05:52:26,678 [INFO] ✅ Processed SDP
2025-11-24 05:52:26,681 [INFO] ✅ Processed OMAB
2025-11-24 05:52:26,685 [INFO] ✅ Processed GIGB
2025-11-24 05:52:26,689 [INFO] ✅ Processed VBLT
2025-11-24 05:52:26,694 [INFO] ✅ Processed AMCX
2025-11-24 05:52:26,710 [INFO] ✅ Processed IGHG
2025-11-24 05:52:26,724 [INFO] ✅ Processed AMAG
2025-11-24 05:52:26,725 [INFO] ✅ Processed CBL
2025-11-24 05:52:26,727 [INFO] ✅ Processed SCHG
2025-11-24 05:52:26,731 [INFO] ✅ Processed INMB
2025-11-24 05:52:26,736 [INFO] ✅ Processed RWDC
2025-11-24 05:52:26,745 [INFO] ✅ Processed MOD
2025-11-24 05:52:26,747 [INFO] ✅ Processed HOTH
2025-11-24 05:52:26,751 [INFO] ✅ Processed MYSZ
2025-11-24 05:52:26,755 [INFO] ✅ Processed JNPR
2025-11-24 05:52:26,766 [INFO] ✅ Processed GERN
2025-11-24 05:52:26,783 [INFO] ✅ Processed AUG
2025-11-24 05:52:26,796 [INFO] ✅ Processed FTCS
2025-11-24 05:52:26,812 [INFO] ✅ Processed PE
2025-11-24 05:52:26,812 [INFO] ✅ Processed MBT
2025-11-24 05:52:26,818 [INFO] ✅ Processed GIII
2025-11-24 05:52:26,821 [INFO] ✅ Processed CNX
2025-11-24 05:52:26,823 [INFO] ✅ Processed AWX
2025-11-24 05:52:26,827 [INFO] ✅ Processed ILTB
2025-11-24 05:52:26,829 [INFO] ✅ Processed AVYA
2025-11-24 05:52:26,829 [INFO] ✅ Processed PFFR
2025-11-24 05:52:26,835 [INFO] ✅ Processed BDXA
2025-11-24 05:52:26,843 [INFO] ✅ Processed FSV
2025-11-24 05:52:26,846 [INFO] ✅ Processed UGAZ
2025-11-24 05:52:26,851 [INFO] ✅ Processed HSDT
2025-11-24 05:52:26,858 [INFO] ✅ Processed HSY
2025-11-24 05:52:26,864 [INFO] ✅ Processed BPOPN
2025-11-24 05:52:26,870 [INFO] ✅ Processed LVGO
2025-11-24 05:52:26,879 [INFO] ✅ Processed CMC
2025-11-24 05:52:26,887 [INFO] ✅ Processed RM
2025-11-24 05:52:26,887 [INFO] ✅ Processed CNO
2025-11-24 05:52:26,888 [INFO] ✅ Processed XYF
2025-11-24 05:52:26,894 [INFO] ✅ Processed AXTI
2025-11-24 05:52:26,899 [INFO] ✅ Processed SI
2025-11-24 05:52:26,901 [INFO] ✅ Processed RPAI
2025-11-24 05:52:26,903 [INFO] ✅ Processed CHSCM
2025-11-24 05:52:26,911 [INFO] ✅ Processed AVK
2025-11-24 05:52:26,914 [INFO] ✅ Processed ULST
2025-11-24 05:52:26,923 [INFO] ✅ Processed WDIV
2025-11-24 05:52:26,937 [INFO] ✅ Processed DHI
2025-11-24 05:52:26,947 [INFO] ✅ Processed DIM
2025-11-24 05:52:26,947 [INFO] ✅ Processed CMT
2025-11-24 05:52:26,961 [INFO] ✅ Processed TDTF
2025-11-24 05:52:26,963 [INFO] ✅ Processed VTN
2025-11-24 05:52:26,975 [INFO] ✅ Processed URNM
2025-11-24 05:52:26,980 [INFO] ✅ Processed MTN
2025-11-24 05:52:26,981 [INFO] ✅ Processed DUSL
2025-11-24 05:52:26,986 [INFO] ✅ Processed FGD
2025-11-24 05:52:26,987 [INFO] ✅ Processed BSMM
2025-11-24 05:52:26,987 [INFO] ✅ Processed XLP
2025-11-24 05:52:26,997 [INFO] ✅ Processed IBMO
2025-11-24 05:52:27,002 [INFO] ✅ Processed HIW
2025-11-24 05:52:27,004 [INFO] ✅ Processed DIAX
2025-11-24 05:52:27,017 [INFO] ✅ Processed FFIN
2025-11-24 05:52:27,019 [INFO] ✅ Processed TCRW
2025-11-24 05:52:27,034 [INFO] ✅ Processed ADRO
2025-11-24 05:52:27,047 [INFO] ✅ Processed STRS
2025-11-24 05:52:27,051 [INFO] ✅ Processed MUJ
2025-11-24 05:52:27,052 [INFO] ✅ Processed METX
2025-11-24 05:52:27,058 [INFO] ✅ Processed AAU
2025-11-24 05:52:27,064 [INFO] ✅ Processed HHS
2025-11-24 05:52:27,073 [INFO] ✅ Processed THCB
2025-11-24 05:52:27,095 [INFO] ✅ Processed ED
2025-11-24 05:52:27,106 [INFO] ✅ Processed FOCS
2025-11-24 05:52:27,106 [INFO] ✅ Processed XLG
2025-11-24 05:52:27,109 [INFO] ✅ Processed CBSH
2025-11-24 05:52:27,116 [INFO] ✅ Processed QLYS
2025-11-24 05:52:27,138 [INFO] ✅ Processed SAIA
2025-11-24 05:52:27,153 [INFO] ✅ Processed JBSS
2025-11-24 05:52:27,166 [INFO] ✅ Processed ES
2025-11-24 05:52:27,175 [INFO] ✅ Processed CUE
2025-11-24 05:52:27,181 [INFO] ✅ Processed RELV
2025-11-24 05:52:27,184 [INFO] ✅ Processed NREF
2025-11-24 05:52:27,193 [INFO] ✅ Processed SFNC
2025-11-24 05:52:27,194 [INFO] ✅ Processed MVF
2025-11-24 05:52:27,197 [INFO] ✅ Processed ADSK
2025-11-24 05:52:27,205 [INFO] ✅ Processed IG
2025-11-24 05:52:27,205 [INFO] ✅ Processed MLPY
2025-11-24 05:52:27,210 [INFO] ✅ Processed FTXN
2025-11-24 05:52:27,228 [INFO] ✅ Processed LORL
2025-11-24 05:52:27,236 [INFO] ✅ Processed CBRL
2025-11-24 05:52:27,239 [INFO] ✅ Processed GL
2025-11-24 05:52:27,240 [INFO] ✅ Processed IEFN
2025-11-24 05:52:27,255 [INFO] ✅ Processed NUBD
2025-11-24 05:52:27,257 [INFO] ✅ Processed ONB
2025-11-24 05:52:27,261 [INFO] ✅ Processed BSCQ
2025-11-24 05:52:27,277 [INFO] ✅ Processed EMIH
2025-11-24 05:52:27,277 [INFO] ✅ Processed EXPR
2025-11-24 05:52:27,282 [INFO] ✅ Processed SOJB
2025-11-24 05:52:27,290 [INFO] ✅ Processed PTBD
2025-11-24 05:52:27,301 [INFO] ✅ Processed URBN
2025-11-24 05:52:27,326 [INFO] ✅ Processed SPB
2025-11-24 05:52:27,335 [INFO] ✅ Processed SSY
2025-11-24 05:52:27,344 [INFO] ✅ Processed FIX
2025-11-24 05:52:27,368 [INFO] ✅ Processed INVH
2025-11-24 05:52:27,370 [INFO] ✅ Processed DIOD
2025-11-24 05:52:27,372 [INFO] ✅ Processed LSCC
2025-11-24 05:52:27,376 [INFO] ✅ Processed CVI
2025-11-24 05:52:27,384 [INFO] ✅ Processed AVCO
2025-11-24 05:52:27,388 [INFO] ✅ Processed MYI
2025-11-24 05:52:27,391 [INFO] ✅ Processed VOD
2025-11-24 05:52:27,392 [INFO] ✅ Processed AMUB
2025-11-24 05:52:27,408 [INFO] ✅ Processed FHK
2025-11-24 05:52:27,414 [INFO] ✅ Processed EXPE
2025-11-24 05:52:27,423 [INFO] ✅ Processed HDG
2025-11-24 05:52:27,429 [INFO] ✅ Processed JFKKU
2025-11-24 05:52:27,429 [INFO] ✅ Processed DHCNI
2025-11-24 05:52:27,444 [INFO] ✅ Processed HT
2025-11-24 05:52:27,469 [INFO] ✅ Processed CTV
2025-11-24 05:52:27,504 [INFO] ✅ Processed ALE
2025-11-24 05:52:27,511 [INFO] ✅ Processed MPAA
2025-11-24 05:52:27,512 [INFO] ✅ Processed FBSS
2025-11-24 05:52:27,532 [INFO] ✅ Processed ESBK
2025-11-24 05:52:27,533 [INFO] ✅ Processed AGNC
2025-11-24 05:52:27,536 [INFO] ✅ Processed EXD
2025-11-24 05:52:27,537 [INFO] ✅ Processed IP
2025-11-24 05:52:27,548 [INFO] ✅ Processed TPIC
2025-11-24 05:52:27,558 [INFO] ✅ Processed PCAR
2025-11-24 05:52:27,561 [INFO] ✅ Processed RZA
2025-11-24 05:52:27,562 [INFO] ✅ Processed ELAT
2025-11-24 05:52:27,565 [INFO] ✅ Processed KO
2025-11-24 05:52:27,569 [INFO] ✅ Processed IMH
2025-11-24 05:52:27,577 [INFO] ✅ Processed PBE
2025-11-24 05:52:27,577 [INFO] ✅ Processed NIQ
2025-11-24 05:52:27,581 [INFO] ✅ Processed DTUL
2025-11-24 05:52:27,591 [INFO] ✅ Processed KTH
2025-11-24 05:52:27,592 [INFO] ✅ Processed ISMD
2025-11-24 05:52:27,594 [INFO] ✅ Processed INS
2025-11-24 05:52:27,597 [INFO] ✅ Processed LRN
2025-11-24 05:52:27,603 [INFO] ✅ Processed SPHY
2025-11-24 05:52:27,611 [INFO] ✅ Processed OPESU
2025-11-24 05:52:27,614 [INFO] ✅ Processed RMAX
2025-11-24 05:52:27,621 [INFO] ✅ Processed RXI
2025-11-24 05:52:27,632 [INFO] ✅ Processed NTIC
2025-11-24 05:52:27,645 [INFO] ✅ Processed SLYV
2025-11-24 05:52:27,657 [INFO] ✅ Processed MDRX
2025-11-24 05:52:27,659 [INFO] ✅ Processed WBIG
2025-11-24 05:52:27,662 [INFO] ✅ Processed RZV
2025-11-24 05:52:27,667 [INFO] ✅ Processed JFIN
2025-11-24 05:52:27,673 [INFO] ✅ Processed NDLS
2025-11-24 05:52:27,676 [INFO] ✅ Processed RCMT
2025-11-24 05:52:27,680 [INFO] ✅ Processed NGM
2025-11-24 05:52:27,681 [INFO] ✅ Processed WDC
2025-11-24 05:52:27,687 [INFO] ✅ Processed GMHI
2025-11-24 05:52:27,688 [INFO] ✅ Processed CACG
2025-11-24 05:52:27,694 [INFO] ✅ Processed PAI
2025-11-24 05:52:27,697 [INFO] ✅ Processed COMT
2025-11-24 05:52:27,699 [INFO] ✅ Processed PBR
2025-11-24 05:52:27,715 [INFO] ✅ Processed LLNW
2025-11-24 05:52:27,721 [INFO] ✅ Processed IBP
2025-11-24 05:52:27,724 [INFO] ✅ Processed FGBI
2025-11-24 05:52:27,736 [INFO] ✅ Processed IAK
2025-11-24 05:52:27,743 [INFO] ✅ Processed ETG
2025-11-24 05:52:27,743 [INFO] ✅ Processed EVX
2025-11-24 05:52:27,758 [INFO] ✅ Processed ALPN
2025-11-24 05:52:27,763 [INFO] ✅ Processed CHIM
2025-11-24 05:52:27,772 [INFO] ✅ Processed BBAR
2025-11-24 05:52:27,776 [INFO] ✅ Processed PYPL
2025-11-24 05:52:27,805 [INFO] ✅ Processed PNF
2025-11-24 05:52:27,807 [INFO] ✅ Processed FNHC
2025-11-24 05:52:27,823 [INFO] ✅ Processed BSE
2025-11-24 05:52:27,829 [INFO] ✅ Processed AEZS
2025-11-24 05:52:27,832 [INFO] ✅ Processed FWDB
2025-11-24 05:52:27,836 [INFO] ✅ Processed WGO
2025-11-24 05:52:27,836 [INFO] ✅ Processed PECK
2025-11-24 05:52:27,841 [INFO] ✅ Processed INSUU
2025-11-24 05:52:27,847 [INFO] ✅ Processed USDY
2025-11-24 05:52:27,852 [INFO] ✅ Processed RUN
2025-11-24 05:52:27,863 [INFO] ✅ Processed EWK
2025-11-24 05:52:27,867 [INFO] ✅ Processed FNKO
2025-11-24 05:52:27,870 [INFO] ✅ Processed GNK
2025-11-24 05:52:27,882 [INFO] ✅ Processed IFMK
2025-11-24 05:52:27,886 [INFO] ✅ Processed PEBO
2025-11-24 05:52:27,890 [INFO] ✅ Processed GLT
2025-11-24 05:52:27,891 [INFO] ✅ Processed PGNY
2025-11-24 05:52:27,900 [INFO] ✅ Processed NAKD
2025-11-24 05:52:27,916 [INFO] ✅ Processed FEMS
2025-11-24 05:52:27,920 [INFO] ✅ Processed USRT
2025-11-24 05:52:27,920 [INFO] ✅ Processed ROAM
2025-11-24 05:52:27,923 [INFO] ✅ Processed UPS
2025-11-24 05:52:27,928 [INFO] ✅ Processed GXF
2025-11-24 05:52:27,929 [INFO] ✅ Processed KERN
2025-11-24 05:52:27,948 [INFO] ✅ Processed EAF
2025-11-24 05:52:27,963 [INFO] ✅ Processed JACK
2025-11-24 05:52:27,985 [INFO] ✅ Processed NEE
2025-11-24 05:52:27,992 [INFO] ✅ Processed KBWD
2025-11-24 05:52:28,004 [INFO] ✅ Processed PZC
2025-11-24 05:52:28,008 [INFO] ✅ Processed ALEX
2025-11-24 05:52:28,009 [INFO] ✅ Processed PYX
2025-11-24 05:52:28,012 [INFO] ✅ Processed ZGYHU
2025-11-24 05:52:28,026 [INFO] ✅ Processed HELE
2025-11-24 05:52:28,027 [INFO] ✅ Processed CATY
2025-11-24 05:52:28,028 [INFO] ✅ Processed NAIL
2025-11-24 05:52:28,035 [INFO] ✅ Processed USSG
2025-11-24 05:52:28,037 [INFO] ✅ Processed KEQU
2025-11-24 05:52:28,039 [INFO] ✅ Processed VAPO
2025-11-24 05:52:28,041 [INFO] ✅ Processed WWJD
2025-11-24 05:52:28,048 [INFO] ✅ Processed GOODN
2025-11-24 05:52:28,072 [INFO] ✅ Processed HBIO
2025-11-24 05:52:28,083 [INFO] ✅ Processed NVIV
2025-11-24 05:52:28,089 [INFO] ✅ Processed PZT
2025-11-24 05:52:28,095 [INFO] ✅ Processed BFS
2025-11-24 05:52:28,108 [INFO] ✅ Processed UFI
2025-11-24 05:52:28,113 [INFO] ✅ Processed ELA
2025-11-24 05:52:28,126 [INFO] ✅ Processed BIDU
2025-11-24 05:52:28,127 [INFO] ✅ Processed NMRK
2025-11-24 05:52:28,152 [INFO] ✅ Processed KBR
2025-11-24 05:52:28,157 [INFO] ✅ Processed MCBS
2025-11-24 05:52:28,159 [INFO] ✅ Processed BUYN
2025-11-24 05:52:28,177 [INFO] ✅ Processed IYM
2025-11-24 05:52:28,179 [INFO] ✅ Processed BDL
2025-11-24 05:52:28,182 [INFO] ✅ Processed IWF
2025-11-24 05:52:28,202 [INFO] ✅ Processed PWS
2025-11-24 05:52:28,206 [INFO] ✅ Processed GTE
2025-11-24 05:52:28,223 [INFO] ✅ Processed NVFY
2025-11-24 05:52:28,241 [INFO] ✅ Processed TIPT
2025-11-24 05:52:28,245 [INFO] ✅ Processed KAI
2025-11-24 05:52:28,247 [INFO] ✅ Processed EME
2025-11-24 05:52:28,257 [INFO] ✅ Processed BPFH
2025-11-24 05:52:28,268 [INFO] ✅ Processed MOTS
2025-11-24 05:52:28,269 [INFO] ✅ Processed ALKS
2025-11-24 05:52:28,271 [INFO] ✅ Processed PTH
2025-11-24 05:52:28,298 [INFO] ✅ Processed KBE
2025-11-24 05:52:28,302 [INFO] ✅ Processed VCEL
2025-11-24 05:52:28,306 [INFO] ✅ Processed APXT
2025-11-24 05:52:28,323 [INFO] ✅ Processed WRN
2025-11-24 05:52:28,330 [INFO] ✅ Processed PLPC
2025-11-24 05:52:28,330 [INFO] ✅ Processed SRDX
2025-11-24 05:52:28,332 [INFO] ✅ Processed IYZ
2025-11-24 05:52:28,339 [INFO] ✅ Processed HYRE
2025-11-24 05:52:28,344 [INFO] ✅ Processed COWZ
2025-11-24 05:52:28,347 [INFO] ✅ Processed FLIR
2025-11-24 05:52:28,355 [INFO] ✅ Processed TBLTW
2025-11-24 05:52:28,355 [INFO] ✅ Processed DSGX
2025-11-24 05:52:28,367 [INFO] ✅ Processed GRNVU
2025-11-24 05:52:28,367 [INFO] ✅ Processed FIVG
2025-11-24 05:52:28,391 [INFO] ✅ Processed ROOF
2025-11-24 05:52:28,395 [INFO] ✅ Processed XCEM
2025-11-24 05:52:28,401 [INFO] ✅ Processed BGFV
2025-11-24 05:52:28,413 [INFO] ✅ Processed FLIA
2025-11-24 05:52:28,414 [INFO] ✅ Processed BKT
2025-11-24 05:52:28,420 [INFO] ✅ Processed LDP
2025-11-24 05:52:28,426 [INFO] ✅ Processed LEG
2025-11-24 05:52:28,437 [INFO] ✅ Processed PINE
2025-11-24 05:52:28,455 [INFO] ✅ Processed EWCO
2025-11-24 05:52:28,464 [INFO] ✅ Processed FRAN
2025-11-24 05:52:28,465 [INFO] ✅ Processed EMR
2025-11-24 05:52:28,468 [INFO] ✅ Processed ENZ
2025-11-24 05:52:28,475 [INFO] ✅ Processed MSFT
2025-11-24 05:52:28,479 [INFO] ✅ Processed JAZZ
2025-11-24 05:52:28,480 [INFO] ✅ Processed ANSS
2025-11-24 05:52:28,493 [INFO] ✅ Processed BWAY
2025-11-24 05:52:28,502 [INFO] ✅ Processed ARCO
2025-11-24 05:52:28,513 [INFO] ✅ Processed KCE
2025-11-24 05:52:28,520 [INFO] ✅ Processed GVI
2025-11-24 05:52:28,521 [INFO] ✅ Processed KBA
2025-11-24 05:52:28,525 [INFO] ✅ Processed BHK
2025-11-24 05:52:28,530 [INFO] ✅ Processed SPKEP
2025-11-24 05:52:28,533 [INFO] ✅ Processed MSEX
2025-11-24 05:52:28,560 [INFO] ✅ Processed EOI
2025-11-24 05:52:28,564 [INFO] ✅ Processed ALGT
2025-11-24 05:52:28,580 [INFO] ✅ Processed CTAS
2025-11-24 05:52:28,583 [INFO] ✅ Processed PZG
2025-11-24 05:52:28,586 [INFO] ✅ Processed BIO
2025-11-24 05:52:28,588 [INFO] ✅ Processed EAB
2025-11-24 05:52:28,593 [INFO] ✅ Processed SBLK
2025-11-24 05:52:28,598 [INFO] ✅ Processed BBUS
2025-11-24 05:52:28,598 [INFO] ✅ Processed UTX#
2025-11-24 05:52:28,601 [INFO] ✅ Processed RLH
2025-11-24 05:52:28,617 [INFO] ✅ Processed MDIV
2025-11-24 05:52:28,618 [INFO] ✅ Processed MOXC
2025-11-24 05:52:28,623 [INFO] ✅ Processed EIDO
2025-11-24 05:52:28,626 [INFO] ✅ Processed ISTB
2025-11-24 05:52:28,629 [INFO] ✅ Processed RBC
2025-11-24 05:52:28,631 [INFO] ✅ Processed MDIA
2025-11-24 05:52:28,633 [INFO] ✅ Processed DAUG
2025-11-24 05:52:28,637 [INFO] ✅ Processed NSL
2025-11-24 05:52:28,639 [INFO] ✅ Processed JOYY
2025-11-24 05:52:28,644 [INFO] ✅ Processed MMAC
2025-11-24 05:52:28,650 [INFO] ✅ Processed PETQ
2025-11-24 05:52:28,662 [INFO] ✅ Processed RCG
2025-11-24 05:52:28,663 [INFO] ✅ Processed ALDX
2025-11-24 05:52:28,664 [INFO] ✅ Processed PRTK
2025-11-24 05:52:28,682 [INFO] ✅ Processed TBLU
2025-11-24 05:52:28,688 [INFO] ✅ Processed APTS
2025-11-24 05:52:28,691 [INFO] ✅ Processed XSOE
2025-11-24 05:52:28,698 [INFO] ✅ Processed EIDX
2025-11-24 05:52:28,701 [INFO] ✅ Processed IWB
2025-11-24 05:52:28,704 [INFO] ✅ Processed BGS
2025-11-24 05:52:28,705 [INFO] ✅ Processed KOF
2025-11-24 05:52:28,715 [INFO] ✅ Processed FLEU
2025-11-24 05:52:28,721 [INFO] ✅ Processed CTLT
2025-11-24 05:52:28,728 [INFO] ✅ Processed PICB
2025-11-24 05:52:28,735 [INFO] ✅ Processed AGBAU
2025-11-24 05:52:28,742 [INFO] ✅ Processed CSII
2025-11-24 05:52:28,747 [INFO] ✅ Processed EGHT
2025-11-24 05:52:28,748 [INFO] ✅ Processed VTIQ
2025-11-24 05:52:28,761 [INFO] ✅ Processed HROW
2025-11-24 05:52:28,763 [INFO] ✅ Processed UDR
2025-11-24 05:52:28,770 [INFO] ✅ Processed UGI
2025-11-24 05:52:28,771 [INFO] ✅ Processed WHD
2025-11-24 05:52:28,779 [INFO] ✅ Processed LNTH
2025-11-24 05:52:28,779 [INFO] ✅ Processed NEV
2025-11-24 05:52:28,781 [INFO] ✅ Processed BSA
2025-11-24 05:52:28,785 [INFO] ✅ Processed OKTA
2025-11-24 05:52:28,788 [INFO] ✅ Processed AGNCP
2025-11-24 05:52:28,794 [INFO] ✅ Processed MATX
2025-11-24 05:52:28,795 [INFO] ✅ Processed RCP
2025-11-24 05:52:28,802 [INFO] ✅ Processed SYNC
2025-11-24 05:52:28,807 [INFO] ✅ Processed CHII
2025-11-24 05:52:28,810 [INFO] ✅ Processed SPEM
2025-11-24 05:52:28,811 [INFO] ✅ Processed GLG
2025-11-24 05:52:28,812 [INFO] ✅ Processed EWX
2025-11-24 05:52:28,817 [INFO] ✅ Processed FLQG
2025-11-24 05:52:28,824 [INFO] ✅ Processed AKTS
2025-11-24 05:52:28,831 [INFO] ✅ Processed ARYA
2025-11-24 05:52:28,855 [INFO] ✅ Processed DXLG
2025-11-24 05:52:28,856 [INFO] ✅ Processed UPW
2025-11-24 05:52:28,859 [INFO] ✅ Processed CVCY
2025-11-24 05:52:28,863 [INFO] ✅ Processed USL
2025-11-24 05:52:28,874 [INFO] ✅ Processed NEA
2025-11-24 05:52:28,877 [INFO] ✅ Processed ITGR
2025-11-24 05:52:28,877 [INFO] ✅ Processed OPCH
2025-11-24 05:52:28,884 [INFO] ✅ Processed CACC
2025-11-24 05:52:28,885 [INFO] ✅ Processed BSV
2025-11-24 05:52:28,889 [INFO] ✅ Processed FINV
2025-11-24 05:52:28,894 [INFO] ✅ Processed EVK
2025-11-24 05:52:28,897 [INFO] ✅ Processed ELMD
2025-11-24 05:52:28,902 [INFO] ✅ Processed XMPT
2025-11-24 05:52:28,907 [INFO] ✅ Processed NTES
2025-11-24 05:52:28,910 [INFO] ✅ Processed UDEC
2025-11-24 05:52:28,916 [INFO] ✅ Processed DVAX
2025-11-24 05:52:28,920 [INFO] ✅ Processed FEYE
2025-11-24 05:52:28,922 [INFO] ✅ Processed PBDM
2025-11-24 05:52:28,924 [INFO] ✅ Processed KRKR
2025-11-24 05:52:28,939 [INFO] ✅ Processed WRLS
2025-11-24 05:52:28,962 [INFO] ✅ Processed EWO
2025-11-24 05:52:28,979 [INFO] ✅ Processed CFFI
2025-11-24 05:52:28,981 [INFO] ✅ Processed GTHX
2025-11-24 05:52:28,984 [INFO] ✅ Processed PEBK
2025-11-24 05:52:28,985 [INFO] ✅ Processed GLP
2025-11-24 05:52:28,986 [INFO] ✅ Processed WBIT
2025-11-24 05:52:28,994 [INFO] ✅ Processed WIW
2025-11-24 05:52:28,995 [INFO] ✅ Processed NIU
2025-11-24 05:52:28,996 [INFO] ✅ Processed RTN
2025-11-24 05:52:29,006 [INFO] ✅ Processed EUMF
2025-11-24 05:52:29,009 [INFO] ✅ Processed VCRA
2025-11-24 05:52:29,015 [INFO] ✅ Processed PBA
2025-11-24 05:52:29,026 [INFO] ✅ Processed JOBS
2025-11-24 05:52:29,034 [INFO] ✅ Processed RYI
2025-11-24 05:52:29,043 [INFO] ✅ Processed NIB
2025-11-24 05:52:29,050 [INFO] ✅ Processed OUSA
2025-11-24 05:52:29,051 [INFO] ✅ Processed WLFC
2025-11-24 05:52:29,053 [INFO] ✅ Processed PAM
2025-11-24 05:52:29,057 [INFO] ✅ Processed DCUE
2025-11-24 05:52:29,058 [INFO] ✅ Processed CHDN
2025-11-24 05:52:29,060 [INFO] ✅ Processed NVRO
2025-11-24 05:52:29,061 [INFO] ✅ Processed QCRH
2025-11-24 05:52:29,066 [INFO] ✅ Processed IDNA
2025-11-24 05:52:29,070 [INFO] ✅ Processed ARVN
2025-11-24 05:52:29,076 [INFO] ✅ Processed UBER
2025-11-24 05:52:29,083 [INFO] ✅ Processed WRLD
2025-11-24 05:52:29,085 [INFO] ✅ Processed AUPH
2025-11-24 05:52:29,092 [INFO] ✅ Processed BFYT
2025-11-24 05:52:29,106 [INFO] ✅ Processed SFBS
2025-11-24 05:52:29,109 [INFO] ✅ Processed WEC
2025-11-24 05:52:29,115 [INFO] ✅ Processed NHF
2025-11-24 05:52:29,117 [INFO] ✅ Processed GBL
2025-11-24 05:52:29,121 [INFO] ✅ Processed NTIP
2025-11-24 05:52:29,129 [INFO] ✅ Processed PROV
2025-11-24 05:52:29,130 [INFO] ✅ Processed HVBC
2025-11-24 05:52:29,133 [INFO] ✅ Processed SDYL
2025-11-24 05:52:29,150 [INFO] ✅ Processed HEP
2025-11-24 05:52:29,219 [INFO] ✅ Processed AFGH
2025-11-24 05:52:29,255 [INFO] ✅ Processed BCEI
2025-11-24 05:52:29,270 [INFO] ✅ Processed CWEN
2025-11-24 05:52:29,292 [INFO] ✅ Processed MXI
2025-11-24 05:52:29,367 [INFO] ✅ Processed CTR
2025-11-24 05:52:29,369 [INFO] ✅ Processed AOM
2025-11-24 05:52:29,406 [INFO] ✅ Processed CWI
2025-11-24 05:52:29,427 [INFO] ✅ Processed PDEX
2025-11-24 05:52:29,429 [INFO] ✅ Processed FJP
2025-11-24 05:52:29,430 [INFO] ✅ Processed MZA
2025-11-24 05:52:29,446 [INFO] ✅ Processed AMTB
2025-11-24 05:52:29,475 [INFO] ✅ Processed ALV
2025-11-24 05:52:29,487 [INFO] ✅ Processed AJRD
2025-11-24 05:52:29,490 [INFO] ✅ Processed FVCB
2025-11-24 05:52:29,496 [INFO] ✅ Processed DNKN
2025-11-24 05:52:29,499 [INFO] ✅ Processed AME
2025-11-24 05:52:29,528 [INFO] ✅ Processed CLRG
2025-11-24 05:52:29,530 [INFO] ✅ Processed JO
2025-11-24 05:52:29,544 [INFO] ✅ Processed CURE
2025-11-24 05:52:29,546 [INFO] ✅ Processed ZVO
2025-11-24 05:52:29,565 [INFO] ✅ Processed FANH
2025-11-24 05:52:29,566 [INFO] ✅ Processed HP
2025-11-24 05:52:29,569 [INFO] ✅ Processed IBMK
2025-11-24 05:52:29,591 [INFO] ✅ Processed CPLG
2025-11-24 05:52:29,609 [INFO] ✅ Processed IT
2025-11-24 05:52:29,628 [INFO] ✅ Processed GPRE
2025-11-24 05:52:29,632 [INFO] ✅ Processed CVM
2025-11-24 05:52:29,633 [INFO] ✅ Processed ACY
2025-11-24 05:52:29,639 [INFO] ✅ Processed OCUL
2025-11-24 05:52:29,641 [INFO] ✅ Processed JPS
2025-11-24 05:52:29,659 [INFO] ✅ Processed SHAG
2025-11-24 05:52:29,684 [INFO] ✅ Processed TCRD
2025-11-24 05:52:29,689 [INFO] ✅ Processed ASPN
2025-11-24 05:52:29,699 [INFO] ✅ Processed ADPT
2025-11-24 05:52:29,708 [INFO] ✅ Processed GH
2025-11-24 05:52:29,712 [INFO] ✅ Processed CYB
2025-11-24 05:52:29,715 [INFO] ✅ Processed GLBY
2025-11-24 05:52:29,728 [INFO] ✅ Processed DS
2025-11-24 05:52:29,729 [INFO] ✅ Processed YMAB
2025-11-24 05:52:29,742 [INFO] ✅ Processed SCPE
2025-11-24 05:52:29,751 [INFO] ✅ Processed DD
2025-11-24 05:52:29,763 [INFO] ✅ Processed ACN
2025-11-24 05:52:29,765 [INFO] ✅ Processed ATUS
2025-11-24 05:52:29,772 [INFO] ✅ Processed OXBR
2025-11-24 05:52:29,776 [INFO] ✅ Processed AMTBB
2025-11-24 05:52:29,788 [INFO] ✅ Processed WTMF
2025-11-24 05:52:29,792 [INFO] ✅ Processed CPLP
2025-11-24 05:52:29,815 [INFO] ✅ Processed XLC
2025-11-24 05:52:29,831 [INFO] ✅ Processed VNCE
2025-11-24 05:52:29,833 [INFO] ✅ Processed OTTR
2025-11-24 05:52:29,843 [INFO] ✅ Processed PFSW
2025-11-24 05:52:29,862 [INFO] ✅ Processed GLIBA
2025-11-24 05:52:29,864 [INFO] ✅ Processed FDL
2025-11-24 05:52:29,880 [INFO] ✅ Processed OLN
2025-11-24 05:52:29,883 [INFO] ✅ Processed ACWV
2025-11-24 05:52:29,897 [INFO] ✅ Processed TYO
2025-11-24 05:52:29,899 [INFO] ✅ Processed TAIL
2025-11-24 05:52:29,909 [INFO] ✅ Processed TDAC
2025-11-24 05:52:29,911 [INFO] ✅ Processed DBEH
2025-11-24 05:52:29,911 [INFO] ✅ Processed EQWL
2025-11-24 05:52:29,929 [INFO] ✅ Processed PAAC
2025-11-24 05:52:29,961 [INFO] ✅ Processed MRBK
2025-11-24 05:52:29,962 [INFO] ✅ Processed IBOC
2025-11-24 05:52:29,973 [INFO] ✅ Processed VRSN
2025-11-24 05:52:29,977 [INFO] ✅ Processed EW
2025-11-24 05:52:29,979 [INFO] ✅ Processed FRA
2025-11-24 05:52:29,984 [INFO] ✅ Processed DIVB
2025-11-24 05:52:29,990 [INFO] ✅ Processed PFFA
2025-11-24 05:52:30,004 [INFO] ✅ Processed NLTX
2025-11-24 05:52:30,026 [INFO] ✅ Processed THTX
2025-11-24 05:52:30,031 [INFO] ✅ Processed SID
2025-11-24 05:52:30,041 [INFO] ✅ Processed HCCH
2025-11-24 05:52:30,046 [INFO] ✅ Processed PCYG
2025-11-24 05:52:30,060 [INFO] ✅ Processed PACK
2025-11-24 05:52:30,062 [INFO] ✅ Processed CMG
2025-11-24 05:52:30,091 [INFO] ✅ Processed AWK
2025-11-24 05:52:30,110 [INFO] ✅ Processed SM
2025-11-24 05:52:30,114 [INFO] ✅ Processed QUAD
2025-11-24 05:52:30,125 [INFO] ✅ Processed MCC
2025-11-24 05:52:30,136 [INFO] ✅ Processed JPXN
2025-11-24 05:52:30,149 [INFO] ✅ Processed CMP
2025-11-24 05:52:30,153 [INFO] ✅ Processed CNK
2025-11-24 05:52:30,155 [INFO] ✅ Processed FPI
2025-11-24 05:52:30,157 [INFO] ✅ Processed CRBN
2025-11-24 05:52:30,161 [INFO] ✅ Processed CPTA
2025-11-24 05:52:30,165 [INFO] ✅ Processed COO
2025-11-24 05:52:30,168 [INFO] ✅ Processed FL
2025-11-24 05:52:30,170 [INFO] ✅ Processed ZIONN
2025-11-24 05:52:30,194 [INFO] ✅ Processed PDSB
2025-11-24 05:52:30,201 [INFO] ✅ Processed HAWX
2025-11-24 05:52:30,201 [INFO] ✅ Processed IBTI
2025-11-24 05:52:30,207 [INFO] ✅ Processed DBJP
2025-11-24 05:52:30,212 [INFO] ✅ Processed ZOM
2025-11-24 05:52:30,216 [INFO] ✅ Processed SOHON
2025-11-24 05:52:30,220 [INFO] ✅ Processed RIBT
2025-11-24 05:52:30,220 [INFO] ✅ Processed LVHD
2025-11-24 05:52:30,227 [INFO] ✅ Processed SMFG
2025-11-24 05:52:30,228 [INFO] ✅ Processed JELD
2025-11-24 05:52:30,229 [INFO] ✅ Processed RGNX
2025-11-24 05:52:30,233 [INFO] ✅ Processed SDC
2025-11-24 05:52:30,236 [INFO] ✅ Processed AMBO
2025-11-24 05:52:30,243 [INFO] ✅ Processed LOGI
2025-11-24 05:52:30,249 [INFO] ✅ Processed JHB
2025-11-24 05:52:30,250 [INFO] ✅ Processed SHW
2025-11-24 05:52:30,255 [INFO] ✅ Processed AFSM
2025-11-24 05:52:30,259 [INFO] ✅ Processed VLYPP
2025-11-24 05:52:30,268 [INFO] ✅ Processed CELH
2025-11-24 05:52:30,280 [INFO] ✅ Processed HPF
2025-11-24 05:52:30,283 [INFO] ✅ Processed SCHC
2025-11-24 05:52:30,290 [INFO] ✅ Processed XVZ
2025-11-24 05:52:30,294 [INFO] ✅ Processed PANL
2025-11-24 05:52:30,309 [INFO] ✅ Processed AMAT
2025-11-24 05:52:30,317 [INFO] ✅ Processed LODE
2025-11-24 05:52:30,325 [INFO] ✅ Processed LAKE
2025-11-24 05:52:30,325 [INFO] ✅ Processed WFIG
2025-11-24 05:52:30,345 [INFO] ✅ Processed CBH
2025-11-24 05:52:30,346 [INFO] ✅ Processed HPQ
2025-11-24 05:52:30,352 [INFO] ✅ Processed VYM
2025-11-24 05:52:30,353 [INFO] ✅ Processed AXS
2025-11-24 05:52:30,355 [INFO] ✅ Processed RUSL
2025-11-24 05:52:30,363 [INFO] ✅ Processed CCL
2025-11-24 05:52:30,382 [INFO] ✅ Processed SCIF
2025-11-24 05:52:30,391 [INFO] ✅ Processed LHCG
2025-11-24 05:52:30,407 [INFO] ✅ Processed PHDG
2025-11-24 05:52:30,414 [INFO] ✅ Processed CWST
2025-11-24 05:52:30,418 [INFO] ✅ Processed GRPN
2025-11-24 05:52:30,443 [INFO] ✅ Processed DFP
2025-11-24 05:52:30,448 [INFO] ✅ Processed SCHB
2025-11-24 05:52:30,448 [INFO] ✅ Processed DGT
2025-11-24 05:52:30,461 [INFO] ✅ Processed PFIN
2025-11-24 05:52:30,465 [INFO] ✅ Processed NWLI
2025-11-24 05:52:30,470 [INFO] ✅ Processed CAR
2025-11-24 05:52:30,471 [INFO] ✅ Processed MNE
2025-11-24 05:52:30,476 [INFO] ✅ Processed SDOW
2025-11-24 05:52:30,480 [INFO] ✅ Processed CCM
2025-11-24 05:52:30,492 [INFO] ✅ Processed ESTC
2025-11-24 05:52:30,504 [INFO] ✅ Processed SOHOO
2025-11-24 05:52:30,513 [INFO] ✅ Processed TAST
2025-11-24 05:52:30,518 [INFO] ✅ Processed IBTH
2025-11-24 05:52:30,524 [INFO] ✅ Processed LVHE
2025-11-24 05:52:30,534 [INFO] ✅ Processed DWPP
2025-11-24 05:52:30,535 [INFO] ✅ Processed CAE
2025-11-24 05:52:30,537 [INFO] ✅ Processed SMDY
2025-11-24 05:52:30,546 [INFO] ✅ Processed WTTR
2025-11-24 05:52:30,549 [INFO] ✅ Processed TCBIL
2025-11-24 05:52:30,550 [INFO] ✅ Processed ATNX
2025-11-24 05:52:30,560 [INFO] ✅ Processed MOV
2025-11-24 05:52:30,561 [INFO] ✅ Processed UBSI
2025-11-24 05:52:30,572 [INFO] ✅ Processed AXR
2025-11-24 05:52:30,572 [INFO] ✅ Processed MLM
2025-11-24 05:52:30,579 [INFO] ✅ Processed AZZ
2025-11-24 05:52:30,587 [INFO] ✅ Processed HPP
2025-11-24 05:52:30,594 [INFO] ✅ Processed SEF
2025-11-24 05:52:30,609 [INFO] ✅ Processed MMI
2025-11-24 05:52:30,611 [INFO] ✅ Processed ZIONO
2025-11-24 05:52:30,620 [INFO] ✅ Processed REZI
2025-11-24 05:52:30,627 [INFO] ✅ Processed ACNB
2025-11-24 05:52:30,630 [INFO] ✅ Processed OVV
2025-11-24 05:52:30,632 [INFO] ✅ Processed ZNH
2025-11-24 05:52:30,637 [INFO] ✅ Processed MCB
2025-11-24 05:52:30,639 [INFO] ✅ Processed CCZ
2025-11-24 05:52:30,640 [INFO] ✅ Processed RH
2025-11-24 05:52:30,643 [INFO] ✅ Processed SJNK
2025-11-24 05:52:30,649 [INFO] ✅ Processed FPH
2025-11-24 05:52:30,654 [INFO] ✅ Processed BJUL
2025-11-24 05:52:30,665 [INFO] ✅ Processed JBGS
2025-11-24 05:52:30,667 [INFO] ✅ Processed AXE
2025-11-24 05:52:30,671 [INFO] ✅ Processed SHV
2025-11-24 05:52:30,673 [INFO] ✅ Processed ACAM
2025-11-24 05:52:30,683 [INFO] ✅ Processed FBIOP
2025-11-24 05:52:30,684 [INFO] ✅ Processed MNR
2025-11-24 05:52:30,693 [INFO] ✅ Processed MRCY
2025-11-24 05:52:30,705 [INFO] ✅ Processed TNP
2025-11-24 05:52:30,706 [INFO] ✅ Processed SKM
2025-11-24 05:52:30,707 [INFO] ✅ Processed HCCI
2025-11-24 05:52:30,713 [INFO] ✅ Processed SFYX
2025-11-24 05:52:30,738 [INFO] ✅ Processed FSS
2025-11-24 05:52:30,744 [INFO] ✅ Processed CMF
2025-11-24 05:52:30,750 [INFO] ✅ Processed QD
2025-11-24 05:52:30,756 [INFO] ✅ Processed BMRN
2025-11-24 05:52:30,789 [INFO] ✅ Processed LMRK
2025-11-24 05:52:30,800 [INFO] ✅ Processed SJI
2025-11-24 05:52:30,803 [INFO] ✅ Processed TOT
2025-11-24 05:52:30,808 [INFO] ✅ Processed THCBU
2025-11-24 05:52:30,811 [INFO] ✅ Processed LTRPB
2025-11-24 05:52:30,811 [INFO] ✅ Processed FSD
2025-11-24 05:52:30,817 [INFO] ✅ Processed NYMT
2025-11-24 05:52:30,823 [INFO] ✅ Processed AUB
2025-11-24 05:52:30,823 [INFO] ✅ Processed PW
2025-11-24 05:52:30,831 [INFO] ✅ Processed PVBC
2025-11-24 05:52:30,831 [INFO] ✅ Processed DJD
2025-11-24 05:52:30,840 [INFO] ✅ Processed DIVC
2025-11-24 05:52:30,841 [INFO] ✅ Processed EMGF
2025-11-24 05:52:30,851 [INFO] ✅ Processed HIE
2025-11-24 05:52:30,851 [INFO] ✅ Processed AVLR
2025-11-24 05:52:30,866 [INFO] ✅ Processed AVY
2025-11-24 05:52:30,873 [INFO] ✅ Processed TDTT
2025-11-24 05:52:30,876 [INFO] ✅ Processed FM
2025-11-24 05:52:30,878 [INFO] ✅ Processed TCRR
2025-11-24 05:52:30,892 [INFO] ✅ Processed CLB
2025-11-24 05:52:30,899 [INFO] ✅ Processed FDM
2025-11-24 05:52:30,904 [INFO] ✅ Processed FTAI
2025-11-24 05:52:30,908 [INFO] ✅ Processed LFUS
2025-11-24 05:52:30,920 [INFO] ✅ Processed CXP
2025-11-24 05:52:30,938 [INFO] ✅ Processed STRA
2025-11-24 05:52:30,947 [INFO] ✅ Processed PMBC
2025-11-24 05:52:30,956 [INFO] ✅ Processed PTMN
2025-11-24 05:52:30,957 [INFO] ✅ Processed EV
2025-11-24 05:52:30,962 [INFO] ✅ Processed RBIN
2025-11-24 05:52:30,964 [INFO] ✅ Processed MVC
2025-11-24 05:52:30,965 [INFO] ✅ Processed AAP
2025-11-24 05:52:30,967 [INFO] ✅ Processed GRIL
2025-11-24 05:52:30,977 [INFO] ✅ Processed QES
2025-11-24 05:52:30,984 [INFO] ✅ Processed MRCCL
2025-11-24 05:52:30,988 [INFO] ✅ Processed XLB
2025-11-24 05:52:30,994 [INFO] ✅ Processed FEI
2025-11-24 05:52:31,010 [INFO] ✅ Processed FCTR
2025-11-24 05:52:31,010 [INFO] ✅ Processed FFR
2025-11-24 05:52:31,032 [INFO] ✅ Processed MGLN
2025-11-24 05:52:31,059 [INFO] ✅ Processed MUX
2025-11-24 05:52:31,082 [INFO] ✅ Processed ATVI
2025-11-24 05:52:31,084 [INFO] ✅ Processed GULF
2025-11-24 05:52:31,095 [INFO] ✅ Processed XLU
2025-11-24 05:52:31,096 [INFO] ✅ Processed PAUG
2025-11-24 05:52:31,100 [INFO] ✅ Processed IBMJ
2025-11-24 05:52:31,119 [INFO] ✅ Processed PSET
2025-11-24 05:52:31,119 [INFO] ✅ Processed QED
2025-11-24 05:52:31,124 [INFO] ✅ Processed VBF
2025-11-24 05:52:31,137 [INFO] ✅ Processed CETX
2025-11-24 05:52:31,144 [INFO] ✅ Processed BDCY
2025-11-24 05:52:31,153 [INFO] ✅ Processed EA
2025-11-24 05:52:31,167 [INFO] ✅ Processed DE
2025-11-24 05:52:31,168 [INFO] ✅ Processed FKU
2025-11-24 05:52:31,176 [INFO] ✅ Processed MVT
2025-11-24 05:52:31,182 [INFO] ✅ Processed EVRG
2025-11-24 05:52:31,189 [INFO] ✅ Processed SOHO
2025-11-24 05:52:31,199 [INFO] ✅ Processed CWH
2025-11-24 05:52:31,260 [INFO] ✅ Processed FHN
2025-11-24 05:52:31,260 [INFO] ✅ Processed INUV
2025-11-24 05:52:31,280 [INFO] ✅ Processed MINI
2025-11-24 05:52:31,287 [INFO] ✅ Processed ANH
2025-11-24 05:52:31,303 [INFO] ✅ Processed OFED
2025-11-24 05:52:31,323 [INFO] ✅ Processed HACK
2025-11-24 05:52:31,345 [INFO] ✅ Processed AMS
2025-11-24 05:52:31,362 [INFO] ✅ Processed QHC
2025-11-24 05:52:31,362 [INFO] ✅ Processed VMI
2025-11-24 05:52:31,369 [INFO] ✅ Processed BSCT
2025-11-24 05:52:31,377 [INFO] ✅ Processed PAYS
2025-11-24 05:52:31,391 [INFO] ✅ Processed AACG
2025-11-24 05:52:31,394 [INFO] ✅ Processed CTS
2025-11-24 05:52:31,399 [INFO] ✅ Processed CPAA
2025-11-24 05:52:31,408 [INFO] ✅ Processed TTI
2025-11-24 05:52:31,433 [INFO] ✅ Processed MIME
2025-11-24 05:52:31,437 [INFO] ✅ Processed HEQ
2025-11-24 05:52:31,448 [INFO] ✅ Processed PSEC
2025-11-24 05:52:31,458 [INFO] ✅ Processed SMRT
2025-11-24 05:52:31,465 [INFO] ✅ Processed HDB
2025-11-24 05:52:31,503 [INFO] ✅ Processed VNE
2025-11-24 05:52:31,505 [INFO] ✅ Processed GNUS
2025-11-24 05:52:31,506 [INFO] ✅ Processed SPG
2025-11-24 05:52:31,507 [INFO] ✅ Processed EMKR
2025-11-24 05:52:31,512 [INFO] ✅ Processed FITBO
2025-11-24 05:52:31,514 [INFO] ✅ Processed KOSS
2025-11-24 05:52:31,517 [INFO] ✅ Processed DWEQ
2025-11-24 05:52:31,523 [INFO] ✅ Processed XBI
2025-11-24 05:52:31,590 [INFO] ✅ Processed XPER
2025-11-24 05:52:31,605 [INFO] ✅ Processed HEWJ
2025-11-24 05:52:31,611 [INFO] ✅ Processed XAR
2025-11-24 05:52:31,613 [INFO] ✅ Processed RXL
2025-11-24 05:52:31,624 [INFO] ✅ Processed RCON
2025-11-24 05:52:31,625 [INFO] ✅ Processed OCCIP
2025-11-24 05:52:31,631 [INFO] ✅ Processed SIEN
2025-11-24 05:52:31,638 [INFO] ✅ Processed APLT
2025-11-24 05:52:31,646 [INFO] ✅ Processed AMD
2025-11-24 05:52:31,649 [INFO] ✅ Processed CALM
2025-11-24 05:52:31,653 [INFO] ✅ Processed MOBL
2025-11-24 05:52:31,653 [INFO] ✅ Processed ONEM
2025-11-24 05:52:31,658 [INFO] ✅ Processed RDHL
2025-11-24 05:52:31,665 [INFO] ✅ Processed ERII
2025-11-24 05:52:31,668 [INFO] ✅ Processed GCI
2025-11-24 05:52:31,671 [INFO] ✅ Processed HGLB
2025-11-24 05:52:31,688 [INFO] ✅ Processed DFIN
2025-11-24 05:52:31,688 [INFO] ✅ Processed MYL
2025-11-24 05:52:31,693 [INFO] ✅ Processed SESN
2025-11-24 05:52:31,693 [INFO] ✅ Processed PBW
2025-11-24 05:52:31,694 [INFO] ✅ Processed VTSI
2025-11-24 05:52:31,697 [INFO] ✅ Processed RYH
2025-11-24 05:52:31,701 [INFO] ✅ Processed VFMF
2025-11-24 05:52:31,707 [INFO] ✅ Processed YIN
2025-11-24 05:52:31,709 [INFO] ✅ Processed TPIF
2025-11-24 05:52:31,712 [INFO] ✅ Processed HYGV
2025-11-24 05:52:31,721 [INFO] ✅ Processed TIGO
2025-11-24 05:52:31,740 [INFO] ✅ Processed FNDE
2025-11-24 05:52:31,742 [INFO] ✅ Processed CHEK
2025-11-24 05:52:31,744 [INFO] ✅ Processed CANE
2025-11-24 05:52:31,752 [INFO] ✅ Processed EYE
2025-11-24 05:52:31,752 [INFO] ✅ Processed GAA
2025-11-24 05:52:31,774 [INFO] ✅ Processed RAVN
2025-11-24 05:52:31,777 [INFO] ✅ Processed DOMO
2025-11-24 05:52:31,786 [INFO] ✅ Processed GLQ
2025-11-24 05:52:31,794 [INFO] ✅ Processed IBB
2025-11-24 05:52:31,795 [INFO] ✅ Processed IOR
2025-11-24 05:52:31,804 [INFO] ✅ Processed FNJN
2025-11-24 05:52:31,808 [INFO] ✅ Processed KLAC
2025-11-24 05:52:31,809 [INFO] ✅ Processed EWN
2025-11-24 05:52:31,811 [INFO] ✅ Processed MAAX
2025-11-24 05:52:31,834 [INFO] ✅ Processed RWT
2025-11-24 05:52:31,839 [INFO] ✅ Processed PBFS
2025-11-24 05:52:31,841 [INFO] ✅ Processed NDAQ
2025-11-24 05:52:31,860 [INFO] ✅ Processed UPV
2025-11-24 05:52:31,865 [INFO] ✅ Processed URI
2025-11-24 05:52:31,875 [INFO] ✅ Processed BQH
2025-11-24 05:52:31,896 [INFO] ✅ Processed CVCO
2025-11-24 05:52:31,902 [INFO] ✅ Processed RVP
2025-11-24 05:52:31,909 [INFO] ✅ Processed ENTR
2025-11-24 05:52:31,923 [INFO] ✅ Processed COLB
2025-11-24 05:52:31,934 [INFO] ✅ Processed PMO
2025-11-24 05:52:31,940 [INFO] ✅ Processed GOSS
2025-11-24 05:52:31,943 [INFO] ✅ Processed USM
2025-11-24 05:52:31,943 [INFO] ✅ Processed ICF
2025-11-24 05:52:31,949 [INFO] ✅ Processed WHR
2025-11-24 05:52:31,965 [INFO] ✅ Processed ANIK
2025-11-24 05:52:31,966 [INFO] ✅ Processed ETB
2025-11-24 05:52:31,972 [INFO] ✅ Processed CHIH
2025-11-24 05:52:31,979 [INFO] ✅ Processed WIA
2025-11-24 05:52:31,987 [INFO] ✅ Processed EWY
2025-11-24 05:52:31,987 [INFO] ✅ Processed NXPI
2025-11-24 05:52:31,990 [INFO] ✅ Processed LIQT
2025-11-24 05:52:31,993 [INFO] ✅ Processed NEW
2025-11-24 05:52:31,993 [INFO] ✅ Processed ARMR
2025-11-24 05:52:32,015 [INFO] ✅ Processed PMX
2025-11-24 05:52:32,028 [INFO] ✅ Processed TBNK
2025-11-24 05:52:32,030 [INFO] ✅ Processed LYTS
2025-11-24 05:52:32,039 [INFO] ✅ Processed VTIP
2025-11-24 05:52:32,051 [INFO] ✅ Processed NPA
2025-11-24 05:52:32,061 [INFO] ✅ Processed WRTC
2025-11-24 05:52:32,072 [INFO] ✅ Processed KMX
2025-11-24 05:52:32,080 [INFO] ✅ Processed IWC
2025-11-24 05:52:32,082 [INFO] ✅ Processed PNC
2025-11-24 05:52:32,082 [INFO] ✅ Processed TBLT
2025-11-24 05:52:32,084 [INFO] ✅ Processed KBAL
2025-11-24 05:52:32,092 [INFO] ✅ Processed NAII
2025-11-24 05:52:32,092 [INFO] ✅ Processed NFLT
2025-11-24 05:52:32,098 [INFO] ✅ Processed PRVB
2025-11-24 05:52:32,102 [INFO] ✅ Processed BEST
2025-11-24 05:52:32,108 [INFO] ✅ Processed YRD
2025-11-24 05:52:32,111 [INFO] ✅ Processed BGR
2025-11-24 05:52:32,114 [INFO] ✅ Processed BGIO
2025-11-24 05:52:32,123 [INFO] ✅ Processed RBB
2025-11-24 05:52:32,126 [INFO] ✅ Processed FELE
2025-11-24 05:52:32,135 [INFO] ✅ Processed EAT
2025-11-24 05:52:32,135 [INFO] ✅ Processed GXC
2025-11-24 05:52:32,143 [INFO] ✅ Processed FBIO
2025-11-24 05:52:32,146 [INFO] ✅ Processed EGIF
2025-11-24 05:52:32,154 [INFO] ✅ Processed KOP
2025-11-24 05:52:32,156 [INFO] ✅ Processed WRK
2025-11-24 05:52:32,158 [INFO] ✅ Processed SEDG
2025-11-24 05:52:32,161 [INFO] ✅ Processed NPV
2025-11-24 05:52:32,163 [INFO] ✅ Processed SLAB
2025-11-24 05:52:32,173 [INFO] ✅ Processed HECO
2025-11-24 05:52:32,175 [INFO] ✅ Processed RMM
2025-11-24 05:52:32,197 [INFO] ✅ Processed ENLC
2025-11-24 05:52:32,209 [INFO] ✅ Processed PWV
2025-11-24 05:52:32,218 [INFO] ✅ Processed PUI
2025-11-24 05:52:32,220 [INFO] ✅ Processed CMCO
2025-11-24 05:52:32,225 [INFO] ✅ Processed TLND
2025-11-24 05:52:32,263 [INFO] ✅ Processed PILL
2025-11-24 05:52:32,299 [INFO] ✅ Processed PINS
2025-11-24 05:52:32,321 [INFO] ✅ Processed ELD
2025-11-24 05:52:32,337 [INFO] ✅ Processed QQXT
2025-11-24 05:52:32,394 [INFO] ✅ Processed ELS
2025-11-24 05:52:32,411 [INFO] ✅ Processed CTBI
2025-11-24 05:52:32,420 [INFO] ✅ Processed BKF
2025-11-24 05:52:32,422 [INFO] ✅ Processed IYH
2025-11-24 05:52:32,426 [INFO] ✅ Processed ESGRO
2025-11-24 05:52:32,430 [INFO] ✅ Processed RLI
2025-11-24 05:52:32,434 [INFO] ✅ Processed WSO
2025-11-24 05:52:32,453 [INFO] ✅ Processed UJPY
2025-11-24 05:52:32,463 [INFO] ✅ Processed MTCH
2025-11-24 05:52:32,466 [INFO] ✅ Processed LEU
2025-11-24 05:52:32,471 [INFO] ✅ Processed WPC
2025-11-24 05:52:32,480 [INFO] ✅ Processed LGH
2025-11-24 05:52:32,482 [INFO] ✅ Processed ELF
2025-11-24 05:52:32,486 [INFO] ✅ Processed ENLV
2025-11-24 05:52:32,558 [INFO] ✅ Processed NVEE
2025-11-24 05:52:32,561 [INFO] ✅ Processed NVDA
2025-11-24 05:52:32,568 [INFO] ✅ Processed BKD
2025-11-24 05:52:32,573 [INFO] ✅ Processed SNUG
2025-11-24 05:52:32,574 [INFO] ✅ Processed IYJ
2025-11-24 05:52:32,574 [INFO] ✅ Processed PWC
2025-11-24 05:52:32,593 [INFO] ✅ Processed RMTI
2025-11-24 05:52:32,609 [INFO] ✅ Processed PAACU
2025-11-24 05:52:32,615 [INFO] ✅ Processed ROG
2025-11-24 05:52:32,618 [INFO] ✅ Processed EMB
2025-11-24 05:52:32,618 [INFO] ✅ Processed BIIB
2025-11-24 05:52:32,629 [INFO] ✅ Processed PVG
2025-11-24 05:52:32,632 [INFO] ✅ Processed UFEB
2025-11-24 05:52:32,642 [INFO] ✅ Processed TREE
2025-11-24 05:52:32,661 [INFO] ✅ Processed IXN
2025-11-24 05:52:32,669 [INFO] ✅ Processed GDXJ
2025-11-24 05:52:32,671 [INFO] ✅ Processed FRBA
2025-11-24 05:52:32,684 [INFO] ✅ Processed CHRW
2025-11-24 05:52:32,697 [INFO] ✅ Processed BIL
2025-11-24 05:52:32,701 [INFO] ✅ Processed GDYN
2025-11-24 05:52:32,729 [INFO] ✅ Processed MMLP
2025-11-24 05:52:32,730 [INFO] ✅ Processed MCBC
2025-11-24 05:52:32,750 [INFO] ✅ Processed PUK
2025-11-24 05:52:32,754 [INFO] ✅ Processed ROP
2025-11-24 05:52:32,762 [INFO] ✅ Processed SLNO
2025-11-24 05:52:32,779 [INFO] ✅ Processed XMHQ
2025-11-24 05:52:32,781 [INFO] ✅ Processed HEAR
2025-11-24 05:52:32,805 [INFO] ✅ Processed CJJD
2025-11-24 05:52:32,814 [INFO] ✅ Processed CFRX
2025-11-24 05:52:32,815 [INFO] ✅ Processed WRI
2025-11-24 05:52:32,828 [INFO] ✅ Processed VTGN
2025-11-24 05:52:32,851 [INFO] ✅ Processed FIXX
2025-11-24 05:52:32,873 [INFO] ✅ Processed WSM
2025-11-24 05:52:32,894 [INFO] ✅ Processed IVR
2025-11-24 05:52:32,919 [INFO] ✅ Processed IDXX
2025-11-24 05:52:32,924 [INFO] ✅ Processed CMCM
2025-11-24 05:52:32,924 [INFO] ✅ Processed RCD
2025-11-24 05:52:32,932 [INFO] ✅ Processed BFC
2025-11-24 05:52:32,941 [INFO] ✅ Processed BRQS
2025-11-24 05:52:32,953 [INFO] ✅ Processed LIT
2025-11-24 05:52:32,956 [INFO] ✅ Processed NRK
2025-11-24 05:52:32,970 [INFO] ✅ Processed ITM
2025-11-24 05:52:32,976 [INFO] ✅ Processed CCNE
2025-11-24 05:52:32,977 [INFO] ✅ Processed PZD
2025-11-24 05:52:32,978 [INFO] ✅ Processed YNDX
2025-11-24 05:52:32,983 [INFO] ✅ Processed NQP
2025-11-24 05:52:32,989 [INFO] ✅ Processed APVO
2025-11-24 05:52:32,993 [INFO] ✅ Processed LGIH
2025-11-24 05:52:32,996 [INFO] ✅ Processed IWV
2025-11-24 05:52:33,000 [INFO] ✅ Processed FLDR
2025-11-24 05:52:33,004 [INFO] ✅ Processed YETI
2025-11-24 05:52:33,010 [INFO] ✅ Processed SPSC
2025-11-24 05:52:33,015 [INFO] ✅ Processed RCS
2025-11-24 05:52:33,021 [INFO] ✅ Processed IVE
2025-11-24 05:52:33,023 [INFO] ✅ Processed VVPR
2025-11-24 05:52:33,029 [INFO] ✅ Processed ARMP
2025-11-24 05:52:33,030 [INFO] ✅ Processed DAUD
2025-11-24 05:52:33,031 [INFO] ✅ Processed PRTH
2025-11-24 05:52:33,033 [INFO] ✅ Processed FBIZ
2025-11-24 05:52:33,034 [INFO] ✅ Processed BGG
2025-11-24 05:52:33,034 [INFO] ✅ Processed ZUMZ
2025-11-24 05:52:33,040 [INFO] ✅ Processed IHTA
2025-11-24 05:52:33,042 [INFO] ✅ Processed NXRT
2025-11-24 05:52:33,045 [INFO] ✅ Processed OLEM
2025-11-24 05:52:33,047 [INFO] ✅ Processed SWCH
2025-11-24 05:52:33,051 [INFO] ✅ Processed GXGXU
2025-11-24 05:52:33,053 [INFO] ✅ Processed HYIH
2025-11-24 05:52:33,054 [INFO] ✅ Processed BRF
2025-11-24 05:52:33,055 [INFO] ✅ Processed FLQD
2025-11-24 05:52:33,060 [INFO] ✅ Processed USX
2025-11-24 05:52:33,065 [INFO] ✅ Processed BPY
2025-11-24 05:52:33,066 [INFO] ✅ Processed JCOM
2025-11-24 05:52:33,074 [INFO] ✅ Processed GLD
2025-11-24 05:52:33,084 [INFO] ✅ Processed CTXR
2025-11-24 05:52:33,085 [INFO] ✅ Processed FLQS
2025-11-24 05:52:33,086 [INFO] ✅ Processed WHG
2025-11-24 05:52:33,093 [INFO] ✅ Processed WIT
2025-11-24 05:52:33,106 [INFO] ✅ Processed RTM
2025-11-24 05:52:33,112 [INFO] ✅ Processed POR
2025-11-24 05:52:33,119 [INFO] ✅ Processed ELOX
2025-11-24 05:52:33,122 [INFO] ✅ Processed ETW
2025-11-24 05:52:33,124 [INFO] ✅ Processed EVH
2025-11-24 05:52:33,126 [INFO] ✅ Processed BBBY
2025-11-24 05:52:33,127 [INFO] ✅ Processed ENTG
2025-11-24 05:52:33,136 [INFO] ✅ Processed GNL
2025-11-24 05:52:33,137 [INFO] ✅ Processed ICD
2025-11-24 05:52:33,138 [INFO] ✅ Processed WLKP
2025-11-24 05:52:33,147 [INFO] ✅ Processed DOOR
2025-11-24 05:52:33,150 [INFO] ✅ Processed TYME
2025-11-24 05:52:33,151 [INFO] ✅ Processed NEU
2025-11-24 05:52:33,153 [INFO] ✅ Processed USO
2025-11-24 05:52:33,158 [INFO] ✅ Processed EWL
2025-11-24 05:52:33,160 [INFO] ✅ Processed CALX
2025-11-24 05:52:33,161 [INFO] ✅ Processed DVOP
2025-11-24 05:52:33,165 [INFO] ✅ Processed HIBS
2025-11-24 05:52:33,166 [INFO] ✅ Processed IZEA
2025-11-24 05:52:33,168 [INFO] ✅ Processed AGND
2025-11-24 05:52:33,169 [INFO] ✅ Processed BLMN
2025-11-24 05:52:33,171 [INFO] ✅ Processed MANU
2025-11-24 05:52:33,190 [INFO] ✅ Processed EBND
2025-11-24 05:52:33,199 [INFO] ✅ Processed PMM
2025-11-24 05:52:33,214 [INFO] ✅ Processed RMBS
2025-11-24 05:52:33,227 [INFO] ✅ Processed GBX
2025-11-24 05:52:33,229 [INFO] ✅ Processed PCF
2025-11-24 05:52:33,230 [INFO] ✅ Processed INT
2025-11-24 05:52:33,231 [INFO] ✅ Processed ENZL
2025-11-24 05:52:33,232 [INFO] ✅ Processed PBB
2025-11-24 05:52:33,238 [INFO] ✅ Processed AGMH
2025-11-24 05:52:33,241 [INFO] ✅ Processed CANG
2025-11-24 05:52:33,248 [INFO] ✅ Processed UFPT
2025-11-24 05:52:33,257 [INFO] ✅ Processed ONDK
2025-11-24 05:52:33,259 [INFO] ✅ Processed SPKE
2025-11-24 05:52:33,262 [INFO] ✅ Processed GDOT
2025-11-24 05:52:33,266 [INFO] ✅ Processed RXN
2025-11-24 05:52:33,268 [INFO] ✅ Processed EXC
2025-11-24 05:52:33,276 [INFO] ✅ Processed ONEO
2025-11-24 05:52:33,282 [INFO] ✅ Processed EPRT
2025-11-24 05:52:33,282 [INFO] ✅ Processed RYJ
2025-11-24 05:52:33,283 [INFO] ✅ Processed IMO
2025-11-24 05:52:33,288 [INFO] ✅ Processed PCQ
2025-11-24 05:52:33,310 [INFO] ✅ Processed TWOU
2025-11-24 05:52:33,341 [INFO] ✅ Processed HOLI
2025-11-24 05:52:33,343 [INFO] ✅ Processed SYBT
2025-11-24 05:52:33,347 [INFO] ✅ Processed CVY
2025-11-24 05:52:33,356 [INFO] ✅ Processed TVC
2025-11-24 05:52:33,359 [INFO] ✅ Processed CPAC
2025-11-24 05:52:33,376 [INFO] ✅ Processed BSBR
2025-11-24 05:52:33,390 [INFO] ✅ Processed WSFS
2025-11-24 05:52:33,402 [INFO] ✅ Processed VOC
2025-11-24 05:52:33,414 [INFO] ✅ Processed CUB
2025-11-24 05:52:33,423 [INFO] ✅ Processed ALB
2025-11-24 05:52:33,424 [INFO] ✅ Processed SPE
2025-11-24 05:52:33,429 [INFO] ✅ Processed MYN
2025-11-24 05:52:33,430 [INFO] ✅ Processed HES
2025-11-24 05:52:33,431 [INFO] ✅ Processed MLPI
2025-11-24 05:52:33,454 [INFO] ✅ Processed BSBE
2025-11-24 05:52:33,460 [INFO] ✅ Processed HOMZ
2025-11-24 05:52:33,461 [INFO] ✅ Processed KORU
2025-11-24 05:52:33,470 [INFO] ✅ Processed SPR
2025-11-24 05:52:33,472 [INFO] ✅ Processed DRW
2025-11-24 05:52:33,477 [INFO] ✅ Processed HD
2025-11-24 05:52:33,493 [INFO] ✅ Processed SSI
2025-11-24 05:52:33,508 [INFO] ✅ Processed INTG
2025-11-24 05:52:33,509 [INFO] ✅ Processed INWK
2025-11-24 05:52:33,510 [INFO] ✅ Processed DSS
2025-11-24 05:52:33,520 [INFO] ✅ Processed VOT
2025-11-24 05:52:33,522 [INFO] ✅ Processed MYY
2025-11-24 05:52:33,530 [INFO] ✅ Processed PAWZ
2025-11-24 05:52:33,531 [INFO] ✅ Processed RIVE
2025-11-24 05:52:33,535 [INFO] ✅ Processed TAGS
2025-11-24 05:52:33,540 [INFO] ✅ Processed SQLV
2025-11-24 05:52:33,554 [INFO] ✅ Processed EC
2025-11-24 05:52:33,558 [INFO] ✅ Processed ZTS
2025-11-24 05:52:33,563 [INFO] ✅ Processed CZZ
2025-11-24 05:52:33,567 [INFO] ✅ Processed AON
2025-11-24 05:52:33,572 [INFO] ✅ Processed SHOO
2025-11-24 05:52:33,576 [INFO] ✅ Processed VLO
2025-11-24 05:52:33,587 [INFO] ✅ Processed HHT
2025-11-24 05:52:33,589 [INFO] ✅ Processed STRT
2025-11-24 05:52:33,595 [INFO] ✅ Processed JRO
2025-11-24 05:52:33,615 [INFO] ✅ Processed FFG
2025-11-24 05:52:33,619 [INFO] ✅ Processed MVV
2025-11-24 05:52:33,624 [INFO] ✅ Processed DG
2025-11-24 05:52:33,634 [INFO] ✅ Processed CXE
2025-11-24 05:52:33,644 [INFO] ✅ Processed RENN
2025-11-24 05:52:33,652 [INFO] ✅ Processed ET
2025-11-24 05:52:33,657 [INFO] ✅ Processed GRIN
2025-11-24 05:52:33,657 [INFO] ✅ Processed OMI
2025-11-24 05:52:33,659 [INFO] ✅ Processed JQC
2025-11-24 05:52:33,663 [INFO] ✅ Processed ONE
2025-11-24 05:52:33,667 [INFO] ✅ Processed FDX
2025-11-24 05:52:33,685 [INFO] ✅ Processed IBND
2025-11-24 05:52:33,691 [INFO] ✅ Processed HHC
2025-11-24 05:52:33,705 [INFO] ✅ Processed ACM
2025-11-24 05:52:33,709 [INFO] ✅ Processed TYL
2025-11-24 05:52:33,711 [INFO] ✅ Processed HIG
2025-11-24 05:52:33,712 [INFO] ✅ Processed GLBZ
2025-11-24 05:52:33,717 [INFO] ✅ Processed CRUS
2025-11-24 05:52:33,720 [INFO] ✅ Processed HDGE
2025-11-24 05:52:33,725 [INFO] ✅ Processed LFAC
2025-11-24 05:52:33,729 [INFO] ✅ Processed GBLI
2025-11-24 05:52:33,749 [INFO] ✅ Processed HMOP
2025-11-24 05:52:33,756 [INFO] ✅ Processed HCAC
2025-11-24 05:52:33,764 [INFO] ✅ Processed RPAY
2025-11-24 05:52:33,769 [INFO] ✅ Processed ESXB
2025-11-24 05:52:33,771 [INFO] ✅ Processed SKX
2025-11-24 05:52:33,784 [INFO] ✅ Processed JEQ
2025-11-24 05:52:33,791 [INFO] ✅ Processed DIVA
2025-11-24 05:52:33,792 [INFO] ✅ Processed DHY
2025-11-24 05:52:33,793 [INFO] ✅ Processed SY
2025-11-24 05:52:33,795 [INFO] ✅ Processed EZPW
2025-11-24 05:52:33,796 [INFO] ✅ Processed EFAX
2025-11-24 05:52:33,802 [INFO] ✅ Processed TTEC
2025-11-24 05:52:33,802 [INFO] ✅ Processed BJUN
2025-11-24 05:52:33,816 [INFO] ✅ Processed IPDN
2025-11-24 05:52:33,823 [INFO] ✅ Processed HCAT
2025-11-24 05:52:33,828 [INFO] ✅ Processed AMLP
2025-11-24 05:52:33,829 [INFO] ✅ Processed PB
2025-11-24 05:52:33,831 [INFO] ✅ Processed IPFF
2025-11-24 05:52:33,845 [INFO] ✅ Processed VVV
2025-11-24 05:52:33,868 [INFO] ✅ Processed CMD
2025-11-24 05:52:33,871 [INFO] ✅ Processed CLW
2025-11-24 05:52:33,877 [INFO] ✅ Processed FCCY
2025-11-24 05:52:33,885 [INFO] ✅ Processed KMPH
2025-11-24 05:52:33,886 [INFO] ✅ Processed SIG
2025-11-24 05:52:33,891 [INFO] ✅ Processed EVIX
2025-11-24 05:52:33,893 [INFO] ✅ Processed IBTJ
2025-11-24 05:52:33,893 [INFO] ✅ Processed DLHC
2025-11-24 05:52:33,903 [INFO] ✅ Processed ESTA
2025-11-24 05:52:33,910 [INFO] ✅ Processed VTI
2025-11-24 05:52:33,915 [INFO] ✅ Processed HAUD
2025-11-24 05:52:33,918 [INFO] ✅ Processed ASIX
2025-11-24 05:52:33,918 [INFO] ✅ Processed FCOM
2025-11-24 05:52:33,923 [INFO] ✅ Processed TBF
2025-11-24 05:52:33,925 [INFO] ✅ Processed CRESY
2025-11-24 05:52:33,937 [INFO] ✅ Processed JEF
2025-11-24 05:52:33,948 [INFO] ✅ Processed CMS
2025-11-24 05:52:33,953 [INFO] ✅ Processed SFUN
2025-11-24 05:52:33,961 [INFO] ✅ Processed QGRO
2025-11-24 05:52:33,971 [INFO] ✅ Processed CCX
2025-11-24 05:52:33,986 [INFO] ✅ Processed MNP
2025-11-24 05:52:33,995 [INFO] ✅ Processed EXFO
2025-11-24 05:52:34,001 [INFO] ✅ Processed CAG
2025-11-24 05:52:34,007 [INFO] ✅ Processed SVRA
2025-11-24 05:52:34,007 [INFO] ✅ Processed INCY
2025-11-24 05:52:34,009 [INFO] ✅ Processed HPR
2025-11-24 05:52:34,018 [INFO] ✅ Processed RGLD
2025-11-24 05:52:34,064 [INFO] ✅ Processed DFE
2025-11-24 05:52:34,066 [INFO] ✅ Processed LBRDA
2025-11-24 05:52:34,082 [INFO] ✅ Processed SCID
2025-11-24 05:52:34,088 [INFO] ✅ Processed HSIC
2025-11-24 05:52:34,093 [INFO] ✅ Processed FATE
2025-11-24 05:52:34,098 [INFO] ✅ Processed IBUY
2025-11-24 05:52:34,107 [INFO] ✅ Processed AAWW
2025-11-24 05:52:34,111 [INFO] ✅ Processed RGLS
2025-11-24 05:52:34,112 [INFO] ✅ Processed DDM
2025-11-24 05:52:34,114 [INFO] ✅ Processed CIICU
2025-11-24 05:52:34,119 [INFO] ✅ Processed SCHW
2025-11-24 05:52:34,122 [INFO] ✅ Processed AQST
2025-11-24 05:52:34,128 [INFO] ✅ Processed GIGE
2025-11-24 05:52:34,136 [INFO] ✅ Processed CCO
2025-11-24 05:52:34,137 [INFO] ✅ Processed HPE
2025-11-24 05:52:34,137 [INFO] ✅ Processed ATNM
2025-11-24 05:52:34,139 [INFO] ✅ Processed AZO
2025-11-24 05:52:34,143 [INFO] ✅ Processed OVB
2025-11-24 05:52:34,145 [INFO] ✅ Processed BCSF
2025-11-24 05:52:34,146 [INFO] ✅ Processed CENT
2025-11-24 05:52:34,147 [INFO] ✅ Processed FFSG
2025-11-24 05:52:34,155 [INFO] ✅ Processed RWIU
2025-11-24 05:52:34,156 [INFO] ✅ Processed FDHY
2025-11-24 05:52:34,159 [INFO] ✅ Processed DEI
2025-11-24 05:52:34,164 [INFO] ✅ Processed INCO
2025-11-24 05:52:34,167 [INFO] ✅ Processed AVUS
2025-11-24 05:52:34,172 [INFO] ✅ Processed SES
2025-11-24 05:52:34,176 [INFO] ✅ Processed IIGV
2025-11-24 05:52:34,177 [INFO] ✅ Processed SCHA
2025-11-24 05:52:34,179 [INFO] ✅ Processed LDUR
2025-11-24 05:52:34,184 [INFO] ✅ Processed DFS
2025-11-24 05:52:34,200 [INFO] ✅ Processed RETA
2025-11-24 05:52:34,200 [INFO] ✅ Processed AXP
2025-11-24 05:52:34,207 [INFO] ✅ Processed ACOR
2025-11-24 05:52:34,209 [INFO] ✅ Processed ZIONL
2025-11-24 05:52:34,210 [INFO] ✅ Processed LAIX
2025-11-24 05:52:34,216 [INFO] ✅ Processed GPJA
2025-11-24 05:52:34,217 [INFO] ✅ Processed TAK
2025-11-24 05:52:34,224 [INFO] ✅ Processed INBK
2025-11-24 05:52:34,228 [INFO] ✅ Processed IPKW
2025-11-24 05:52:34,233 [INFO] ✅ Processed OMCL
2025-11-24 05:52:34,243 [INFO] ✅ Processed CRNX
2025-11-24 05:52:34,251 [INFO] ✅ Processed AMCI
2025-11-24 05:52:34,255 [INFO] ✅ Processed CRMT
2025-11-24 05:52:34,257 [INFO] ✅ Processed SCHV
2025-11-24 05:52:34,271 [INFO] ✅ Processed AZN
2025-11-24 05:52:34,273 [INFO] ✅ Processed JKL
2025-11-24 05:52:34,274 [INFO] ✅ Processed DWSH
2025-11-24 05:52:34,279 [INFO] ✅ Processed HPS
2025-11-24 05:52:34,279 [INFO] ✅ Processed NERD
2025-11-24 05:52:34,287 [INFO] ✅ Processed FMCIU
2025-11-24 05:52:34,299 [INFO] ✅ Processed RNET
2025-11-24 05:52:34,302 [INFO] ✅ Processed GNMA
2025-11-24 05:52:34,308 [INFO] ✅ Processed MLN
2025-11-24 05:52:34,309 [INFO] ✅ Processed PT
2025-11-24 05:52:34,313 [INFO] ✅ Processed SEE
2025-11-24 05:52:34,316 [INFO] ✅ Processed CAF
2025-11-24 05:52:34,330 [INFO] ✅ Processed PVAL
2025-11-24 05:52:34,341 [INFO] ✅ Processed NBTB
2025-11-24 05:52:34,349 [INFO] ✅ Processed HRL
2025-11-24 05:52:34,355 [INFO] ✅ Processed ATR
2025-11-24 05:52:34,366 [INFO] ✅ Processed DJP
2025-11-24 05:52:34,369 [INFO] ✅ Processed AWI
2025-11-24 05:52:34,373 [INFO] ✅ Processed COM
2025-11-24 05:52:34,379 [INFO] ✅ Processed CLIX
2025-11-24 05:52:34,387 [INFO] ✅ Processed XNTK
2025-11-24 05:52:34,388 [INFO] ✅ Processed CNRG
2025-11-24 05:52:34,395 [INFO] ✅ Processed FSP
2025-11-24 05:52:34,397 [INFO] ✅ Processed CNST
2025-11-24 05:52:34,413 [INFO] ✅ Processed SO
2025-11-24 05:52:34,419 [INFO] ✅ Processed AAXN
2025-11-24 05:52:34,420 [INFO] ✅ Processed VISL
2025-11-24 05:52:34,435 [INFO] ✅ Processed MCA
2025-11-24 05:52:34,442 [INFO] ✅ Processed CNI
2025-11-24 05:52:34,444 [INFO] ✅ Processed SSBI
2025-11-24 05:52:34,446 [INFO] ✅ Processed EXIV
2025-11-24 05:52:34,454 [INFO] ✅ Processed JFK
2025-11-24 05:52:34,458 [INFO] ✅ Processed FRT
2025-11-24 05:52:34,459 [INFO] ✅ Processed MUFG
2025-11-24 05:52:34,463 [INFO] ✅ Processed FCAP
2025-11-24 05:52:34,465 [INFO] ✅ Processed ZBH
2025-11-24 05:52:34,468 [INFO] ✅ Processed CSSEP
2025-11-24 05:52:34,469 [INFO] ✅ Processed FRC
2025-11-24 05:52:34,473 [INFO] ✅ Processed RWDE
2025-11-24 05:52:34,486 [INFO] ✅ Processed UGBP
2025-11-24 05:52:34,489 [INFO] ✅ Processed LTRPA
2025-11-24 05:52:34,504 [INFO] ✅ Processed DHX
2025-11-24 05:52:34,518 [INFO] ✅ Processed QBAK
2025-11-24 05:52:34,523 [INFO] ✅ Processed MCV
2025-11-24 05:52:34,532 [INFO] ✅ Processed CME
2025-11-24 05:52:34,543 [INFO] ✅ Processed FCCO
2025-11-24 05:52:34,547 [INFO] ✅ Processed CECE
2025-11-24 05:52:34,551 [INFO] ✅ Processed SIF
2025-11-24 05:52:34,557 [INFO] ✅ Processed QEP
2025-11-24 05:52:34,558 [INFO] ✅ Processed JRVR
2025-11-24 05:52:34,560 [INFO] ✅ Processed INMD
2025-11-24 05:52:34,568 [INFO] ✅ Processed EDNT
2025-11-24 05:52:34,568 [INFO] ✅ Processed TCFC
2025-11-24 05:52:34,578 [INFO] ✅ Processed MBRX
2025-11-24 05:52:34,585 [INFO] ✅ Processed FN
2025-11-24 05:52:34,587 [INFO] ✅ Processed XME
2025-11-24 05:52:34,592 [INFO] ✅ Processed RWSL
2025-11-24 05:52:34,600 [INFO] ✅ Processed DQ
2025-11-24 05:52:34,607 [INFO] ✅ Processed SKY
2025-11-24 05:52:34,617 [INFO] ✅ Processed SHBI
2025-11-24 05:52:34,620 [INFO] ✅ Processed MNDO
2025-11-24 05:52:34,626 [INFO] ✅ Processed UPWK
2025-11-24 05:52:34,628 [INFO] ✅ Processed VBR
2025-11-24 05:52:34,630 [INFO] ✅ Processed VCV
2025-11-24 05:52:34,636 [INFO] ✅ Processed FDN
2025-11-24 05:52:34,645 [INFO] ✅ Processed VIGI
2025-11-24 05:52:34,647 [INFO] ✅ Processed MYGN
2025-11-24 05:52:34,652 [INFO] ✅ Processed PSHG
2025-11-24 05:52:34,653 [INFO] ✅ Processed IBMI
2025-11-24 05:52:34,668 [INFO] ✅ Processed EB
2025-11-24 05:52:34,668 [INFO] ✅ Processed FFHL
2025-11-24 05:52:34,681 [INFO] ✅ Processed MRVL
2025-11-24 05:52:34,684 [INFO] ✅ Processed TZA
2025-11-24 05:52:34,693 [INFO] ✅ Processed EDOG
2025-11-24 05:52:34,701 [INFO] ✅ Processed XLV
2025-11-24 05:52:34,712 [INFO] ✅ Processed IGRO
2025-11-24 05:52:34,720 [INFO] ✅ Processed FGB
2025-11-24 05:52:34,722 [INFO] ✅ Processed RBCAA
2025-11-24 05:52:34,744 [INFO] ✅ Processed DRV
2025-11-24 05:52:34,750 [INFO] ✅ Processed UIVM
2025-11-24 05:52:34,758 [INFO] ✅ Processed ZTR
2025-11-24 05:52:34,768 [INFO] ✅ Processed CWK
2025-11-24 05:52:34,773 [INFO] ✅ Processed POTX
2025-11-24 05:52:34,775 [INFO] ✅ Processed AVAV
2025-11-24 05:52:34,777 [INFO] ✅ Processed MTH
2025-11-24 05:52:34,797 [INFO] ✅ Processed SRL
2025-11-24 05:52:34,798 [INFO] ✅ Processed ALT
2025-11-24 05:52:34,804 [INFO] ✅ Processed NUAN
2025-11-24 05:52:34,814 [INFO] ✅ Processed VNQ
2025-11-24 05:52:34,818 [INFO] ✅ Processed XOM
2025-11-24 05:52:34,819 [INFO] ✅ Processed AMP
2025-11-24 05:52:34,825 [INFO] ✅ Processed EXPC
2025-11-24 05:52:34,841 [INFO] ✅ Processed BDCZ
2025-11-24 05:52:34,843 [INFO] ✅ Processed CUT
2025-11-24 05:52:34,844 [INFO] ✅ Processed HR
2025-11-24 05:52:34,849 [INFO] ✅ Processed SOJD
2025-11-24 05:52:34,849 [INFO] ✅ Processed HDV
2025-11-24 05:52:34,859 [INFO] ✅ Processed OCC
2025-11-24 05:52:34,865 [INFO] ✅ Processed DWFI
2025-11-24 05:52:34,868 [INFO] ✅ Processed IRDM
2025-11-24 05:52:34,868 [INFO] ✅ Processed MLSS
2025-11-24 05:52:34,873 [INFO] ✅ Processed INTF
2025-11-24 05:52:34,881 [INFO] ✅ Processed QID
2025-11-24 05:52:34,885 [INFO] ✅ Processed FONR
2025-11-24 05:52:34,889 [INFO] ✅ Processed CNHI
2025-11-24 05:52:34,890 [INFO] ✅ Processed FAAR
2025-11-24 05:52:34,893 [INFO] ✅ Processed LIVKU
2025-11-24 05:52:34,897 [INFO] ✅ Processed MYO
2025-11-24 05:52:34,905 [INFO] ✅ Processed FTXH
2025-11-24 05:52:34,922 [INFO] ✅ Processed HOVNP
2025-11-24 05:52:34,923 [INFO] ✅ Processed ALC
2025-11-24 05:52:34,928 [INFO] ✅ Processed THMO
2025-11-24 05:52:34,937 [INFO] ✅ Processed CNFRL
2025-11-24 05:52:34,941 [INFO] ✅ Processed DSE
2025-11-24 05:52:34,943 [INFO] ✅ Processed VLY
2025-11-24 05:52:34,950 [INFO] ✅ Processed AMG
2025-11-24 05:52:34,951 [INFO] ✅ Processed CTG
2025-11-24 05:52:34,965 [INFO] ✅ Processed EZJ
2025-11-24 05:52:34,969 [INFO] ✅ Processed ETFC
2025-11-24 05:52:34,992 [INFO] ✅ Processed IDOG
2025-11-24 05:52:34,999 [INFO] ✅ Processed HE
2025-11-24 05:52:35,030 [INFO] ✅ Processed MOAT
2025-11-24 05:52:35,032 [INFO] ✅ Processed WDR
2025-11-24 05:52:35,034 [INFO] ✅ Processed TWLO
2025-11-24 05:52:35,058 [INFO] ✅ Processed GHYB
2025-11-24 05:52:35,059 [INFO] ✅ Processed CSPI
2025-11-24 05:52:35,073 [INFO] ✅ Processed PBT
2025-11-24 05:52:35,076 [INFO] ✅ Processed LQD
2025-11-24 05:52:35,082 [INFO] ✅ Processed HEWI
2025-11-24 05:52:35,093 [INFO] ✅ Processed CVX
2025-11-24 05:52:35,097 [INFO] ✅ Processed ONEY
2025-11-24 05:52:35,099 [INFO] ✅ Processed HURN
2025-11-24 05:52:35,099 [INFO] ✅ Processed CSSE
2025-11-24 05:52:35,100 [INFO] ✅ Processed CVLT
2025-11-24 05:52:35,107 [INFO] ✅ Processed GSMG
2025-11-24 05:52:35,109 [INFO] ✅ Processed HWKN
2025-11-24 05:52:35,164 [INFO] ✅ Processed CHFS
2025-11-24 05:52:35,176 [INFO] ✅ Processed PBC
2025-11-24 05:52:35,179 [INFO] ✅ Processed RZG
2025-11-24 05:52:35,184 [INFO] ✅ Processed CANF
2025-11-24 05:52:35,188 [INFO] ✅ Processed KTN
2025-11-24 05:52:35,191 [INFO] ✅ Processed SLYG
2025-11-24 05:52:35,191 [INFO] ✅ Processed TESS
2025-11-24 05:52:35,195 [INFO] ✅ Processed EGRX
2025-11-24 05:52:35,203 [INFO] ✅ Processed FNDF
2025-11-24 05:52:35,207 [INFO] ✅ Processed ICHR
2025-11-24 05:52:35,210 [INFO] ✅ Processed UAVS
2025-11-24 05:52:35,214 [INFO] ✅ Processed CMCSA
2025-11-24 05:52:35,220 [INFO] ✅ Processed AUSF
2025-11-24 05:52:35,222 [INFO] ✅ Processed GAB
2025-11-24 05:52:35,223 [INFO] ✅ Processed GSLC
2025-11-24 05:52:35,230 [INFO] ✅ Processed WEA
2025-11-24 05:52:35,233 [INFO] ✅ Processed MANT
2025-11-24 05:52:35,240 [INFO] ✅ Processed NHS
2025-11-24 05:52:35,245 [INFO] ✅ Processed IDMO
2025-11-24 05:52:35,276 [INFO] ✅ Processed ICE
2025-11-24 05:52:35,279 [INFO] ✅ Processed PML
2025-11-24 05:52:35,282 [INFO] ✅ Processed BRP
2025-11-24 05:52:35,283 [INFO] ✅ Processed USIO
2025-11-24 05:52:35,291 [INFO] ✅ Processed BST
2025-11-24 05:52:35,295 [INFO] ✅ Processed NTGN
2025-11-24 05:52:35,301 [INFO] ✅ Processed CTXS
2025-11-24 05:52:35,309 [INFO] ✅ Processed CCXI
2025-11-24 05:52:35,319 [INFO] ✅ Processed EVI
2025-11-24 05:52:35,320 [INFO] ✅ Processed PRAH
2025-11-24 05:52:35,330 [INFO] ✅ Processed PCG
2025-11-24 05:52:35,335 [INFO] ✅ Processed FPAY
2025-11-24 05:52:35,343 [INFO] ✅ Processed CHIK
2025-11-24 05:52:35,345 [INFO] ✅ Processed PNW
2025-11-24 05:52:35,360 [INFO] ✅ Processed ETV
2025-11-24 05:52:35,367 [INFO] ✅ Processed IBA
2025-11-24 05:52:35,372 [INFO] ✅ Processed WHF
2025-11-24 05:52:35,372 [INFO] ✅ Processed BNTX
2025-11-24 05:52:35,375 [INFO] ✅ Processed RTL
2025-11-24 05:52:35,384 [INFO] ✅ Processed DFEN
2025-11-24 05:52:35,385 [INFO] ✅ Processed NDP
2025-11-24 05:52:35,395 [INFO] ✅ Processed SYNA
2025-11-24 05:52:35,401 [INFO] ✅ Processed BRG
2025-11-24 05:52:35,403 [INFO] ✅ Processed EWM
2025-11-24 05:52:35,404 [INFO] ✅ Processed FLQE
2025-11-24 05:52:35,409 [INFO] ✅ Processed OGCP
2025-11-24 05:52:35,410 [INFO] ✅ Processed SWAV
2025-11-24 05:52:35,418 [INFO] ✅ Processed BREW
2025-11-24 05:52:35,420 [INFO] ✅ Processed SPGP
2025-11-24 05:52:35,421 [INFO] ✅ Processed KZR
2025-11-24 05:52:35,427 [INFO] ✅ Processed NET
2025-11-24 05:52:35,435 [INFO] ✅ Processed RAMP
2025-11-24 05:52:35,439 [INFO] ✅ Processed KOD
2025-11-24 05:52:35,442 [INFO] ✅ Processed TRIP
2025-11-24 05:52:35,458 [INFO] ✅ Processed UAMY
2025-11-24 05:52:35,459 [INFO] ✅ Processed BDJ
2025-11-24 05:52:35,459 [INFO] ✅ Processed EWZ
2025-11-24 05:52:35,463 [INFO] ✅ Processed KBWB
2025-11-24 05:52:35,464 [INFO] ✅ Processed SBNA
2025-11-24 05:52:35,470 [INFO] ✅ Processed UFO
2025-11-24 05:52:35,473 [INFO] ✅ Processed BRPA
2025-11-24 05:52:35,474 [INFO] ✅ Processed BWMX
2025-11-24 05:52:35,475 [INFO] ✅ Processed ECH
2025-11-24 05:52:35,477 [INFO] ✅ Processed PETS
2025-11-24 05:52:35,478 [INFO] ✅ Processed FEMB
2025-11-24 05:52:35,479 [INFO] ✅ Processed GXGX
2025-11-24 05:52:35,482 [INFO] ✅ Processed FENY
2025-11-24 05:52:35,483 [INFO] ✅ Processed DCOMP
2025-11-24 05:52:35,490 [INFO] ✅ Processed CATH
2025-11-24 05:52:35,493 [INFO] ✅ Processed JMBS
2025-11-24 05:52:35,499 [INFO] ✅ Processed MTLS
2025-11-24 05:52:35,500 [INFO] ✅ Processed SPSB
2025-11-24 05:52:35,504 [INFO] ✅ Processed KNAB
2025-11-24 05:52:35,509 [INFO] ✅ Processed SEIC
2025-11-24 05:52:35,511 [INFO] ✅ Processed KOS
2025-11-24 05:52:35,512 [INFO] ✅ Processed TRHC
2025-11-24 05:52:35,521 [INFO] ✅ Processed DISCK
2025-11-24 05:52:35,540 [INFO] ✅ Processed OPTT
2025-11-24 05:52:35,544 [INFO] ✅ Processed RBA
2025-11-24 05:52:35,547 [INFO] ✅ Processed ICPT
2025-11-24 05:52:35,554 [INFO] ✅ Processed ARCM
2025-11-24 05:52:35,554 [INFO] ✅ Processed ACGLP
2025-11-24 05:52:35,565 [INFO] ✅ Processed BEN
2025-11-24 05:52:35,567 [INFO] ✅ Processed XSMO
2025-11-24 05:52:35,570 [INFO] ✅ Processed UEC
2025-11-24 05:52:35,574 [INFO] ✅ Processed ABEQ
2025-11-24 05:52:35,578 [INFO] ✅ Processed CHRA
2025-11-24 05:52:35,579 [INFO] ✅ Processed CMCL
2025-11-24 05:52:35,579 [INFO] ✅ Processed LEA
2025-11-24 05:52:35,583 [INFO] ✅ Processed ENO
2025-11-24 05:52:35,584 [INFO] ✅ Processed PING
2025-11-24 05:52:35,601 [INFO] ✅ Processed JCAP
2025-11-24 05:52:35,607 [INFO] ✅ Processed RLJ
2025-11-24 05:52:35,619 [INFO] ✅ Processed GTT
2025-11-24 05:52:35,631 [INFO] ✅ Processed PTN
2025-11-24 05:52:35,636 [INFO] ✅ Processed SBCF
2025-11-24 05:52:35,637 [INFO] ✅ Processed UHS
2025-11-24 05:52:35,639 [INFO] ✅ Processed BKR
2025-11-24 05:52:35,639 [INFO] ✅ Processed ELP
2025-11-24 05:52:35,646 [INFO] ✅ Processed NFBK
2025-11-24 05:52:35,646 [INFO] ✅ Processed TBBK
2025-11-24 05:52:35,662 [INFO] ✅ Processed FIVE
2025-11-24 05:52:35,679 [INFO] ✅ Processed ROLL
2025-11-24 05:52:35,684 [INFO] ✅ Processed CCBG
2025-11-24 05:52:35,687 [INFO] ✅ Processed ENX
2025-11-24 05:52:35,694 [INFO] ✅ Processed IYK
2025-11-24 05:52:35,699 [INFO] ✅ Processed GWX
2025-11-24 05:52:35,706 [INFO] ✅ Processed BYLD
2025-11-24 05:52:35,707 [INFO] ✅ Processed BKE
2025-11-24 05:52:35,719 [INFO] ✅ Processed VXRT
2025-11-24 05:52:35,726 [INFO] ✅ Processed PWB
2025-11-24 05:52:35,735 [INFO] ✅ Processed PTY
2025-11-24 05:52:35,736 [INFO] ✅ Processed LGI
2025-11-24 05:52:35,752 [INFO] ✅ Processed TISI
2025-11-24 05:52:35,770 [INFO] ✅ Processed FLIC
2025-11-24 05:52:35,771 [INFO] ✅ Processed WPM
2025-11-24 05:52:35,779 [INFO] ✅ Processed OYST
2025-11-24 05:52:35,780 [INFO] ✅ Processed GTN
2025-11-24 05:52:35,783 [INFO] ✅ Processed RMT
2025-11-24 05:52:35,799 [INFO] ✅ Processed DMLP
2025-11-24 05:52:35,800 [INFO] ✅ Processed ELJ
2025-11-24 05:52:35,810 [INFO] ✅ Processed FLIN
2025-11-24 05:52:35,814 [INFO] ✅ Processed BKH
2025-11-24 05:52:35,816 [INFO] ✅ Processed SBBX
2025-11-24 05:52:35,818 [INFO] ✅ Processed EMN
2025-11-24 05:52:35,826 [INFO] ✅ Processed WINC
2025-11-24 05:52:35,887 [INFO] ✅ Processed IYF
2025-11-24 05:52:35,887 [INFO] ✅ Processed QTEC
2025-11-24 05:52:35,889 [INFO] ✅ Processed SBAC
2025-11-24 05:52:35,897 [INFO] ✅ Processed FLIY
2025-11-24 05:52:35,904 [INFO] ✅ Processed MOTO
2025-11-24 05:52:35,906 [INFO] ✅ Processed SIRI
2025-11-24 05:52:35,914 [INFO] ✅ Processed ARLO
2025-11-24 05:52:35,917 [INFO] ✅ Processed FLGR
2025-11-24 05:52:35,918 [INFO] ✅ Processed GWB
2025-11-24 05:52:35,922 [INFO] ✅ Processed ROK
2025-11-24 05:52:35,931 [INFO] ✅ Processed PTC
2025-11-24 05:52:35,943 [INFO] ✅ Processed ENB
2025-11-24 05:52:35,946 [INFO] ✅ Processed ITA
2025-11-24 05:52:35,953 [INFO] ✅ Processed PRTS
2025-11-24 05:52:35,956 [INFO] ✅ Processed FENC
2025-11-24 05:52:35,957 [INFO] ✅ Processed NRG
2025-11-24 05:52:35,958 [INFO] ✅ Processed PYS
2025-11-24 05:52:35,964 [INFO] ✅ Processed PRVL
2025-11-24 05:52:35,972 [INFO] ✅ Processed WRE
2025-11-24 05:52:35,974 [INFO] ✅ Processed ARMK
2025-11-24 05:52:35,982 [INFO] ✅ Processed GTY
2025-11-24 05:52:35,983 [INFO] ✅ Processed CSIQ
2025-11-24 05:52:35,991 [INFO] ✅ Processed FWRD
2025-11-24 05:52:35,994 [INFO] ✅ Processed BFO
2025-11-24 05:52:36,001 [INFO] ✅ Processed AROC
2025-11-24 05:52:36,002 [INFO] ✅ Processed FLGE
2025-11-24 05:52:36,024 [INFO] ✅ Processed NRP
2025-11-24 05:52:36,026 [INFO] ✅ Processed MTOR
2025-11-24 05:52:36,031 [INFO] ✅ Processed MATW
2025-11-24 05:52:36,037 [INFO] ✅ Processed KLR
2025-11-24 05:52:36,050 [INFO] ✅ Processed IWM
2025-11-24 05:52:36,052 [INFO] ✅ Processed GOGO
2025-11-24 05:52:36,054 [INFO] ✅ Processed OPTN
2025-11-24 05:52:36,064 [INFO] ✅ Processed NSC
2025-11-24 05:52:36,072 [INFO] ✅ Processed UCTT
2025-11-24 05:52:36,080 [INFO] ✅ Processed WNEB
2025-11-24 05:52:36,081 [INFO] ✅ Processed RVI
2025-11-24 05:52:36,083 [INFO] ✅ Processed HRZN
2025-11-24 05:52:36,088 [INFO] ✅ Processed PNFP
2025-11-24 05:52:36,093 [INFO] ✅ Processed MVCD
2025-11-24 05:52:36,098 [INFO] ✅ Processed FLSW
2025-11-24 05:52:36,106 [INFO] ✅ Processed NXGN
2025-11-24 05:52:36,116 [INFO] ✅ Processed NPO
2025-11-24 05:52:36,122 [INFO] ✅ Processed GNW
2025-11-24 05:52:36,123 [INFO] ✅ Processed UST
2025-11-24 05:52:36,138 [INFO] ✅ Processed MMTM
2025-11-24 05:52:36,141 [INFO] ✅ Processed TLTD
2025-11-24 05:52:36,142 [INFO] ✅ Processed FLQH
2025-11-24 05:52:36,148 [INFO] ✅ Processed AGCO
2025-11-24 05:52:36,153 [INFO] ✅ Processed FPAC
2025-11-24 05:52:36,162 [INFO] ✅ Processed PNM
2025-11-24 05:52:36,168 [INFO] ✅ Processed CAAS
2025-11-24 05:52:36,176 [INFO] ✅ Processed RWM
2025-11-24 05:52:36,176 [INFO] ✅ Processed SYNL
2025-11-24 05:52:36,177 [INFO] ✅ Processed COLL
2025-11-24 05:52:36,189 [INFO] ✅ Processed CHIQ
2025-11-24 05:52:36,199 [INFO] ✅ Processed WIX
2025-11-24 05:52:36,204 [INFO] ✅ Processed BWXT
2025-11-24 05:52:36,204 [INFO] ✅ Processed CZWI
2025-11-24 05:52:36,208 [INFO] ✅ Processed EWW
2025-11-24 05:52:36,212 [INFO] ✅ Processed MFGP
2025-11-24 05:52:36,216 [INFO] ✅ Processed IJAN
2025-11-24 05:52:36,220 [INFO] ✅ Processed URG
2025-11-24 05:52:36,220 [INFO] ✅ Processed ALRM
2025-11-24 05:52:36,221 [INFO] ✅ Processed JJSF
2025-11-24 05:52:36,222 [INFO] ✅ Processed SPEU
2025-11-24 05:52:36,226 [INFO] ✅ Processed SYLD
2025-11-24 05:52:36,229 [INFO] ✅ Processed GMDA
2025-11-24 05:52:36,229 [INFO] ✅ Processed NEN
2025-11-24 05:52:36,234 [INFO] ✅ Processed TERM
2025-11-24 05:52:36,243 [INFO] ✅ Processed GCP
2025-11-24 05:52:36,258 [INFO] ✅ Processed GBT
2025-11-24 05:52:36,262 [INFO] ✅ Processed PRLB
2025-11-24 05:52:36,270 [INFO] ✅ Processed PBY
2025-11-24 05:52:36,277 [INFO] ✅ Processed ELLO
2025-11-24 05:52:36,280 [INFO] ✅ Processed WBIL
2025-11-24 05:52:36,282 [INFO] ✅ Processed RYF
2025-11-24 05:52:36,290 [INFO] ✅ Processed SYBX
2025-11-24 05:52:36,291 [INFO] ✅ Processed FUSB
2025-11-24 05:52:36,292 [INFO] ✅ Processed ARWR
2025-11-24 05:52:36,293 [INFO] ✅ Processed XFOR
2025-11-24 05:52:36,296 [INFO] ✅ Processed OEUR
2025-11-24 05:52:36,301 [INFO] ✅ Processed COWNL
2025-11-24 05:52:36,306 [INFO] ✅ Processed NKE
2025-11-24 05:52:36,320 [INFO] ✅ Processed CAMP
2025-11-24 05:52:36,321 [INFO] ✅ Processed NJV
2025-11-24 05:52:36,325 [INFO] ✅ Processed PKBK
2025-11-24 05:52:36,327 [INFO] ✅ Processed RNSC
2025-11-24 05:52:36,338 [INFO] ✅ Processed AVAL
2025-11-24 05:52:36,347 [INFO] ✅ Processed HJPX
2025-11-24 05:52:36,356 [INFO] ✅ Processed INO
2025-11-24 05:52:36,359 [INFO] ✅ Processed BSAE
2025-11-24 05:52:36,363 [INFO] ✅ Processed CVLY
2025-11-24 05:52:36,365 [INFO] ✅ Processed NHI
2025-11-24 05:52:36,373 [INFO] ✅ Processed VGFO
2025-11-24 05:52:36,374 [INFO] ✅ Processed NIM
2025-11-24 05:52:36,379 [INFO] ✅ Processed VLUE
2025-11-24 05:52:36,382 [INFO] ✅ Processed FIS
2025-11-24 05:52:36,386 [INFO] ✅ Processed TTP
2025-11-24 05:52:36,387 [INFO] ✅ Processed HURC
2025-11-24 05:52:36,393 [INFO] ✅ Processed SRV
2025-11-24 05:52:36,400 [INFO] ✅ Processed VOO
2025-11-24 05:52:36,408 [INFO] ✅ Processed AMJ
2025-11-24 05:52:36,419 [INFO] ✅ Processed GNTY
2025-11-24 05:52:36,420 [INFO] ✅ Processed SQM
2025-11-24 05:52:36,424 [INFO] ✅ Processed SPI
2025-11-24 05:52:36,426 [INFO] ✅ Processed VIIX
2025-11-24 05:52:36,428 [INFO] ✅ Processed DNJR
2025-11-24 05:52:36,435 [INFO] ✅ Processed SAFE
2025-11-24 05:52:36,441 [INFO] ✅ Processed IIPR
2025-11-24 05:52:36,447 [INFO] ✅ Processed CVU
2025-11-24 05:52:36,448 [INFO] ✅ Processed SHLO
2025-11-24 05:52:36,449 [INFO] ✅ Processed VLT
2025-11-24 05:52:36,452 [INFO] ✅ Processed PTAC
2025-11-24 05:52:36,454 [INFO] ✅ Processed FID
2025-11-24 05:52:36,455 [INFO] ✅ Processed HCXZ
2025-11-24 05:52:36,457 [INFO] ✅ Processed BXRX
2025-11-24 05:52:36,467 [INFO] ✅ Processed SHLX
2025-11-24 05:52:36,473 [INFO] ✅ Processed MXF
2025-11-24 05:52:36,474 [INFO] ✅ Processed HMTV
2025-11-24 05:52:36,475 [INFO] ✅ Processed DGBP
2025-11-24 05:52:36,484 [INFO] ✅ Processed GBAB
2025-11-24 05:52:36,484 [INFO] ✅ Processed MLPE
2025-11-24 05:52:36,485 [INFO] ✅ Processed RNST
2025-11-24 05:52:36,486 [INFO] ✅ Processed FTXR
2025-11-24 05:52:36,489 [INFO] ✅ Processed SMSI
2025-11-24 05:52:36,494 [INFO] ✅ Processed VOX
2025-11-24 05:52:36,503 [INFO] ✅ Processed BSCM
2025-11-24 05:52:36,505 [INFO] ✅ Processed PFPT
2025-11-24 05:52:36,516 [INFO] ✅ Processed FEP
2025-11-24 05:52:36,516 [INFO] ✅ Processed ACV
2025-11-24 05:52:36,519 [INFO] ✅ Processed ANF
2025-11-24 05:52:36,524 [INFO] ✅ Processed OVLY
2025-11-24 05:52:36,531 [INFO] ✅ Processed ADSW
2025-11-24 05:52:36,537 [INFO] ✅ Processed OCN
2025-11-24 05:52:36,542 [INFO] ✅ Processed JPLS
2025-11-24 05:52:36,545 [INFO] ✅ Processed ESNT
2025-11-24 05:52:36,549 [INFO] ✅ Processed JPNL
2025-11-24 05:52:36,549 [INFO] ✅ Processed FANG
2025-11-24 05:52:36,560 [INFO] ✅ Processed CETV
2025-11-24 05:52:36,562 [INFO] ✅ Processed DRUA
2025-11-24 05:52:36,562 [INFO] ✅ Processed DK
2025-11-24 05:52:36,577 [INFO] ✅ Processed MUA
2025-11-24 05:52:36,578 [INFO] ✅ Processed EARS
2025-11-24 05:52:36,585 [INFO] ✅ Processed ATTO
2025-11-24 05:52:36,586 [INFO] ✅ Processed ABR
2025-11-24 05:52:36,586 [INFO] ✅ Processed CBPO
2025-11-24 05:52:36,592 [INFO] ✅ Processed CRVS
2025-11-24 05:52:36,594 [INFO] ✅ Processed BSMQ
2025-11-24 05:52:36,594 [INFO] ✅ Processed FDT
2025-11-24 05:52:36,605 [INFO] ✅ Processed PAVE
2025-11-24 05:52:36,610 [INFO] ✅ Processed KMDA
2025-11-24 05:52:36,611 [INFO] ✅ Processed TAIT
2025-11-24 05:52:36,614 [INFO] ✅ Processed STPP
2025-11-24 05:52:36,614 [INFO] ✅ Processed FCVT
2025-11-24 05:52:36,618 [INFO] ✅ Processed BAPR
2025-11-24 05:52:36,620 [INFO] ✅ Processed ACA
2025-11-24 05:52:36,627 [INFO] ✅ Processed EJAN
2025-11-24 05:52:36,629 [INFO] ✅ Processed FT
2025-11-24 05:52:36,629 [INFO] ✅ Processed EVRI
2025-11-24 05:52:36,631 [INFO] ✅ Processed TCPC
2025-11-24 05:52:36,644 [INFO] ✅ Processed STRO
2025-11-24 05:52:36,656 [INFO] ✅ Processed SSTI
2025-11-24 05:52:36,666 [INFO] ✅ Processed BASI
2025-11-24 05:52:36,675 [INFO] ✅ Processed ATH
2025-11-24 05:52:36,682 [INFO] ✅ Processed CNET
2025-11-24 05:52:36,692 [INFO] ✅ Processed FTAG
2025-11-24 05:52:36,695 [INFO] ✅ Processed CZA
2025-11-24 05:52:36,711 [INFO] ✅ Processed COW
2025-11-24 05:52:36,724 [INFO] ✅ Processed VEEV
2025-11-24 05:52:36,747 [INFO] ✅ Processed INOV
2025-11-24 05:52:36,774 [INFO] ✅ Processed FC
2025-11-24 05:52:36,781 [INFO] ✅ Processed MTR
2025-11-24 05:52:36,788 [INFO] ✅ Processed SHO
2025-11-24 05:52:36,810 [INFO] ✅ Processed MNRO
2025-11-24 05:52:36,834 [INFO] ✅ Processed VTR
2025-11-24 05:52:36,840 [INFO] ✅ Processed VEGI
2025-11-24 05:52:36,843 [INFO] ✅ Processed DRAD
2025-11-24 05:52:36,871 [INFO] ✅ Processed LADR
2025-11-24 05:52:36,878 [INFO] ✅ Processed SAQNU
2025-11-24 05:52:36,878 [INFO] ✅ Processed SKT
2025-11-24 05:52:36,879 [INFO] ✅ Processed CNS
2025-11-24 05:52:36,879 [INFO] ✅ Processed SU
2025-11-24 05:52:36,895 [INFO] ✅ Processed PFEB
2025-11-24 05:52:36,897 [INFO] ✅ Processed PY
2025-11-24 05:52:36,904 [INFO] ✅ Processed SB
2025-11-24 05:52:36,911 [INFO] ✅ Processed HTAB
2025-11-24 05:52:36,914 [INFO] ✅ Processed MEAR
2025-11-24 05:52:36,919 [INFO] ✅ Processed TME
2025-11-24 05:52:36,924 [INFO] ✅ Processed PACD
2025-11-24 05:52:36,929 [INFO] ✅ Processed IPHA
2025-11-24 05:52:36,933 [INFO] ✅ Processed FPF
2025-11-24 05:52:36,934 [INFO] ✅ Processed HMLP
2025-11-24 05:52:36,940 [INFO] ✅ Processed EFNL
2025-11-24 05:52:36,944 [INFO] ✅ Processed PHGE
2025-11-24 05:52:36,954 [INFO] ✅ Processed RETL
2025-11-24 05:52:36,960 [INFO] ✅ Processed REVS
2025-11-24 05:52:36,964 [INFO] ✅ Processed IBTF
2025-11-24 05:52:36,967 [INFO] ✅ Processed CELP
2025-11-24 05:52:36,971 [INFO] ✅ Processed BHLB
2025-11-24 05:52:36,981 [INFO] ✅ Processed CCC
2025-11-24 05:52:36,997 [INFO] ✅ Processed MAS
2025-11-24 05:52:37,003 [INFO] ✅ Processed CLDR
2025-11-24 05:52:37,006 [INFO] ✅ Processed ACLS
2025-11-24 05:52:37,008 [INFO] ✅ Processed JJE
2025-11-24 05:52:37,025 [INFO] ✅ Processed MMP
2025-11-24 05:52:37,026 [INFO] ✅ Processed MNK
2025-11-24 05:52:37,031 [INFO] ✅ Processed OUT
2025-11-24 05:52:37,034 [INFO] ✅ Processed RF
2025-11-24 05:52:37,038 [INFO] ✅ Processed URTH
2025-11-24 05:52:37,055 [INFO] ✅ Processed BCRX
2025-11-24 05:52:37,057 [INFO] ✅ Processed UEVM
2025-11-24 05:52:37,085 [INFO] ✅ Processed IGIH
2025-11-24 05:52:37,105 [INFO] ✅ Processed DGZ
2025-11-24 05:52:37,108 [INFO] ✅ Processed HPI
2025-11-24 05:52:37,109 [INFO] ✅ Processed AMAL
2025-11-24 05:52:37,109 [INFO] ✅ Processed VXF
2025-11-24 05:52:37,118 [INFO] ✅ Processed GBUG
2025-11-24 05:52:37,128 [INFO] ✅ Processed AYX
2025-11-24 05:52:37,128 [INFO] ✅ Processed SCHL
2025-11-24 05:52:37,136 [INFO] ✅ Processed SMED
2025-11-24 05:52:37,148 [INFO] ✅ Processed TSLF
2025-11-24 05:52:37,150 [INFO] ✅ Processed TMDI
2025-11-24 05:52:37,158 [INFO] ✅ Processed FMBI
2025-11-24 05:52:37,159 [INFO] ✅ Processed CRNC
2025-11-24 05:52:37,174 [INFO] ✅ Processed CENX
2025-11-24 05:52:37,181 [INFO] ✅ Processed JIH
2025-11-24 05:52:37,204 [INFO] ✅ Processed MBII
2025-11-24 05:52:37,206 [INFO] ✅ Processed MOO
2025-11-24 05:52:37,206 [INFO] ✅ Processed MRLN
2025-11-24 05:52:37,207 [INFO] ✅ Processed JJS
2025-11-24 05:52:37,208 [INFO] ✅ Processed CEMB
2025-11-24 05:52:37,215 [INFO] ✅ Processed PCTY
2025-11-24 05:52:37,219 [INFO] ✅ Processed ZIONW
2025-11-24 05:52:37,220 [INFO] ✅ Processed BATRA
2025-11-24 05:52:37,264 [INFO] ✅ Processed SCHM
2025-11-24 05:52:37,274 [INFO] ✅ Processed SGA
2025-11-24 05:52:37,284 [INFO] ✅ Processed CCB
2025-11-24 05:52:37,284 [INFO] ✅ Processed HQL
2025-11-24 05:52:37,291 [INFO] ✅ Processed ETSY
2025-11-24 05:52:37,299 [INFO] ✅ Processed PFHD
2025-11-24 05:52:37,311 [INFO] ✅ Processed SMDV
2025-11-24 05:52:37,321 [INFO] ✅ Processed HTLD
2025-11-24 05:52:37,321 [INFO] ✅ Processed TCX
2025-11-24 05:52:37,327 [INFO] ✅ Processed AMCR
2025-11-24 05:52:37,328 [INFO] ✅ Processed ATOS
2025-11-24 05:52:37,366 [INFO] ✅ Processed QRHC
2025-11-24 05:52:37,375 [INFO] ✅ Processed SFE
2025-11-24 05:52:37,378 [INFO] ✅ Processed IBTG
2025-11-24 05:52:37,378 [INFO] ✅ Processed AMBA
2025-11-24 05:52:37,385 [INFO] ✅ Processed DGL
2025-11-24 05:52:37,386 [INFO] ✅ Processed SASR
2025-11-24 05:52:37,401 [INFO] ✅ Processed TBK
2025-11-24 05:52:37,407 [INFO] ✅ Processed CRNT
2025-11-24 05:52:37,445 [INFO] ✅ Processed CROP
2025-11-24 05:52:37,464 [INFO] ✅ Processed STKL
2025-11-24 05:52:37,472 [INFO] ✅ Processed FMBH
2025-11-24 05:52:37,482 [INFO] ✅ Processed SMHB
2025-11-24 05:52:37,490 [INFO] ✅ Processed EFOI
2025-11-24 05:52:37,493 [INFO] ✅ Processed SCHZ
2025-11-24 05:52:37,506 [INFO] ✅ Processed DES
2025-11-24 05:52:37,515 [INFO] ✅ Processed CCU
2025-11-24 05:52:37,532 [INFO] ✅ Processed CAJ
2025-11-24 05:52:37,553 [INFO] ✅ Processed ASEA
2025-11-24 05:52:37,558 [INFO] ✅ Processed HTBX
2025-11-24 05:52:37,573 [INFO] ✅ Processed DHC
2025-11-24 05:52:37,574 [INFO] ✅ Processed TCO
2025-11-24 05:52:37,578 [INFO] ✅ Processed TAP
2025-11-24 05:52:37,581 [INFO] ✅ Processed SHY
2025-11-24 05:52:37,582 [INFO] ✅ Processed FCBP
2025-11-24 05:52:37,598 [INFO] ✅ Processed SC
2025-11-24 05:52:37,602 [INFO] ✅ Processed LANDP
2025-11-24 05:52:37,613 [INFO] ✅ Processed PHIO
2025-11-24 05:52:37,614 [INFO] ✅ Processed XYL
2025-11-24 05:52:37,650 [INFO] ✅ Processed EVFM
2025-11-24 05:52:37,654 [INFO] ✅ Processed MAR
2025-11-24 05:52:37,664 [INFO] ✅ Processed DIG
2025-11-24 05:52:37,665 [INFO] ✅ Processed MBI
2025-11-24 05:52:37,700 [INFO] ✅ Processed FSK
2025-11-24 05:52:37,703 [INFO] ✅ Processed BMRA
2025-11-24 05:52:37,713 [INFO] ✅ Processed AVA
2025-11-24 05:52:37,720 [INFO] ✅ Processed QK
2025-11-24 05:52:37,726 [INFO] ✅ Processed RP
2025-11-24 05:52:37,735 [INFO] ✅ Processed AMNB
2025-11-24 05:52:37,740 [INFO] ✅ Processed GYLD
2025-11-24 05:52:37,776 [INFO] ✅ Processed ATAX
2025-11-24 05:52:37,777 [INFO] ✅ Processed DHT
2025-11-24 05:52:37,817 [INFO] ✅ Processed CHSCP
2025-11-24 05:52:37,891 [INFO] ✅ Processed CNR
2025-11-24 05:52:37,895 [INFO] ✅ Processed CLM
2025-11-24 05:52:37,915 [INFO] ✅ Processed REXN
2025-11-24 05:52:37,916 [INFO] ✅ Processed ST
2025-11-24 05:52:37,918 [INFO] ✅ Processed CMI
2025-11-24 05:52:37,924 [INFO] ✅ Processed TOL
2025-11-24 05:52:37,935 [INFO] ✅ Processed DBEF
2025-11-24 05:52:37,950 [INFO] ✅ Processed FALN
2025-11-24 05:52:37,960 [INFO] ✅ Processed SIJ
2025-11-24 05:52:37,961 [INFO] ✅ Processed TVIX
2025-11-24 05:52:37,970 [INFO] ✅ Processed FSRV
2025-11-24 05:52:37,972 [INFO] ✅ Processed ATI
2025-11-24 05:52:37,981 [INFO] ✅ Processed ADRE
2025-11-24 05:52:37,981 [INFO] ✅ Processed KMED
2025-11-24 05:52:37,982 [INFO] ✅ Processed FRO
2025-11-24 05:52:37,985 [INFO] ✅ Processed AWR
2025-11-24 05:52:37,991 [INFO] ✅ Processed BSMP
2025-11-24 05:52:37,991 [INFO] ✅ Processed REMX
2025-11-24 05:52:38,011 [INFO] ✅ Processed FB
2025-11-24 05:52:38,017 [INFO] ✅ Processed VBTX
2025-11-24 05:52:38,024 [INFO] ✅ Processed AAMC
2025-11-24 05:52:38,037 [INFO] ✅ Processed KMPR
2025-11-24 05:52:38,039 [INFO] ✅ Processed EMFM
2025-11-24 05:52:38,053 [INFO] ✅ Processed LMFA
2025-11-24 05:52:38,055 [INFO] ✅ Processed ACWX
2025-11-24 05:52:38,057 [INFO] ✅ Processed VIDI
2025-11-24 05:52:38,062 [INFO] ✅ Processed SQNS
2025-11-24 05:52:38,070 [INFO] ✅ Processed ACTT
2025-11-24 05:52:38,076 [INFO] ✅ Processed XBUY
2025-11-24 05:52:38,078 [INFO] ✅ Processed NUMV
2025-11-24 05:52:38,085 [INFO] ✅ Processed SOGO
2025-11-24 05:52:38,093 [INFO] ✅ Processed VERI
2025-11-24 05:52:38,106 [INFO] ✅ Processed JPMV
2025-11-24 05:52:38,106 [INFO] ✅ Processed GF
2025-11-24 05:52:38,112 [INFO] ✅ Processed JUST
2025-11-24 05:52:38,112 [INFO] ✅ Processed GPRK
2025-11-24 05:52:38,122 [INFO] ✅ Processed MTD
2025-11-24 05:52:38,152 [INFO] ✅ Processed AOBC
2025-11-24 05:52:38,155 [INFO] ✅ Processed BSCL
2025-11-24 05:52:38,164 [INFO] ✅ Processed HGV
2025-11-24 05:52:38,165 [INFO] ✅ Processed GLOP
2025-11-24 05:52:38,184 [INFO] ✅ Processed NLOK
2025-11-24 05:52:38,194 [INFO] ✅ Processed VAR
2025-11-24 05:52:38,199 [INFO] ✅ Processed ESBA
2025-11-24 05:52:38,199 [INFO] ✅ Processed NRGD
2025-11-24 05:52:38,205 [INFO] ✅ Processed MYT
2025-11-24 05:52:38,236 [INFO] ✅ Processed CXH
2025-11-24 05:52:38,245 [INFO] ✅ Processed EXPO
2025-11-24 05:52:38,245 [INFO] ✅ Processed KE
2025-11-24 05:52:38,249 [INFO] ✅ Processed HOLD
2025-11-24 05:52:38,257 [INFO] ✅ Processed SSD
2025-11-24 05:52:38,260 [INFO] ✅ Processed TOKE
2025-11-24 05:52:38,266 [INFO] ✅ Processed GLOG
2025-11-24 05:52:38,276 [INFO] ✅ Processed REAL
2025-11-24 05:52:38,280 [INFO] ✅ Processed FTXD
2025-11-24 05:52:38,280 [INFO] ✅ Processed HEI
2025-11-24 05:52:38,301 [INFO] ✅ Processed PDEV
2025-11-24 05:52:38,326 [INFO] ✅ Processed AMK
2025-11-24 05:52:38,328 [INFO] ✅ Processed OCX
2025-11-24 05:52:38,354 [INFO] ✅ Processed DSI
2025-11-24 05:52:38,366 [INFO] ✅ Processed VUZI
2025-11-24 05:52:38,367 [INFO] ✅ Processed MILN
2025-11-24 05:52:38,410 [INFO] ✅ Processed CTK
2025-11-24 05:52:38,420 [INFO] ✅ Processed ALX
2025-11-24 05:52:38,429 [INFO] ✅ Processed DLPH
2025-11-24 05:52:38,434 [INFO] ✅ Processed RECS
2025-11-24 05:52:38,494 [INFO] ✅ Processed VLU
2025-11-24 05:52:38,501 [INFO] ✅ Processed ALO
2025-11-24 05:52:38,503 [INFO] ✅ Processed GNTX
2025-11-24 05:52:38,511 [INFO] ✅ Processed CALB
2025-11-24 05:52:38,520 [INFO] ✅ Processed CUO
2025-11-24 05:52:38,521 [INFO] ✅ Processed HI
2025-11-24 05:52:38,526 [INFO] ✅ Processed RMBI
2025-11-24 05:52:38,528 [INFO] ✅ Processed SPH
2025-11-24 05:52:38,539 [INFO] ✅ Processed MYC
2025-11-24 05:52:38,561 [INFO] ✅ Processed MDRR
2025-11-24 05:52:38,562 [INFO] ✅ Processed SQBG
2025-11-24 05:52:38,572 [INFO] ✅ Processed KR
2025-11-24 05:52:38,574 [INFO] ✅ Processed LPL
2025-11-24 05:52:38,574 [INFO] ✅ Processed KLCD
2025-11-24 05:52:38,579 [INFO] ✅ Processed HYDB
2025-11-24 05:52:38,580 [INFO] ✅ Processed CARR#
2025-11-24 05:52:38,588 [INFO] ✅ Processed PAC
2025-11-24 05:52:38,595 [INFO] ✅ Processed INN
2025-11-24 05:52:38,604 [INFO] ✅ Processed FRTA
2025-11-24 05:52:38,607 [INFO] ✅ Processed CSPR
2025-11-24 05:52:38,608 [INFO] ✅ Processed TWNK
2025-11-24 05:52:38,609 [INFO] ✅ Processed ANGO
2025-11-24 05:52:38,612 [INFO] ✅ Processed WLDR
2025-11-24 05:52:38,617 [INFO] ✅ Processed SPHD
2025-11-24 05:52:38,621 [INFO] ✅ Processed USHG
2025-11-24 05:52:38,638 [INFO] ✅ Processed COWNZ
2025-11-24 05:52:38,643 [INFO] ✅ Processed UAUD
2025-11-24 05:52:38,645 [INFO] ✅ Processed GMED
2025-11-24 05:52:38,664 [INFO] ✅ Processed PCK
2025-11-24 05:52:38,670 [INFO] ✅ Processed DJPY
2025-11-24 05:52:38,678 [INFO] ✅ Processed ILF
2025-11-24 05:52:38,686 [INFO] ✅ Processed KTB
2025-11-24 05:52:38,698 [INFO] ✅ Processed EIRL
2025-11-24 05:52:38,704 [INFO] ✅ Processed WEBL
2025-11-24 05:52:38,708 [INFO] ✅ Processed SGDJ
2025-11-24 05:52:38,722 [INFO] ✅ Processed EVSTC
2025-11-24 05:52:38,726 [INFO] ✅ Processed BNTC
2025-11-24 05:52:38,759 [INFO] ✅ Processed DFFN
2025-11-24 05:52:38,759 [INFO] ✅ Processed GASS
2025-11-24 05:52:38,769 [INFO] ✅ Processed GMZ
2025-11-24 05:52:38,786 [INFO] ✅ Processed GSBD
2025-11-24 05:52:38,799 [INFO] ✅ Processed FINX
2025-11-24 05:52:38,803 [INFO] ✅ Processed FLSA
2025-11-24 05:52:38,818 [INFO] ✅ Processed EWA
2025-11-24 05:52:38,827 [INFO] ✅ Processed PLD
2025-11-24 05:52:38,831 [INFO] ✅ Processed GORO
2025-11-24 05:52:38,856 [INFO] ✅ Processed SIGI
2025-11-24 05:52:38,857 [INFO] ✅ Processed BBCP
2025-11-24 05:52:38,872 [INFO] ✅ Processed SGEN
2025-11-24 05:52:38,884 [INFO] ✅ Processed CONE
2025-11-24 05:52:38,889 [INFO] ✅ Processed NEO
2025-11-24 05:52:38,903 [INFO] ✅ Processed BLOK
2025-11-24 05:52:38,908 [INFO] ✅ Processed BBAX
2025-11-24 05:52:38,913 [INFO] ✅ Processed TLTE
2025-11-24 05:52:38,918 [INFO] ✅ Processed UVXY
2025-11-24 05:52:38,919 [INFO] ✅ Processed DFEB
2025-11-24 05:52:38,936 [INFO] ✅ Processed COLM
2025-11-24 05:52:38,954 [INFO] ✅ Processed BSX
2025-11-24 05:52:38,957 [INFO] ✅ Processed IAA
2025-11-24 05:52:38,959 [INFO] ✅ Processed USB
2025-11-24 05:52:38,971 [INFO] ✅ Processed IBM
2025-11-24 05:52:38,978 [INFO] ✅ Processed RTW
2025-11-24 05:52:38,981 [INFO] ✅ Processed NGG
2025-11-24 05:52:38,986 [INFO] ✅ Processed EWV
2025-11-24 05:52:38,990 [INFO] ✅ Processed HEZU
2025-11-24 05:52:39,007 [INFO] ✅ Processed OILK
2025-11-24 05:52:39,009 [INFO] ✅ Processed RWL
2025-11-24 05:52:39,011 [INFO] ✅ Processed HELX
2025-11-24 05:52:39,033 [INFO] ✅ Processed ETM
2025-11-24 05:52:39,035 [INFO] ✅ Processed NEX
2025-11-24 05:52:39,040 [INFO] ✅ Processed YRCW
2025-11-24 05:52:39,058 [INFO] ✅ Processed SUNW
2025-11-24 05:52:39,059 [INFO] ✅ Processed IUS
2025-11-24 05:52:39,068 [INFO] ✅ Processed TBND
2025-11-24 05:52:39,073 [INFO] ✅ Processed EVR
2025-11-24 05:52:39,089 [INFO] ✅ Processed IVH
2025-11-24 05:52:39,112 [INFO] ✅ Processed NPN
2025-11-24 05:52:39,116 [INFO] ✅ Processed CMBS
2025-11-24 05:52:39,123 [INFO] ✅ Processed KNL
2025-11-24 05:52:39,125 [INFO] ✅ Processed FBHS
2025-11-24 05:52:39,129 [INFO] ✅ Processed LKQ
2025-11-24 05:52:39,135 [INFO] ✅ Processed RBZ
2025-11-24 05:52:39,176 [INFO] ✅ Processed BFY
2025-11-24 05:52:39,176 [INFO] ✅ Processed IWL
2025-11-24 05:52:39,179 [INFO] ✅ Processed BPT
2025-11-24 05:52:39,182 [INFO] ✅ Processed KBWY
2025-11-24 05:52:39,188 [INFO] ✅ Processed GPAQU
2025-11-24 05:52:39,190 [INFO] ✅ Processed KIDS
2025-11-24 05:52:39,197 [INFO] ✅ Processed SEIX
2025-11-24 05:52:39,203 [INFO] ✅ Processed GVIP
2025-11-24 05:52:39,242 [INFO] ✅ Processed LIN
2025-11-24 05:52:39,250 [INFO] ✅ Processed RCI
2025-11-24 05:52:39,251 [INFO] ✅ Processed TWTR
2025-11-24 05:52:39,254 [INFO] ✅ Processed SGRP
2025-11-24 05:52:39,258 [INFO] ✅ Processed FRLG
2025-11-24 05:52:39,267 [INFO] ✅ Processed GSUM
2025-11-24 05:52:39,274 [INFO] ✅ Processed LIFE
2025-11-24 05:52:39,277 [INFO] ✅ Processed CVTI
2025-11-24 05:52:39,280 [INFO] ✅ Processed CATS
2025-11-24 05:52:39,288 [INFO] ✅ Processed GTX
2025-11-24 05:52:39,291 [INFO] ✅ Processed RSSS
2025-11-24 05:52:39,316 [INFO] ✅ Processed MDGS
2025-11-24 05:52:39,316 [INFO] ✅ Processed UGP
2025-11-24 05:52:39,337 [INFO] ✅ Processed ITW
2025-11-24 05:52:39,337 [INFO] ✅ Processed BELFB
2025-11-24 05:52:39,347 [INFO] ✅ Processed BLUE
2025-11-24 05:52:39,388 [INFO] ✅ Processed AUDC
2025-11-24 05:52:39,400 [INFO] ✅ Processed SEEL
2025-11-24 05:52:39,400 [INFO] ✅ Processed SREV
2025-11-24 05:52:39,422 [INFO] ✅ Processed EOG
2025-11-24 05:52:39,422 [INFO] ✅ Processed ALJJ
2025-11-24 05:52:39,443 [INFO] ✅ Processed EMX
2025-11-24 05:52:39,448 [INFO] ✅ Processed GTO
2025-11-24 05:52:39,460 [INFO] ✅ Processed MTBC
2025-11-24 05:52:39,466 [INFO] ✅ Processed PLSE
2025-11-24 05:52:39,468 [INFO] ✅ Processed SREA
2025-11-24 05:52:39,469 [INFO] ✅ Processed BHE
2025-11-24 05:52:39,473 [INFO] ✅ Processed FLHK
2025-11-24 05:52:39,476 [INFO] ✅ Processed CCAP
2025-11-24 05:52:39,491 [INFO] ✅ Processed BKSC
2025-11-24 05:52:39,492 [INFO] ✅ Processed BIV
2025-11-24 05:52:39,498 [INFO] ✅ Processed IYG
2025-11-24 05:52:39,513 [INFO] ✅ Processed BKI
2025-11-24 05:52:39,517 [INFO] ✅ Processed EMO
2025-11-24 05:52:39,529 [INFO] ✅ Processed BIT
2025-11-24 05:52:39,532 [INFO] ✅ Processed ENOB
2025-11-24 05:52:39,541 [INFO] ✅ Processed HCCOU
2025-11-24 05:52:39,548 [INFO] ✅ Processed ENT
2025-11-24 05:52:39,565 [INFO] ✅ Processed GECCN
2025-11-24 05:52:39,569 [INFO] ✅ Processed ISZE
2025-11-24 05:52:39,576 [INFO] ✅ Processed BHR
2025-11-24 05:52:39,577 [INFO] ✅ Processed JOUT
2025-11-24 05:52:39,579 [INFO] ✅ Processed IXC
2025-11-24 05:52:39,586 [INFO] ✅ Processed ZKIN
2025-11-24 05:52:39,592 [INFO] ✅ Processed KNOP
2025-11-24 05:52:39,593 [INFO] ✅ Processed DVYE
2025-11-24 05:52:39,600 [INFO] ✅ Processed IYE
2025-11-24 05:52:39,611 [INFO] ✅ Processed ARCT
2025-11-24 05:52:39,614 [INFO] ✅ Processed GVP
2025-11-24 05:52:39,624 [INFO] ✅ Processed ENV
2025-11-24 05:52:39,625 [INFO] ✅ Processed APYX
2025-11-24 05:52:39,625 [INFO] ✅ Processed FLKR
2025-11-24 05:52:39,644 [INFO] ✅ Processed LFC
2025-11-24 05:52:39,652 [INFO] ✅ Processed IPLDP
2025-11-24 05:52:39,654 [INFO] ✅ Processed BKK
2025-11-24 05:52:39,658 [INFO] ✅ Processed BPYUP
2025-11-24 05:52:39,670 [INFO] ✅ Processed JMOM
2025-11-24 05:52:39,685 [INFO] ✅ Processed UJB
2025-11-24 05:52:39,691 [INFO] ✅ Processed SRET
2025-11-24 05:52:39,738 [INFO] ✅ Processed PVH
2025-11-24 05:52:39,741 [INFO] ✅ Processed ARCC
2025-11-24 05:52:39,743 [INFO] ✅ Processed IYR
2025-11-24 05:52:39,749 [INFO] ✅ Processed GFLU
2025-11-24 05:52:39,761 [INFO] ✅ Processed AKCA
2025-11-24 05:52:39,769 [INFO] ✅ Processed BHP
2025-11-24 05:52:39,782 [INFO] ✅ Processed MAYS
2025-11-24 05:52:39,805 [INFO] ✅ Processed MTNB
2025-11-24 05:52:39,808 [INFO] ✅ Processed ORAN
2025-11-24 05:52:39,816 [INFO] ✅ Processed LEO
2025-11-24 05:52:39,819 [INFO] ✅ Processed IWY
2025-11-24 05:52:39,825 [INFO] ✅ Processed PPLT
2025-11-24 05:52:39,829 [INFO] ✅ Processed WEYS
2025-11-24 05:52:39,849 [INFO] ✅ Processed ITB
2025-11-24 05:52:39,859 [INFO] ✅ Processed BGH
2025-11-24 05:52:39,871 [INFO] ✅ Processed DDIV
2025-11-24 05:52:39,884 [INFO] ✅ Processed NTRA
2025-11-24 05:52:39,890 [INFO] ✅ Processed DMAC
2025-11-24 05:52:39,904 [INFO] ✅ Processed VFVA
2025-11-24 05:52:39,904 [INFO] ✅ Processed PPLC
2025-11-24 05:52:39,917 [INFO] ✅ Processed GOGL
2025-11-24 05:52:39,928 [INFO] ✅ Processed KMB
2025-11-24 05:52:39,944 [INFO] ✅ Processed NSTG
2025-11-24 05:52:39,953 [INFO] ✅ Processed ECF
2025-11-24 05:52:39,954 [INFO] ✅ Processed IWN
2025-11-24 05:52:39,961 [INFO] ✅ Processed UGE
2025-11-24 05:52:39,973 [INFO] ✅ Processed GTES
2025-11-24 05:52:39,977 [INFO] ✅ Processed EWT
2025-11-24 05:52:39,989 [INFO] ✅ Processed NGE
2025-11-24 05:52:39,989 [INFO] ✅ Processed AROW
2025-11-24 05:52:39,996 [INFO] ✅ Processed WIL
2025-11-24 05:52:39,999 [INFO] ✅ Processed ETO
2025-11-24 05:52:40,006 [INFO] ✅ Processed CAAP
2025-11-24 05:52:40,016 [INFO] ✅ Processed ISBC
2025-11-24 05:52:40,021 [INFO] ✅ Processed PEAK
2025-11-24 05:52:40,023 [INFO] ✅ Processed BSM
2025-11-24 05:52:40,037 [INFO] ✅ Processed IAC
2025-11-24 05:52:40,043 [INFO] ✅ Processed KIRK
2025-11-24 05:52:40,047 [INFO] ✅ Processed GNT
2025-11-24 05:52:40,048 [INFO] ✅ Processed CHIE
2025-11-24 05:52:40,068 [INFO] ✅ Processed ETX
2025-11-24 05:52:40,071 [INFO] ✅ Processed ALRN
2025-11-24 05:52:40,074 [INFO] ✅ Processed GMO
2025-11-24 05:52:40,079 [INFO] ✅ Processed DHIL
2025-11-24 05:52:40,084 [INFO] ✅ Processed PBEE
2025-11-24 05:52:40,091 [INFO] ✅ Processed CHIR
2025-11-24 05:52:40,093 [INFO] ✅ Processed IAT
2025-11-24 05:52:40,105 [INFO] ✅ Processed GNC
2025-11-24 05:52:40,118 [INFO] ✅ Processed HEWP
2025-11-24 05:52:40,131 [INFO] ✅ Processed PCI
2025-11-24 05:52:40,136 [INFO] ✅ Processed EVG
2025-11-24 05:52:40,137 [INFO] ✅ Processed EWC
2025-11-24 05:52:40,144 [INFO] ✅ Processed NEM
2025-11-24 05:52:40,146 [INFO] ✅ Processed ORTX
2025-11-24 05:52:40,149 [INFO] ✅ Processed ONEW
2025-11-24 05:52:40,151 [INFO] ✅ Processed FNGS
2025-11-24 05:52:40,158 [INFO] ✅ Processed ANDA
2025-11-24 05:52:40,158 [INFO] ✅ Processed SNCR
2025-11-24 05:52:40,167 [INFO] ✅ Processed LULU
2025-11-24 05:52:40,173 [INFO] ✅ Processed GTIP
2025-11-24 05:52:40,174 [INFO] ✅ Processed SPIB
2025-11-24 05:52:40,177 [INFO] ✅ Processed GAL
2025-11-24 05:52:40,178 [INFO] ✅ Processed HEWG
2025-11-24 05:52:40,184 [INFO] ✅ Processed DALI
2025-11-24 05:52:40,188 [INFO] ✅ Processed CHEF
2025-11-24 05:52:40,190 [INFO] ✅ Processed CVBF
2025-11-24 05:52:40,194 [INFO] ✅ Processed CTVA
2025-11-24 05:52:40,196 [INFO] ✅ Processed FCNCP
2025-11-24 05:52:40,202 [INFO] ✅ Processed FNGD
2025-11-24 05:52:40,203 [INFO] ✅ Processed HYDW
2025-11-24 05:52:40,206 [INFO] ✅ Processed SPGI
2025-11-24 05:52:40,211 [INFO] ✅ Processed ROYT
2025-11-24 05:52:40,222 [INFO] ✅ Processed OUSM
2025-11-24 05:52:40,225 [INFO] ✅ Processed WEX
2025-11-24 05:52:40,226 [INFO] ✅ Processed BRKR
2025-11-24 05:52:40,233 [INFO] ✅ Processed THBRU
2025-11-24 05:52:40,239 [INFO] ✅ Processed AXNX
2025-11-24 05:52:40,239 [INFO] ✅ Processed DTUS
2025-11-24 05:52:40,244 [INFO] ✅ Processed OPNT
2025-11-24 05:52:40,249 [INFO] ✅ Processed SPHQ
2025-11-24 05:52:40,254 [INFO] ✅ Processed RYE
2025-11-24 05:52:40,268 [INFO] ✅ Processed FKO
2025-11-24 05:52:40,270 [INFO] ✅ Processed JT
2025-11-24 05:52:40,284 [INFO] ✅ Processed SOHU
2025-11-24 05:52:40,308 [INFO] ✅ Processed PAA
2025-11-24 05:52:40,312 [INFO] ✅ Processed HOMB
2025-11-24 05:52:40,316 [INFO] ✅ Processed IO
2025-11-24 05:52:40,317 [INFO] ✅ Processed WFC
2025-11-24 05:52:40,328 [INFO] ✅ Processed SHLL
2025-11-24 05:52:40,335 [INFO] ✅ Processed AAAU
2025-11-24 05:52:40,343 [INFO] ✅ Processed CVV
2025-11-24 05:52:40,347 [INFO] ✅ Processed MXE
2025-11-24 05:52:40,351 [INFO] ✅ Processed PDEC
2025-11-24 05:52:40,361 [INFO] ✅ Processed DPG
2025-11-24 05:52:40,371 [INFO] ✅ Processed BCDA
2025-11-24 05:52:40,380 [INFO] ✅ Processed BSCN
2025-11-24 05:52:40,386 [INFO] ✅ Processed GBCI
2025-11-24 05:52:40,388 [INFO] ✅ Processed MZZ
2025-11-24 05:52:40,405 [INFO] ✅ Processed CLPT
2025-11-24 05:52:40,432 [INFO] ✅ Processed HCXY
2025-11-24 05:52:40,475 [INFO] ✅ Processed TMST
2025-11-24 05:52:40,477 [INFO] ✅ Processed TTD
2025-11-24 05:52:40,483 [INFO] ✅ Processed MIND
2025-11-24 05:52:40,483 [INFO] ✅ Processed HHHH
2025-11-24 05:52:40,485 [INFO] ✅ Processed VMD
2025-11-24 05:52:40,488 [INFO] ✅ Processed AOA
2025-11-24 05:52:40,494 [INFO] ✅ Processed CWEB
2025-11-24 05:52:40,499 [INFO] ✅ Processed IX
2025-11-24 05:52:40,502 [INFO] ✅ Processed AAOI
2025-11-24 05:52:40,505 [INFO] ✅ Processed MFINL
2025-11-24 05:52:40,505 [INFO] ✅ Processed BHTG
2025-11-24 05:52:40,517 [INFO] ✅ Processed SHAK
2025-11-24 05:52:40,517 [INFO] ✅ Processed CVA
2025-11-24 05:52:40,523 [INFO] ✅ Processed CUZ
2025-11-24 05:52:40,533 [INFO] ✅ Processed HTUS
2025-11-24 05:52:40,536 [INFO] ✅ Processed OMF
2025-11-24 05:52:40,539 [INFO] ✅ Processed ASPU
2025-11-24 05:52:40,552 [INFO] ✅ Processed NRIM
2025-11-24 05:52:40,595 [INFO] ✅ Processed VBK
2025-11-24 05:52:40,601 [INFO] ✅ Processed VGIT
2025-11-24 05:52:40,610 [INFO] ✅ Processed ESML
2025-11-24 05:52:40,614 [INFO] ✅ Processed EL
2025-11-24 05:52:40,623 [INFO] ✅ Processed CRTO
2025-11-24 05:52:40,625 [INFO] ✅ Processed GS
2025-11-24 05:52:40,627 [INFO] ✅ Processed EAST
2025-11-24 05:52:40,627 [INFO] ✅ Processed MICT
2025-11-24 05:52:40,628 [INFO] ✅ Processed JSD
2025-11-24 05:52:40,634 [INFO] ✅ Processed PQSV
2025-11-24 05:52:40,637 [INFO] ✅ Processed NULG
2025-11-24 05:52:40,641 [INFO] ✅ Processed IBMP
2025-11-24 05:52:40,642 [INFO] ✅ Processed LARK
2025-11-24 05:52:40,643 [INFO] ✅ Processed MUB
2025-11-24 05:52:40,653 [INFO] ✅ Processed ACU
2025-11-24 05:52:40,655 [INFO] ✅ Processed ZUO
2025-11-24 05:52:40,660 [INFO] ✅ Processed UROV
2025-11-24 05:52:40,663 [INFO] ✅ Processed BSMR
2025-11-24 05:52:40,664 [INFO] ✅ Processed PTMC
2025-11-24 05:52:40,668 [INFO] ✅ Processed CRTX
2025-11-24 05:52:40,670 [INFO] ✅ Processed ALGRU
2025-11-24 05:52:40,679 [INFO] ✅ Processed TXG
2025-11-24 05:52:40,689 [INFO] ✅ Processed TMQ
2025-11-24 05:52:40,694 [INFO] ✅ Processed ASET
2025-11-24 05:52:40,705 [INFO] ✅ Processed MCX
2025-11-24 05:52:40,710 [INFO] ✅ Processed STRL
2025-11-24 05:52:40,716 [INFO] ✅ Processed AVNW
2025-11-24 05:52:40,721 [INFO] ✅ Processed ACB
2025-11-24 05:52:40,729 [INFO] ✅ Processed MRCC
2025-11-24 05:52:40,731 [INFO] ✅ Processed BHFAP
2025-11-24 05:52:40,740 [INFO] ✅ Processed AXTA
2025-11-24 05:52:40,742 [INFO] ✅ Processed GD
2025-11-24 05:52:40,747 [INFO] ✅ Processed MNRL
2025-11-24 05:52:40,751 [INFO] ✅ Processed SORL
2025-11-24 05:52:40,762 [INFO] ✅ Processed FSI
2025-11-24 05:52:40,776 [INFO] ✅ Processed AVT
2025-11-24 05:52:40,778 [INFO] ✅ Processed PM
2025-11-24 05:52:40,786 [INFO] ✅ Processed CBFV
2025-11-24 05:52:40,789 [INFO] ✅ Processed CNP
2025-11-24 05:52:40,794 [INFO] ✅ Processed AWP
2025-11-24 05:52:40,809 [INFO] ✅ Processed MAG
2025-11-24 05:52:40,824 [INFO] ✅ Processed EMQQ
2025-11-24 05:52:40,825 [INFO] ✅ Processed FPE
2025-11-24 05:52:40,829 [INFO] ✅ Processed VREX
2025-11-24 05:52:40,830 [INFO] ✅ Processed RE
2025-11-24 05:52:40,833 [INFO] ✅ Processed TMF
2025-11-24 05:52:40,835 [INFO] ✅ Processed JFR
2025-11-24 05:52:40,838 [INFO] ✅ Processed IBTE
2025-11-24 05:52:40,852 [INFO] ✅ Processed TXRH
2025-11-24 05:52:40,855 [INFO] ✅ Processed DIVY
2025-11-24 05:52:40,864 [INFO] ✅ Processed DUKB
2025-11-24 05:52:40,867 [INFO] ✅ Processed MCO
2025-11-24 05:52:40,880 [INFO] ✅ Processed SA
2025-11-24 05:52:40,885 [INFO] ✅ Processed SOHOB
2025-11-24 05:52:40,897 [INFO] ✅ Processed AMBC
2025-11-24 05:52:40,898 [INFO] ✅ Processed HQY
2025-11-24 05:52:40,899 [INFO] ✅ Processed WALA
2025-11-24 05:52:40,905 [INFO] ✅ Processed BMRC
2025-11-24 05:52:40,909 [INFO] ✅ Processed HDIV
2025-11-24 05:52:40,916 [INFO] ✅ Processed JHY
2025-11-24 05:52:40,929 [INFO] ✅ Processed RETO
2025-11-24 05:52:40,931 [INFO] ✅ Processed TBI
2025-11-24 05:52:40,934 [INFO] ✅ Processed DFJ
2025-11-24 05:52:40,935 [INFO] ✅ Processed CAH
2025-11-24 05:52:40,943 [INFO] ✅ Processed SCHX
2025-11-24 05:52:40,944 [INFO] ✅ Processed REVG
2025-11-24 05:52:40,945 [INFO] ✅ Processed PANW
2025-11-24 05:52:40,956 [INFO] ✅ Processed MMD
2025-11-24 05:52:40,962 [INFO] ✅ Processed ASHS
2025-11-24 05:52:40,963 [INFO] ✅ Processed RNEM
2025-11-24 05:52:40,973 [INFO] ✅ Processed FDIS
2025-11-24 05:52:40,977 [INFO] ✅ Processed CLX
2025-11-24 05:52:40,986 [INFO] ✅ Processed RNGR
2025-11-24 05:52:41,008 [INFO] ✅ Processed RICK
2025-11-24 05:52:41,010 [INFO] ✅ Processed MRNS
2025-11-24 05:52:41,014 [INFO] ✅ Processed HRB
2025-11-24 05:52:41,014 [INFO] ✅ Processed CBD
2025-11-24 05:52:41,018 [INFO] ✅ Processed EXEL
2025-11-24 05:52:41,026 [INFO] ✅ Processed OVL
2025-11-24 05:52:41,052 [INFO] ✅ Processed SCHO
2025-11-24 05:52:41,053 [INFO] ✅ Processed IMKTA
2025-11-24 05:52:41,069 [INFO] ✅ Processed QUOT
2025-11-24 05:52:41,070 [INFO] ✅ Processed SCKT
2025-11-24 05:52:41,079 [INFO] ✅ Processed BSVN
2025-11-24 05:52:41,080 [INFO] ✅ Processed DEF
2025-11-24 05:52:41,089 [INFO] ✅ Processed FOXF
2025-11-24 05:52:41,091 [INFO] ✅ Processed HJLIW
2025-11-24 05:52:41,095 [INFO] ✅ Processed DELL
2025-11-24 05:52:41,102 [INFO] ✅ Processed OVM
2025-11-24 05:52:41,108 [INFO] ✅ Processed SGC
2025-11-24 05:52:41,125 [INFO] ✅ Processed MMS
2025-11-24 05:52:41,126 [INFO] ✅ Processed HTLF
2025-11-24 05:52:41,138 [INFO] ✅ Processed MOM
2025-11-24 05:52:41,140 [INFO] ✅ Processed SCHN
2025-11-24 05:52:41,141 [INFO] ✅ Processed XTH
2025-11-24 05:52:41,156 [INFO] ✅ Processed SCIJ
2025-11-24 05:52:41,161 [INFO] ✅ Processed SAQN
2025-11-24 05:52:41,166 [INFO] ✅ Processed SDY
2025-11-24 05:52:41,166 [INFO] ✅ Processed OSIS
2025-11-24 05:52:41,176 [INFO] ✅ Processed LTPZ
2025-11-24 05:52:41,189 [INFO] ✅ Processed TMFC
2025-11-24 05:52:41,190 [INFO] ✅ Processed STIP
2025-11-24 05:52:41,197 [INFO] ✅ Processed JJP
2025-11-24 05:52:41,197 [INFO] ✅ Processed MPWR
2025-11-24 05:52:41,202 [INFO] ✅ Processed SGB
2025-11-24 05:52:41,207 [INFO] ✅ Processed JPUS
2025-11-24 05:52:41,211 [INFO] ✅ Processed WFHY
2025-11-24 05:52:41,215 [INFO] ✅ Processed ASHR
2025-11-24 05:52:41,217 [INFO] ✅ Processed ADIL
2025-11-24 05:52:41,220 [INFO] ✅ Processed NEPT
2025-11-24 05:52:41,225 [INFO] ✅ Processed SHYL
2025-11-24 05:52:41,227 [INFO] ✅ Processed CBIO
2025-11-24 05:52:41,227 [INFO] ✅ Processed LVHI
2025-11-24 05:52:41,231 [INFO] ✅ Processed FTLB
2025-11-24 05:52:41,232 [INFO] ✅ Processed JHX
2025-11-24 05:52:41,235 [INFO] ✅ Processed DGX
2025-11-24 05:52:41,241 [INFO] ✅ Processed THCAU
2025-11-24 05:52:41,243 [INFO] ✅ Processed PQIN
2025-11-24 05:52:41,249 [INFO] ✅ Processed EAGG
2025-11-24 05:52:41,260 [INFO] ✅ Processed JJG
2025-11-24 05:52:41,269 [INFO] ✅ Processed CAI
2025-11-24 05:52:41,277 [INFO] ✅ Processed PVAC
2025-11-24 05:52:41,282 [INFO] ✅ Processed DDT
2025-11-24 05:52:41,283 [INFO] ✅ Processed TLC
2025-11-24 05:52:41,289 [INFO] ✅ Processed LMST
2025-11-24 05:52:41,290 [INFO] ✅ Processed VIST
2025-11-24 05:52:41,294 [INFO] ✅ Processed UNFI
2025-11-24 05:52:41,301 [INFO] ✅ Processed SGU
2025-11-24 05:52:41,311 [INFO] ✅ Processed CNF
2025-11-24 05:52:41,315 [INFO] ✅ Processed CNSL
2025-11-24 05:52:41,323 [INFO] ✅ Processed MUDSU
2025-11-24 05:52:41,340 [INFO] ✅ Processed AWF
2025-11-24 05:52:41,344 [INFO] ✅ Processed AUY
2025-11-24 05:52:41,351 [INFO] ✅ Processed HRC
2025-11-24 05:52:41,355 [INFO] ✅ Processed MCN
2025-11-24 05:52:41,356 [INFO] ✅ Processed AVB
2025-11-24 05:52:41,357 [INFO] ✅ Processed LMPX
2025-11-24 05:52:41,370 [INFO] ✅ Processed EQAL
2025-11-24 05:52:41,372 [INFO] ✅ Processed DIVO
2025-11-24 05:52:41,374 [INFO] ✅ Processed SDAG
2025-11-24 05:52:41,397 [INFO] ✅ Processed EFAV
2025-11-24 05:52:41,402 [INFO] ✅ Processed MNPR
2025-11-24 05:52:41,402 [INFO] ✅ Processed SJR
2025-11-24 05:52:41,408 [INFO] ✅ Processed PACQ
2025-11-24 05:52:41,414 [INFO] ✅ Processed MITK
2025-11-24 05:52:41,422 [INFO] ✅ Processed TLT
2025-11-24 05:52:41,422 [INFO] ✅ Processed FOVL
2025-11-24 05:52:41,429 [INFO] ✅ Processed PFFL
2025-11-24 05:52:41,431 [INFO] ✅ Processed CNQ
2025-11-24 05:52:41,449 [INFO] ✅ Processed TNK
2025-11-24 05:52:41,456 [INFO] ✅ Processed QSR
2025-11-24 05:52:41,458 [INFO] ✅ Processed RS
2025-11-24 05:52:41,465 [INFO] ✅ Processed MCY
2025-11-24 05:52:41,470 [INFO] ✅ Processed SHM
2025-11-24 05:52:41,471 [INFO] ✅ Processed DIS
2025-11-24 05:52:41,481 [INFO] ✅ Processed OMP
2025-11-24 05:52:41,485 [INFO] ✅ Processed TMP
2025-11-24 05:52:41,489 [INFO] ✅ Processed AVXL
2025-11-24 05:52:41,495 [INFO] ✅ Processed DKL
2025-11-24 05:52:41,496 [INFO] ✅ Processed FDEF
2025-11-24 05:52:41,496 [INFO] ✅ Processed FSFG
2025-11-24 05:52:41,503 [INFO] ✅ Processed IBMQ
2025-11-24 05:52:41,504 [INFO] ✅ Processed JPMB
2025-11-24 05:52:41,510 [INFO] ✅ Processed FAMI
2025-11-24 05:52:41,513 [INFO] ✅ Processed BSMS
2025-11-24 05:52:41,518 [INFO] ✅ Processed SCPH
2025-11-24 05:52:41,524 [INFO] ✅ Processed MVO
2025-11-24 05:52:41,531 [INFO] ✅ Processed NYMX
2025-11-24 05:52:41,536 [INFO] ✅ Processed JPI
2025-11-24 05:52:41,541 [INFO] ✅ Processed IEIH
2025-11-24 05:52:41,546 [INFO] ✅ Processed CBRE
2025-11-24 05:52:41,548 [INFO] ✅ Processed ACC
2025-11-24 05:52:41,553 [INFO] ✅ Processed HSPX
2025-11-24 05:52:41,567 [INFO] ✅ Processed SSTK
2025-11-24 05:52:41,567 [INFO] ✅ Processed HII
2025-11-24 05:52:41,570 [INFO] ✅ Processed MTP
2025-11-24 05:52:41,586 [INFO] ✅ Processed SDVY
2025-11-24 05:52:41,604 [INFO] ✅ Processed CGNX
2025-11-24 05:52:41,614 [INFO] ✅ Processed ACT
2025-11-24 05:52:41,615 [INFO] ✅ Processed MBSD
2025-11-24 05:52:41,620 [INFO] ✅ Processed STRM
2025-11-24 05:52:41,621 [INFO] ✅ Processed ABG
2025-11-24 05:52:41,627 [INFO] ✅ Processed DURA
2025-11-24 05:52:41,627 [INFO] ✅ Processed DGLY
2025-11-24 05:52:41,636 [INFO] ✅ Processed MUC
2025-11-24 05:52:41,639 [INFO] ✅ Processed MWK
2025-11-24 05:52:41,656 [INFO] ✅ Processed REML
2025-11-24 05:52:41,660 [INFO] ✅ Processed GE
2025-11-24 05:52:41,660 [INFO] ✅ Processed MPLX
2025-11-24 05:52:41,661 [INFO] ✅ Processed FV
2025-11-24 05:52:41,672 [INFO] ✅ Processed LDOS
2025-11-24 05:52:41,679 [INFO] ✅ Processed AFIN
2025-11-24 05:52:41,679 [INFO] ✅ Processed FGM
2025-11-24 05:52:41,708 [INFO] ✅ Processed HDSN
2025-11-24 05:52:41,709 [INFO] ✅ Processed FIF
2025-11-24 05:52:41,718 [INFO] ✅ Processed OAS
2025-11-24 05:52:41,719 [INFO] ✅ Processed BSBK
2025-11-24 05:52:41,729 [INFO] ✅ Processed CLSN
2025-11-24 05:52:41,730 [INFO] ✅ Processed MTG
2025-11-24 05:52:41,738 [INFO] ✅ Processed SRC
2025-11-24 05:52:41,739 [INFO] ✅ Processed XLY
2025-11-24 05:52:41,747 [INFO] ✅ Processed BSCO
2025-11-24 05:52:41,750 [INFO] ✅ Processed SSG
2025-11-24 05:52:41,754 [INFO] ✅ Processed HOOK
2025-11-24 05:52:41,771 [INFO] ✅ Processed CWS
2025-11-24 05:52:41,772 [INFO] ✅ Processed KF
2025-11-24 05:52:41,779 [INFO] ✅ Processed MLPG
2025-11-24 05:52:41,785 [INFO] ✅ Processed OXLC
2025-11-24 05:52:41,786 [INFO] ✅ Processed FHB
2025-11-24 05:52:41,796 [INFO] ✅ Processed BHVN
2025-11-24 05:52:41,796 [INFO] ✅ Processed POWL
2025-11-24 05:52:41,798 [INFO] ✅ Processed INVA
2025-11-24 05:52:41,803 [INFO] ✅ Processed AMTX
2025-11-24 05:52:41,816 [INFO] ✅ Processed FTXG
2025-11-24 05:52:41,820 [INFO] ✅ Processed DRN
2025-11-24 05:52:41,827 [INFO] ✅ Processed NIO
2025-11-24 05:52:41,837 [INFO] ✅ Processed SRRK
2025-11-24 05:52:41,840 [INFO] ✅ Processed ALL
2025-11-24 05:52:41,846 [INFO] ✅ Processed AMH
2025-11-24 05:52:41,852 [INFO] ✅ Processed BOSS
2025-11-24 05:52:41,863 [INFO] ✅ Processed HUSE
2025-11-24 05:52:41,869 [INFO] ✅ Processed SRT
2025-11-24 05:52:41,876 [INFO] ✅ Processed TWI
2025-11-24 05:52:41,884 [INFO] ✅ Processed OBSV
2025-11-24 05:52:41,888 [INFO] ✅ Processed TYBS
2025-11-24 05:52:41,889 [INFO] ✅ Processed ANGL
2025-11-24 05:52:41,890 [INFO] ✅ Processed SSP
2025-11-24 05:52:41,897 [INFO] ✅ Processed WBIN
2025-11-24 05:52:41,910 [INFO] ✅ Processed CHEP
2025-11-24 05:52:41,920 [INFO] ✅ Processed HRTG
2025-11-24 05:52:41,928 [INFO] ✅ Processed ERIE
2025-11-24 05:52:41,928 [INFO] ✅ Processed IMV
2025-11-24 05:52:41,929 [INFO] ✅ Processed GAZ
2025-11-24 05:52:41,930 [INFO] ✅ Processed HNDL
2025-11-24 05:52:41,938 [INFO] ✅ Processed GCE
2025-11-24 05:52:41,950 [INFO] ✅ Processed CALA
2025-11-24 05:52:41,955 [INFO] ✅ Processed MFIN
2025-11-24 05:52:41,960 [INFO] ✅ Processed UAUG
2025-11-24 05:52:41,976 [INFO] ✅ Processed PBIP
2025-11-24 05:52:41,981 [INFO] ✅ Processed BRKS
2025-11-24 05:52:41,990 [INFO] ✅ Processed SRPT
2025-11-24 05:52:41,995 [INFO] ✅ Processed WBIY
2025-11-24 05:52:42,004 [INFO] ✅ Processed ONEV
2025-11-24 05:52:42,011 [INFO] ✅ Processed SIFY
2025-11-24 05:52:42,018 [INFO] ✅ Processed HCACU
2025-11-24 05:52:42,025 [INFO] ✅ Processed VCSH
2025-11-24 05:52:42,027 [INFO] ✅ Processed PBHC
2025-11-24 05:52:42,034 [INFO] ✅ Processed CHGX
2025-11-24 05:52:42,036 [INFO] ✅ Processed PGTI
2025-11-24 05:52:42,039 [INFO] ✅ Processed ITIC
2025-11-24 05:52:42,070 [INFO] ✅ Processed GAM
2025-11-24 05:52:42,093 [INFO] ✅ Processed SIEB
2025-11-24 05:52:42,103 [INFO] ✅ Processed NKG
2025-11-24 05:52:42,104 [INFO] ✅ Processed MACK
2025-11-24 05:52:42,110 [INFO] ✅ Processed OPOF
2025-11-24 05:52:42,111 [INFO] ✅ Processed CHIS
2025-11-24 05:52:42,122 [INFO] ✅ Processed MFEM
2025-11-24 05:52:42,134 [INFO] ✅ Processed PCH
2025-11-24 05:52:42,141 [INFO] ✅ Processed USDP
2025-11-24 05:52:42,154 [INFO] ✅ Processed USA
2025-11-24 05:52:42,156 [INFO] ✅ Processed EVF
2025-11-24 05:52:42,159 [INFO] ✅ Processed LPX
2025-11-24 05:52:42,169 [INFO] ✅ Processed SWAN
2025-11-24 05:52:42,172 [INFO] ✅ Processed NMIH
2025-11-24 05:52:42,177 [INFO] ✅ Processed WEN
2025-11-24 05:52:42,178 [INFO] ✅ Processed PLG
2025-11-24 05:52:42,183 [INFO] ✅ Processed ANIP
2025-11-24 05:52:42,195 [INFO] ✅ Processed RMNI
2025-11-24 05:52:42,200 [INFO] ✅ Processed RWX
2025-11-24 05:52:42,201 [INFO] ✅ Processed NORW
2025-11-24 05:52:42,206 [INFO] ✅ Processed ALSK
2025-11-24 05:52:42,217 [INFO] ✅ Processed WIZ
2025-11-24 05:52:42,223 [INFO] ✅ Processed ETY
2025-11-24 05:52:42,228 [INFO] ✅ Processed IAU
2025-11-24 05:52:42,229 [INFO] ✅ Processed WEAT
2025-11-24 05:52:42,231 [INFO] ✅ Processed PYPE
2025-11-24 05:52:42,235 [INFO] ✅ Processed IBN
2025-11-24 05:52:42,236 [INFO] ✅ Processed GOF
2025-11-24 05:52:42,245 [INFO] ✅ Processed NGS
2025-11-24 05:52:42,246 [INFO] ✅ Processed URE
2025-11-24 05:52:42,253 [INFO] ✅ Processed NSCO
2025-11-24 05:52:42,262 [INFO] ✅ Processed BSL
2025-11-24 05:52:42,271 [INFO] ✅ Processed PMT
2025-11-24 05:52:42,296 [INFO] ✅ Processed ISCF
2025-11-24 05:52:42,304 [INFO] ✅ Processed JMUB
2025-11-24 05:52:42,305 [INFO] ✅ Processed SLVP
2025-11-24 05:52:42,309 [INFO] ✅ Processed LBAI
2025-11-24 05:52:42,310 [INFO] ✅ Processed MOMO
2025-11-24 05:52:42,310 [INFO] ✅ Processed USV
2025-11-24 05:52:42,316 [INFO] ✅ Processed ENVA
2025-11-24 05:52:42,339 [INFO] ✅ Processed RWO
2025-11-24 05:52:42,345 [INFO] ✅ Processed APXTU
2025-11-24 05:52:42,349 [INFO] ✅ Processed URR
2025-11-24 05:52:42,365 [INFO] ✅ Processed NGD
2025-11-24 05:52:42,375 [INFO] ✅ Processed EWU
2025-11-24 05:52:42,375 [INFO] ✅ Processed IWO
2025-11-24 05:52:42,401 [INFO] ✅ Processed RAND
2025-11-24 05:52:42,403 [INFO] ✅ Processed ITT
2025-11-24 05:52:42,419 [INFO] ✅ Processed ZLAB
2025-11-24 05:52:42,419 [INFO] ✅ Processed NFLX
2025-11-24 05:52:42,429 [INFO] ✅ Processed ALGN
2025-11-24 05:52:42,429 [INFO] ✅ Processed QARP
2025-11-24 05:52:42,435 [INFO] ✅ Processed UONEK
2025-11-24 05:52:42,435 [INFO] ✅ Processed TNXP
2025-11-24 05:52:42,451 [INFO] ✅ Processed ITRI
2025-11-24 05:52:42,451 [INFO] ✅ Processed ETN
2025-11-24 05:52:42,458 [INFO] ✅ Processed CMCT
2025-11-24 05:52:42,459 [INFO] ✅ Processed VCIF
2025-11-24 05:52:42,464 [INFO] ✅ Processed SWTX
2025-11-24 05:52:42,465 [INFO] ✅ Processed SPSM
2025-11-24 05:52:42,485 [INFO] ✅ Processed BFZ
2025-11-24 05:52:42,495 [INFO] ✅ Processed AEMD
2025-11-24 05:52:42,501 [INFO] ✅ Processed IWX
2025-11-24 05:52:42,505 [INFO] ✅ Processed FLEX
2025-11-24 05:52:42,521 [INFO] ✅ Processed DSKE
2025-11-24 05:52:42,526 [INFO] ✅ Processed PICO
2025-11-24 05:52:42,527 [INFO] ✅ Processed BGI
2025-11-24 05:52:42,532 [INFO] ✅ Processed CCMP
2025-11-24 05:52:42,546 [INFO] ✅ Processed NSA
2025-11-24 05:52:42,556 [INFO] ✅ Processed RTTR
2025-11-24 05:52:42,562 [INFO] ✅ Processed RVLV
2025-11-24 05:52:42,572 [INFO] ✅ Processed BDR
2025-11-24 05:52:42,574 [INFO] ✅ Processed ELVT
2025-11-24 05:52:42,582 [INFO] ✅ Processed SBNY
2025-11-24 05:52:42,590 [INFO] ✅ Processed ROAD
2025-11-24 05:52:42,602 [INFO] ✅ Processed RFDA
2025-11-24 05:52:42,606 [INFO] ✅ Processed BELFA
2025-11-24 05:52:42,611 [INFO] ✅ Processed KNX
2025-11-24 05:52:42,612 [INFO] ✅ Processed WSC
2025-11-24 05:52:42,614 [INFO] ✅ Processed KMT
2025-11-24 05:52:42,645 [INFO] ✅ Processed WPX
2025-11-24 05:52:42,648 [INFO] ✅ Processed BHF
2025-11-24 05:52:42,649 [INFO] ✅ Processed BIB
2025-11-24 05:52:42,657 [INFO] ✅ Processed PNNTG
2025-11-24 05:52:42,658 [INFO] ✅ Processed EOD
2025-11-24 05:52:42,672 [INFO] ✅ Processed ELTK
2025-11-24 05:52:42,681 [INFO] ✅ Processed ARCB
2025-11-24 05:52:42,685 [INFO] ✅ Processed WINA
2025-11-24 05:52:42,685 [INFO] ✅ Processed PWZ
2025-11-24 05:52:42,696 [INFO] ✅ Processed LEN
2025-11-24 05:52:42,703 [INFO] ✅ Processed IAGG
2025-11-24 05:52:42,708 [INFO] ✅ Processed PVI
2025-11-24 05:52:42,722 [INFO] ✅ Processed ORBC
2025-11-24 05:52:42,723 [INFO] ✅ Processed TEDU
2025-11-24 05:52:42,736 [INFO] ✅ Processed CCCL
2025-11-24 05:52:42,758 [INFO] ✅ Processed EOS
2025-11-24 05:52:42,763 [INFO] ✅ Processed MSGN
2025-11-24 05:52:42,769 [INFO] ✅ Processed FITB
2025-11-24 05:52:42,774 [INFO] ✅ Processed EML
2025-11-24 05:52:42,781 [INFO] ✅ Processed WST
2025-11-24 05:52:42,790 [INFO] ✅ Processed PTE
2025-11-24 05:52:42,792 [INFO] ✅ Processed PPBI
2025-11-24 05:52:42,800 [INFO] ✅ Processed ESGRP
2025-11-24 05:52:42,809 [INFO] ✅ Processed TWNKW
2025-11-24 05:52:42,810 [INFO] ✅ Processed WSG
2025-11-24 05:52:42,817 [INFO] ✅ Processed IYW
2025-11-24 05:52:42,819 [INFO] ✅ Processed ARAY
2025-11-24 05:52:42,828 [INFO] ✅ Processed RAAX
2025-11-24 05:52:42,833 [INFO] ✅ Processed MAXR
2025-11-24 05:52:42,836 [INFO] ✅ Processed GWW
2025-11-24 05:52:42,844 [INFO] ✅ Processed KBH
2025-11-24 05:52:42,847 [INFO] ✅ Processed FRBK
2025-11-24 05:52:42,851 [INFO] ✅ Processed PGAL
2025-11-24 05:52:42,901 [INFO] ✅ Processed IDYA
2025-11-24 05:52:42,923 [INFO] ✅ Processed BIF
2025-11-24 05:52:42,930 [INFO] ✅ Processed MOTI
2025-11-24 05:52:42,933 [INFO] ✅ Processed ORCC
2025-11-24 05:52:42,938 [INFO] ✅ Processed TRGP
2025-11-24 05:52:42,939 [INFO] ✅ Processed BHB
2025-11-24 05:52:42,943 [INFO] ✅ Processed TREX
2025-11-24 05:52:42,947 [INFO] ✅ Processed HEBT
2025-11-24 05:52:42,950 [INFO] ✅ Processed PEXL
2025-11-24 05:52:42,955 [INFO] ✅ Processed RMR
2025-11-24 05:52:42,958 [INFO] ✅ Processed PTR
2025-11-24 05:52:42,959 [INFO] ✅ Processed ROM
2025-11-24 05:52:42,966 [INFO] ✅ Processed LFACU
2025-11-24 05:52:42,972 [INFO] ✅ Processed ECC
2025-11-24 05:52:42,977 [INFO] ✅ Processed ERSX
2025-11-24 05:52:42,979 [INFO] ✅ Processed NHLD
2025-11-24 05:52:42,980 [INFO] ✅ Processed PICK
2025-11-24 05:52:42,987 [INFO] ✅ Processed FIVN
2025-11-24 05:52:42,987 [INFO] ✅ Processed ENS
2025-11-24 05:52:42,990 [INFO] ✅ Processed ITRM
2025-11-24 05:52:42,997 [INFO] ✅ Processed PXF
2025-11-24 05:52:43,009 [INFO] ✅ Processed BKN
2025-11-24 05:52:43,014 [INFO] ✅ Processed DOYU
2025-11-24 05:52:43,019 [INFO] ✅ Processed NCSM
2025-11-24 05:52:43,022 [INFO] ✅ Processed ITP
2025-11-24 05:52:43,025 [INFO] ✅ Processed ARNA
2025-11-24 05:52:43,030 [INFO] ✅ Processed CATC
2025-11-24 05:52:43,031 [INFO] ✅ Processed PXQ
2025-11-24 05:52:43,041 [INFO] ✅ Processed PBSM
2025-11-24 05:52:43,042 [INFO] ✅ Processed ECT
2025-11-24 05:52:43,048 [INFO] ✅ Processed VSLR
2025-11-24 05:52:43,052 [INFO] ✅ Processed CCLP
2025-11-24 05:52:43,052 [INFO] ✅ Processed LII
2025-11-24 05:52:43,058 [INFO] ✅ Processed JDIV
2025-11-24 05:52:43,062 [INFO] ✅ Processed FLGT
2025-11-24 05:52:43,074 [INFO] ✅ Processed UFS
2025-11-24 05:52:43,077 [INFO] ✅ Processed VSMV
2025-11-24 05:52:43,083 [INFO] ✅ Processed TRIL
2025-11-24 05:52:43,093 [INFO] ✅ Processed FIZZ
2025-11-24 05:52:43,106 [INFO] ✅ Processed WEBK
2025-11-24 05:52:43,112 [INFO] ✅ Processed URA
2025-11-24 05:52:43,114 [INFO] ✅ Processed PZN
2025-11-24 05:52:43,115 [INFO] ✅ Processed AEYE
2025-11-24 05:52:43,125 [INFO] ✅ Processed BEDU
2025-11-24 05:52:43,126 [INFO] ✅ Processed SGDM
2025-11-24 05:52:43,127 [INFO] ✅ Processed WETF
2025-11-24 05:52:43,129 [INFO] ✅ Processed SPDW
2025-11-24 05:52:43,132 [INFO] ✅ Processed USEP
2025-11-24 05:52:43,132 [INFO] ✅ Processed IMVTU
2025-11-24 05:52:43,133 [INFO] ✅ Processed BBVA
2025-11-24 05:52:43,136 [INFO] ✅ Processed AGNCN
2025-11-24 05:52:43,142 [INFO] ✅ Processed FLRU
2025-11-24 05:52:43,154 [INFO] ✅ Processed LRGF
2025-11-24 05:52:43,155 [INFO] ✅ Processed MVBF
2025-11-24 05:52:43,173 [INFO] ✅ Processed PLC
2025-11-24 05:52:43,174 [INFO] ✅ Processed NTRS
2025-11-24 05:52:43,177 [INFO] ✅ Processed EWZS
2025-11-24 05:52:43,182 [INFO] ✅ Processed AINV
2025-11-24 05:52:43,196 [INFO] ✅ Processed RWK
2025-11-24 05:52:43,200 [INFO] ✅ Processed GSBC
2025-11-24 05:52:43,205 [INFO] ✅ Processed PLT
2025-11-24 05:52:43,217 [INFO] ✅ Processed DOOO
2025-11-24 05:52:43,220 [INFO] ✅ Processed ETJ
2025-11-24 05:52:43,224 [INFO] ✅ Processed NTGR
2025-11-24 05:52:43,234 [INFO] ✅ Processed ELAN
2025-11-24 05:52:43,238 [INFO] ✅ Processed MTUM
2025-11-24 05:52:43,239 [INFO] ✅ Processed EWQ
2025-11-24 05:52:43,250 [INFO] ✅ Processed XAIR
2025-11-24 05:52:43,261 [INFO] ✅ Processed RXD
2025-11-24 05:52:43,264 [INFO] ✅ Processed GDMA
2025-11-24 05:52:43,265 [INFO] ✅ Processed USEG
2025-11-24 05:52:43,266 [INFO] ✅ Processed MANH
2025-11-24 05:52:43,273 [INFO] ✅ Processed EEFT
2025-11-24 05:52:43,282 [INFO] ✅ Processed EZA
2025-11-24 05:52:43,283 [INFO] ✅ Processed IAF
2025-11-24 05:52:43,297 [INFO] ✅ Processed TNAV
2025-11-24 05:52:43,316 [INFO] ✅ Processed PRMW
2025-11-24 05:52:43,318 [INFO] ✅ Processed EXI
2025-11-24 05:52:43,322 [INFO] ✅ Processed UFPI
2025-11-24 05:52:43,327 [INFO] ✅ Processed HUSA
2025-11-24 05:52:43,328 [INFO] ✅ Processed NMFC
2025-11-24 05:52:43,329 [INFO] ✅ Processed SPIP
2025-11-24 05:52:43,340 [INFO] ✅ Processed HEWU
2025-11-24 05:52:43,342 [INFO] ✅ Processed APOP
2025-11-24 05:52:43,354 [INFO] ✅ Processed HUSV
2025-11-24 05:52:43,358 [INFO] ✅ Processed PBH
2025-11-24 05:52:43,370 [INFO] ✅ Processed FIBK
2025-11-24 05:52:43,390 [INFO] ✅ Processed GCV
2025-11-24 05:52:43,403 [INFO] ✅ Processed MLPC
2025-11-24 05:52:43,413 [INFO] ✅ Processed LSAF
2025-11-24 05:52:43,417 [INFO] ✅ Processed APOG
2025-11-24 05:52:43,417 [INFO] ✅ Processed GBR
2025-11-24 05:52:43,424 [INFO] ✅ Processed FICO
2025-11-24 05:52:43,424 [INFO] ✅ Processed FXNC
2025-11-24 05:52:43,427 [INFO] ✅ Processed CFFAU
2025-11-24 05:52:43,432 [INFO] ✅ Processed INVE
2025-11-24 05:52:43,437 [INFO] ✅ Processed SRG
2025-11-24 05:52:43,437 [INFO] ✅ Processed BSCK
2025-11-24 05:52:43,445 [INFO] ✅ Processed SAFT
2025-11-24 05:52:43,451 [INFO] ✅ Processed FITBP
2025-11-24 05:52:43,459 [INFO] ✅ Processed HY
2025-11-24 05:52:43,461 [INFO] ✅ Processed DGAZ
2025-11-24 05:52:43,463 [INFO] ✅ Processed IMGN
2025-11-24 05:52:43,473 [INFO] ✅ Processed KB
2025-11-24 05:52:43,476 [INFO] ✅ Processed AOD
2025-11-24 05:52:43,488 [INFO] ✅ Processed TUR
2025-11-24 05:52:43,499 [INFO] ✅ Processed SAEX
2025-11-24 05:52:43,505 [INFO] ✅ Processed VNM
2025-11-24 05:52:43,522 [INFO] ✅ Processed OVBC
2025-11-24 05:52:43,531 [INFO] ✅ Processed TWM
2025-11-24 05:52:43,541 [INFO] ✅ Processed BSAC
2025-11-24 05:52:43,555 [INFO] ✅ Processed CVS
2025-11-24 05:52:43,559 [INFO] ✅ Processed TCRZ
2025-11-24 05:52:43,565 [INFO] ✅ Processed MYD
2025-11-24 05:52:43,568 [INFO] ✅ Processed MTT
2025-11-24 05:52:43,583 [INFO] ✅ Processed EDAP
2025-11-24 05:52:43,600 [INFO] ✅ Processed VIACA
2025-11-24 05:52:43,600 [INFO] ✅ Processed NBLX
2025-11-24 05:52:43,607 [INFO] ✅ Processed CTL
2025-11-24 05:52:43,617 [INFO] ✅ Processed WDFC
2025-11-24 05:52:43,618 [INFO] ✅ Processed AOS
2025-11-24 05:52:43,625 [INFO] ✅ Processed SAIL
2025-11-24 05:52:43,626 [INFO] ✅ Processed SCPL
2025-11-24 05:52:43,628 [INFO] ✅ Processed FE
2025-11-24 05:52:43,628 [INFO] ✅ Processed OLP
2025-11-24 05:52:43,631 [INFO] ✅ Processed VERY
2025-11-24 05:52:43,641 [INFO] ✅ Processed JPMF
2025-11-24 05:52:43,642 [INFO] ✅ Processed DRTT
2025-11-24 05:52:43,649 [INFO] ✅ Processed PTON
2025-11-24 05:52:43,651 [INFO] ✅ Processed HJV
2025-11-24 05:52:43,652 [INFO] ✅ Processed ABC
2025-11-24 05:52:43,652 [INFO] ✅ Processed GRID
2025-11-24 05:52:43,664 [INFO] ✅ Processed DUSA
2025-11-24 05:52:43,678 [INFO] ✅ Processed TFLO
2025-11-24 05:52:43,688 [INFO] ✅ Processed MRTX
2025-11-24 05:52:43,704 [INFO] ✅ Processed MTC
2025-11-24 05:52:43,709 [INFO] ✅ Processed CNBKA
2025-11-24 05:52:43,710 [INFO] ✅ Processed PFSI
2025-11-24 05:52:43,714 [INFO] ✅ Processed JPM
2025-11-24 05:52:43,715 [INFO] ✅ Processed FFHG
2025-11-24 05:52:43,719 [INFO] ✅ Processed THCX
2025-11-24 05:52:43,723 [INFO] ✅ Processed HSRT
2025-11-24 05:52:43,728 [INFO] ✅ Processed FR
2025-11-24 05:52:43,735 [INFO] ✅ Processed FFIC
2025-11-24 05:52:43,738 [INFO] ✅ Processed PATK
2025-11-24 05:52:43,748 [INFO] ✅ Processed ABT
2025-11-24 05:52:43,759 [INFO] ✅ Processed ACP
2025-11-24 05:52:43,760 [INFO] ✅ Processed CXO
2025-11-24 05:52:43,769 [INFO] ✅ Processed TTPH
2025-11-24 05:52:43,775 [INFO] ✅ Processed FDEU
2025-11-24 05:52:43,778 [INFO] ✅ Processed VNTR
2025-11-24 05:52:43,821 [INFO] ✅ Processed PACB
2025-11-24 05:52:43,821 [INFO] ✅ Processed OFIX
2025-11-24 05:52:43,822 [INFO] ✅ Processed HALL
2025-11-24 05:52:43,823 [INFO] ✅ Processed OMC
2025-11-24 05:52:43,825 [INFO] ✅ Processed VUG
2025-11-24 05:52:43,828 [INFO] ✅ Processed GNLN
2025-11-24 05:52:43,831 [INFO] ✅ Processed GV
2025-11-24 05:52:43,835 [INFO] ✅ Processed MUDS
2025-11-24 05:52:43,836 [INFO] ✅ Processed VTC
2025-11-24 05:52:43,838 [INFO] ✅ Processed FCAL
2025-11-24 05:52:43,846 [INFO] ✅ Processed SD
2025-11-24 05:52:43,849 [INFO] ✅ Processed VIRT
2025-11-24 05:52:43,859 [INFO] ✅ Processed BOKF
2025-11-24 05:52:43,859 [INFO] ✅ Processed RELL
2025-11-24 05:52:43,874 [INFO] ✅ Processed CRBP
2025-11-24 05:52:43,878 [INFO] ✅ Processed INNT
2025-11-24 05:52:43,891 [INFO] ✅ Processed DHS
2025-11-24 05:52:43,894 [INFO] ✅ Processed COF
2025-11-24 05:52:43,895 [INFO] ✅ Processed CRAK
2025-11-24 05:52:43,898 [INFO] ✅ Processed AMOV
2025-11-24 05:52:43,906 [INFO] ✅ Processed TOTAU
2025-11-24 05:52:43,915 [INFO] ✅ Processed TSCO
2025-11-24 05:52:43,930 [INFO] ✅ Processed SHI
2025-11-24 05:52:43,937 [INFO] ✅ Processed VWO
2025-11-24 05:52:43,944 [INFO] ✅ Processed TOK
2025-11-24 05:52:43,954 [INFO] ✅ Processed ASGN
2025-11-24 05:52:43,961 [INFO] ✅ Processed ACBI
2025-11-24 05:52:43,964 [INFO] ✅ Processed IIIV
2025-11-24 05:52:43,966 [INFO] ✅ Processed EVGN
2025-11-24 05:52:43,968 [INFO] ✅ Processed MITO
2025-11-24 05:52:43,979 [INFO] ✅ Processed MLHR
2025-11-24 05:52:43,993 [INFO] ✅ Processed PH
2025-11-24 05:52:43,994 [INFO] ✅ Processed TSBK
2025-11-24 05:52:44,000 [INFO] ✅ Processed VIRC
2025-11-24 05:52:44,013 [INFO] ✅ Processed JJT
2025-11-24 05:52:44,016 [INFO] ✅ Processed SIM
2025-11-24 05:52:44,021 [INFO] ✅ Processed DDG
2025-11-24 05:52:44,022 [INFO] ✅ Processed LBRDK
2025-11-24 05:52:44,028 [INFO] ✅ Processed SFTW
2025-11-24 05:52:44,029 [INFO] ✅ Processed FDIV
2025-11-24 05:52:44,032 [INFO] ✅ Processed CIVB
2025-11-24 05:52:44,038 [INFO] ✅ Processed MBIN
2025-11-24 05:52:44,038 [INFO] ✅ Processed PFIG
2025-11-24 05:52:44,045 [INFO] ✅ Processed XTL
2025-11-24 05:52:44,054 [INFO] ✅ Processed SCHJ
2025-11-24 05:52:44,057 [INFO] ✅ Processed CLDT
2025-11-24 05:52:44,061 [INFO] ✅ Processed NGHC
2025-11-24 05:52:44,062 [INFO] ✅ Processed ZIONP
2025-11-24 05:52:44,064 [INFO] ✅ Processed MEOH
2025-11-24 05:52:44,065 [INFO] ✅ Processed BDTX
2025-11-24 05:52:44,074 [INFO] ✅ Processed TMDX
2025-11-24 05:52:44,079 [INFO] ✅ Processed HSKA
2025-11-24 05:52:44,108 [INFO] ✅ Processed BHAT
2025-11-24 05:52:44,110 [INFO] ✅ Processed JJC
2025-11-24 05:52:44,110 [INFO] ✅ Processed MLR
2025-11-24 05:52:44,130 [INFO] ✅ Processed FMAT
2025-11-24 05:52:44,131 [INFO] ✅ Processed GNCA
2025-11-24 05:52:44,138 [INFO] ✅ Processed PCTI
2025-11-24 05:52:44,139 [INFO] ✅ Processed HYACU
2025-11-24 05:52:44,139 [INFO] ✅ Processed ATLO
2025-11-24 05:52:44,141 [INFO] ✅ Processed VGSH
2025-11-24 05:52:44,142 [INFO] ✅ Processed AYI
2025-11-24 05:52:44,143 [INFO] ✅ Processed HST
2025-11-24 05:52:44,153 [INFO] ✅ Processed AFINP
2025-11-24 05:52:44,164 [INFO] ✅ Processed CCR
2025-11-24 05:52:44,177 [INFO] ✅ Processed TARO
2025-11-24 05:52:44,178 [INFO] ✅ Processed MRNA
2025-11-24 05:52:44,186 [INFO] ✅ Processed JKG
2025-11-24 05:52:44,194 [INFO] ✅ Processed URTY
2025-11-24 05:52:44,200 [INFO] ✅ Processed HSII
2025-11-24 05:52:44,215 [INFO] ✅ Processed CCS
2025-11-24 05:52:44,221 [INFO] ✅ Processed JBHT
2025-11-24 05:52:44,221 [INFO] ✅ Processed VLYPO
2025-11-24 05:52:44,234 [INFO] ✅ Processed AXL
2025-11-24 05:52:44,235 [INFO] ✅ Processed CLGX
2025-11-24 05:52:44,238 [INFO] ✅ Processed EVLMC
2025-11-24 05:52:44,244 [INFO] ✅ Processed MGTA
2025-11-24 05:52:44,248 [INFO] ✅ Processed CLDB
2025-11-24 05:52:44,250 [INFO] ✅ Processed SCIX
2025-11-24 05:52:44,252 [INFO] ✅ Processed HSC
2025-11-24 05:52:44,262 [INFO] ✅ Processed JKF
2025-11-24 05:52:44,270 [INFO] ✅ Processed IESC
2025-11-24 05:52:44,276 [INFO] ✅ Processed CLGN
2025-11-24 05:52:44,285 [INFO] ✅ Processed PALL
2025-11-24 05:52:44,292 [INFO] ✅ Processed RNDM
2025-11-24 05:52:44,300 [INFO] ✅ Processed CCD
2025-11-24 05:52:44,300 [INFO] ✅ Processed TCI
2025-11-24 05:52:44,306 [INFO] ✅ Processed OTLK
2025-11-24 05:52:44,307 [INFO] ✅ Processed SCHK
2025-11-24 05:52:44,317 [INFO] ✅ Processed BSTC
2025-11-24 05:52:44,329 [INFO] ✅ Processed TSLA
2025-11-24 05:52:44,331 [INFO] ✅ Processed PZZA
2025-11-24 05:52:44,337 [INFO] ✅ Processed MBIO
2025-11-24 05:52:44,352 [INFO] ✅ Processed JJU
2025-11-24 05:52:44,355 [INFO] ✅ Processed SGG
2025-11-24 05:52:44,357 [INFO] ✅ Processed EDUC
2025-11-24 05:52:44,371 [INFO] ✅ Processed CAL
2025-11-24 05:52:44,376 [INFO] ✅ Processed PI
2025-11-24 05:52:44,387 [INFO] ✅ Processed MOH
2025-11-24 05:52:44,392 [INFO] ✅ Processed SFYF
2025-11-24 05:52:44,393 [INFO] ✅ Processed DDF
2025-11-24 05:52:44,395 [INFO] ✅ Processed EFAS
2025-11-24 05:52:44,402 [INFO] ✅ Processed QQH
2025-11-24 05:52:44,405 [INFO] ✅ Processed PCYO
2025-11-24 05:52:44,413 [INFO] ✅ Processed DIV
2025-11-24 05:52:44,425 [INFO] ✅ Processed KXIN
2025-11-24 05:52:44,437 [INFO] ✅ Processed WOMN
2025-11-24 05:52:44,438 [INFO] ✅ Processed SIL
2025-11-24 05:52:44,442 [INFO] ✅ Processed FRI
2025-11-24 05:52:44,446 [INFO] ✅ Processed ACTTU
2025-11-24 05:52:44,461 [INFO] ✅ Processed ATO
2025-11-24 05:52:44,467 [INFO] ✅ Processed MAC
2025-11-24 05:52:44,481 [INFO] ✅ Processed UNIT
2025-11-24 05:52:44,484 [INFO] ✅ Processed SR
2025-11-24 05:52:44,485 [INFO] ✅ Processed FSM
2025-11-24 05:52:44,487 [INFO] ✅ Processed RPAR
2025-11-24 05:52:44,492 [INFO] ✅ Processed VEGN
2025-11-24 05:52:44,493 [INFO] ✅ Processed HTBI
2025-11-24 05:52:44,500 [INFO] ✅ Processed COP
2025-11-24 05:52:44,504 [INFO] ✅ Processed EFAD
2025-11-24 05:52:44,506 [INFO] ✅ Processed TCDA
2025-11-24 05:52:44,514 [INFO] ✅ Processed SE
2025-11-24 05:52:44,536 [INFO] ✅ Processed CMO
2025-11-24 05:52:44,538 [INFO] ✅ Processed SJW
2025-11-24 05:52:44,551 [INFO] ✅ Processed OZK
2025-11-24 05:52:44,563 [INFO] ✅ Processed DHR
2025-11-24 05:52:44,565 [INFO] ✅ Processed ARTNA
2025-11-24 05:52:44,568 [INFO] ✅ Processed GNMK
2025-11-24 05:52:44,579 [INFO] ✅ Processed TLF
2025-11-24 05:52:44,586 [INFO] ✅ Processed HDEF
2025-11-24 05:52:44,596 [INFO] ✅ Processed COG
2025-11-24 05:52:44,602 [INFO] ✅ Processed OCCI
2025-11-24 05:52:44,604 [INFO] ✅ Processed YOLO
2025-11-24 05:52:44,607 [INFO] ✅ Processed NBACU
2025-11-24 05:52:44,607 [INFO] ✅ Processed ACAD
2025-11-24 05:52:44,613 [INFO] ✅ Processed FSZ
2025-11-24 05:52:44,616 [INFO] ✅ Processed EJUL
2025-11-24 05:52:44,616 [INFO] ✅ Processed FPA
2025-11-24 05:52:44,618 [INFO] ✅ Processed BFAM
2025-11-24 05:52:44,620 [INFO] ✅ Processed MAT
2025-11-24 05:52:44,624 [INFO] ✅ Processed FTCH
2025-11-24 05:52:44,628 [INFO] ✅ Processed RA
2025-11-24 05:52:44,632 [INFO] ✅ Processed QUAL
2025-11-24 05:52:44,637 [INFO] ✅ Processed DIA
2025-11-24 05:52:44,640 [INFO] ✅ Processed MGNX
2025-11-24 05:52:44,643 [INFO] ✅ Processed MYFW
2025-11-24 05:52:44,650 [INFO] ✅ Processed AVNS
2025-11-24 05:52:44,652 [INFO] ✅ Processed VERO
2025-11-24 05:52:44,652 [INFO] ✅ Processed CLIR
2025-11-24 05:52:44,657 [INFO] ✅ Processed ECHO
2025-11-24 05:52:44,661 [INFO] ✅ Processed EH
2025-11-24 05:52:44,666 [INFO] ✅ Processed CNC
2025-11-24 05:52:44,668 [INFO] ✅ Processed RUHN
2025-11-24 05:52:44,674 [INFO] ✅ Processed XOG
2025-11-24 05:52:44,685 [INFO] ✅ Processed DL
2025-11-24 05:52:44,689 [INFO] ✅ Processed AMZA
2025-11-24 05:52:44,694 [INFO] ✅ Processed METC
2025-11-24 05:52:44,698 [INFO] ✅ Processed MCK
2025-11-24 05:52:44,703 [INFO] ✅ Processed ACWI
2025-11-24 05:52:44,705 [INFO] ✅ Processed NUMG
2025-11-24 05:52:44,714 [INFO] ✅ Processed EASG
2025-11-24 05:52:44,724 [INFO] ✅ Processed CBSHP
2025-11-24 05:52:44,725 [INFO] ✅ Processed TXT
2025-11-24 05:52:44,730 [INFO] ✅ Processed ZTO
2025-11-24 05:52:44,733 [INFO] ✅ Processed RLGT
2025-11-24 05:52:44,743 [INFO] ✅ Processed FDS
2025-11-24 05:52:44,755 [INFO] ✅ Processed MTB
2025-11-24 05:52:44,755 [INFO] ✅ Processed VAC
2025-11-24 05:52:44,764 [INFO] ✅ Processed XOP
2025-11-24 05:52:44,770 [INFO] ✅ Processed AAN
2025-11-24 05:52:44,770 [INFO] ✅ Processed PTLC
2025-11-24 05:52:44,771 [INFO] ✅ Processed NULC
2025-11-24 05:52:44,800 [INFO] ✅ Processed TYG
2025-11-24 05:52:44,802 [INFO] ✅ Processed XLK
2025-11-24 05:52:44,808 [INFO] ✅ Processed AAME
2025-11-24 05:52:44,809 [INFO] ✅ Processed FDD
2025-11-24 05:52:44,809 [INFO] ✅ Processed ABB
2025-11-24 05:52:44,816 [INFO] ✅ Processed FFIU
2025-11-24 05:52:44,821 [INFO] ✅ Processed FIT
2025-11-24 05:52:44,829 [INFO] ✅ Processed JRS
2025-11-24 05:52:44,831 [INFO] ✅ Processed WATT
2025-11-24 05:52:44,838 [INFO] ✅ Processed DLPN
2025-11-24 05:52:44,839 [INFO] ✅ Processed HIL
2025-11-24 05:52:44,840 [INFO] ✅ Processed BORR
2025-11-24 05:52:44,846 [INFO] ✅ Processed NRGU
2025-11-24 05:52:44,861 [INFO] ✅ Processed AXAS
2025-11-24 05:52:44,862 [INFO] ✅ Processed AOR
2025-11-24 05:52:44,934 [INFO] ✅ Processed VMW
2025-11-24 05:52:44,949 [INFO] ✅ Processed KT
2025-11-24 05:52:44,949 [INFO] ✅ Processed JP
2025-11-24 05:52:44,950 [INFO] ✅ Processed WTBA
2025-11-24 05:52:44,955 [INFO] ✅ Processed SPN
2025-11-24 05:52:44,964 [INFO] ✅ Processed INTL
2025-11-24 05:52:44,971 [INFO] ✅ Processed MRTN
2025-11-24 05:52:44,978 [INFO] ✅ Processed CUI
2025-11-24 05:52:45,012 [INFO] ✅ Processed CINR
2025-11-24 05:52:45,018 [INFO] ✅ Processed LSBK
2025-11-24 05:52:45,022 [INFO] ✅ Processed CPAH
2025-11-24 05:52:45,027 [INFO] ✅ Processed SRF
2025-11-24 05:52:45,027 [INFO] ✅ Processed PMOM
2025-11-24 05:52:45,035 [INFO] ✅ Processed HX
2025-11-24 05:52:45,038 [INFO] ✅ Processed XPEL
2025-11-24 05:52:45,047 [INFO] ✅ Processed MYE
2025-11-24 05:52:45,053 [INFO] ✅ Processed CLSK
2025-11-24 05:52:45,056 [INFO] ✅ Processed KFYP
2025-11-24 05:52:45,060 [INFO] ✅ Processed HFC
2025-11-24 05:52:45,062 [INFO] ✅ Processed POWI
2025-11-24 05:52:45,067 [INFO] ✅ Processed CVR
2025-11-24 05:52:45,077 [INFO] ✅ Processed CTZ
2025-11-24 05:52:45,082 [INFO] ✅ Processed MLPB
2025-11-24 05:52:45,084 [INFO] ✅ Processed CVE
2025-11-24 05:52:45,088 [INFO] ✅ Processed EXPI
2025-11-24 05:52:45,099 [INFO] ✅ Processed JG
2025-11-24 05:52:45,121 [INFO] ✅ Processed CLRO
2025-11-24 05:52:45,126 [INFO] ✅ Processed DSX
2025-11-24 05:52:45,133 [INFO] ✅ Processed SPY
2025-11-24 05:52:45,134 [INFO] ✅ Processed IRET
2025-11-24 05:52:45,135 [INFO] ✅ Processed VFMO
2025-11-24 05:52:45,139 [INFO] ✅ Processed SSB
2025-11-24 05:52:45,143 [INFO] ✅ Processed BLCN
2025-11-24 05:52:45,143 [INFO] ✅ Processed ANDE
2025-11-24 05:52:45,146 [INFO] ✅ Processed SNBR
2025-11-24 05:52:45,152 [INFO] ✅ Processed NVST
2025-11-24 05:52:45,155 [INFO] ✅ Processed RDIV
2025-11-24 05:52:45,161 [INFO] ✅ Processed SPHB
2025-11-24 05:52:45,179 [INFO] ✅ Processed IDLV
2025-11-24 05:52:45,190 [INFO] ✅ Processed ANGI
2025-11-24 05:52:45,195 [INFO] ✅ Processed PBI
2025-11-24 05:52:45,200 [INFO] ✅ Processed EBMT
2025-11-24 05:52:45,205 [INFO] ✅ Processed PAE
2025-11-24 05:52:45,207 [INFO] ✅ Processed CVNA
2025-11-24 05:52:45,209 [INFO] ✅ Processed TLYS
2025-11-24 05:52:45,215 [INFO] ✅ Processed PCM
2025-11-24 05:52:45,217 [INFO] ✅ Processed UCON
2025-11-24 05:52:45,228 [INFO] ✅ Processed SNCA
2025-11-24 05:52:45,230 [INFO] ✅ Processed HYGH
2025-11-24 05:52:45,230 [INFO] ✅ Processed PAR
2025-11-24 05:52:45,234 [INFO] ✅ Processed TRST
2025-11-24 05:52:45,241 [INFO] ✅ Processed GDAT
2025-11-24 05:52:45,243 [INFO] ✅ Processed DVOL
2025-11-24 05:52:45,247 [INFO] ✅ Processed LATNU
2025-11-24 05:52:45,253 [INFO] ✅ Processed HEWC
2025-11-24 05:52:45,261 [INFO] ✅ Processed BBCA
2025-11-24 05:52:45,261 [INFO] ✅ Processed TRPX
2025-11-24 05:52:45,292 [INFO] ✅ Processed EUO
2025-11-24 05:52:45,294 [INFO] ✅ Processed ISNS
2025-11-24 05:52:45,297 [INFO] ✅ Processed IART
2025-11-24 05:52:45,300 [INFO] ✅ Processed FLSP
2025-11-24 05:52:45,312 [INFO] ✅ Processed NFE
2025-11-24 05:52:45,314 [INFO] ✅ Processed KREF
2025-11-24 05:52:45,319 [INFO] ✅ Processed HNGR
2025-11-24 05:52:45,320 [INFO] ✅ Processed CABO
2025-11-24 05:52:45,329 [INFO] ✅ Processed FLRT
2025-11-24 05:52:45,335 [INFO] ✅ Processed UMBF
2025-11-24 05:52:45,337 [INFO] ✅ Processed RDFN
2025-11-24 05:52:45,359 [INFO] ✅ Processed EVT
2025-11-24 05:52:45,361 [INFO] ✅ Processed HYHG
2025-11-24 05:52:45,362 [INFO] ✅ Processed APAM
2025-11-24 05:52:45,376 [INFO] ✅ Processed SNLN
2025-11-24 05:52:45,389 [INFO] ✅ Processed RWJ
2025-11-24 05:52:45,391 [INFO] ✅ Processed IAG
2025-11-24 05:52:45,395 [INFO] ✅ Processed GLO
2025-11-24 05:52:45,397 [INFO] ✅ Processed ALSN
2025-11-24 05:52:45,399 [INFO] ✅ Processed NHTC
2025-11-24 05:52:45,408 [INFO] ✅ Processed USDU
2025-11-24 05:52:45,416 [INFO] ✅ Processed EWP
2025-11-24 05:52:45,416 [INFO] ✅ Processed IXSE
2025-11-24 05:52:45,422 [INFO] ✅ Processed EVC
2025-11-24 05:52:45,427 [INFO] ✅ Processed COOP
2025-11-24 05:52:45,431 [INFO] ✅ Processed SPFI
2025-11-24 05:52:45,433 [INFO] ✅ Processed SPDV
2025-11-24 05:52:45,436 [INFO] ✅ Processed USEQ
2025-11-24 05:52:45,437 [INFO] ✅ Processed USD
2025-11-24 05:52:45,438 [INFO] ✅ Processed SPGM
2025-11-24 05:52:45,439 [INFO] ✅ Processed AGNCO
2025-11-24 05:52:45,441 [INFO] ✅ Processed PMF
2025-11-24 05:52:45,444 [INFO] ✅ Processed CFFA
2025-11-24 05:52:45,451 [INFO] ✅ Processed PNQI
2025-11-24 05:52:45,455 [INFO] ✅ Processed IHAK
2025-11-24 05:52:45,458 [INFO] ✅ Processed UCBI
2025-11-24 05:52:45,459 [INFO] ✅ Processed AKBA
2025-11-24 05:52:45,459 [INFO] ✅ Processed ROUS
2025-11-24 05:52:45,472 [INFO] ✅ Processed ENBA
2025-11-24 05:52:45,482 [INFO] ✅ Processed BERY
2025-11-24 05:52:45,484 [INFO] ✅ Processed PYT
2025-11-24 05:52:45,491 [INFO] ✅ Processed EWG
2025-11-24 05:52:45,494 [INFO] ✅ Processed ABIO
2025-11-24 05:52:45,495 [INFO] ✅ Processed KMF
2025-11-24 05:52:45,503 [INFO] ✅ Processed ALEC
2025-11-24 05:52:45,506 [INFO] ✅ Processed SLCT
2025-11-24 05:52:45,514 [INFO] ✅ Processed CTMX
2025-11-24 05:52:45,515 [INFO] ✅ Processed FLGB
2025-11-24 05:52:45,522 [INFO] ✅ Processed VCIT
2025-11-24 05:52:45,522 [INFO] ✅ Processed SENEB
2025-11-24 05:52:45,539 [INFO] ✅ Processed FRME
2025-11-24 05:52:45,542 [INFO] ✅ Processed DISCA
2025-11-24 05:52:45,546 [INFO] ✅ Processed XSLV
2025-11-24 05:52:45,547 [INFO] ✅ Processed TPRE
2025-11-24 05:52:45,550 [INFO] ✅ Processed UGA
2025-11-24 05:52:45,552 [INFO] ✅ Processed PPMC
2025-11-24 05:52:45,552 [INFO] ✅ Processed FIXD
2025-11-24 05:52:45,559 [INFO] ✅ Processed AKAM
2025-11-24 05:52:45,563 [INFO] ✅ Processed JHSC
2025-11-24 05:52:45,564 [INFO] ✅ Processed CATB
2025-11-24 05:52:45,571 [INFO] ✅ Processed WINS
2025-11-24 05:52:45,582 [INFO] ✅ Processed NSS
2025-11-24 05:52:45,582 [INFO] ✅ Processed IJUL
2025-11-24 05:52:45,583 [INFO] ✅ Processed DXYN
2025-11-24 05:52:45,593 [INFO] ✅ Processed TIPX
2025-11-24 05:52:45,604 [INFO] ✅ Processed LGC
2025-11-24 05:52:45,606 [INFO] ✅ Processed DVYA
2025-11-24 05:52:45,614 [INFO] ✅ Processed PVL
2025-11-24 05:52:45,616 [INFO] ✅ Processed VSAT
2025-11-24 05:52:45,631 [INFO] ✅ Processed ENR
2025-11-24 05:52:45,634 [INFO] ✅ Processed BIP
2025-11-24 05:52:45,636 [INFO] ✅ Processed EBF
2025-11-24 05:52:45,637 [INFO] ✅ Processed LILAK
2025-11-24 05:52:45,652 [INFO] ✅ Processed HUGE
2025-11-24 05:52:45,655 [INFO] ✅ Processed IMRN
2025-11-24 05:52:45,674 [INFO] ✅ Processed FRAF
2025-11-24 05:52:45,676 [INFO] ✅ Processed BJK
2025-11-24 05:52:45,695 [INFO] ✅ Processed KAR
2025-11-24 05:52:45,705 [INFO] ✅ Processed NSYS
2025-11-24 05:52:45,714 [INFO] ✅ Processed BHC
2025-11-24 05:52:45,719 [INFO] ✅ Processed ROL
2025-11-24 05:52:45,731 [INFO] ✅ Processed GVA
2025-11-24 05:52:45,738 [INFO] ✅ Processed EWBC
2025-11-24 05:52:45,740 [INFO] ✅ Processed RMD
2025-11-24 05:52:45,741 [INFO] ✅ Processed BYND
2025-11-24 05:52:45,746 [INFO] ✅ Processed PUB
2025-11-24 05:52:45,746 [INFO] ✅ Processed IXP
2025-11-24 05:52:45,751 [INFO] ✅ Processed ARCE
2025-11-24 05:52:45,755 [INFO] ✅ Processed CTBB
2025-11-24 05:52:45,758 [INFO] ✅ Processed FITE
2025-11-24 05:52:45,780 [INFO] ✅ Processed BIG
2025-11-24 05:52:45,781 [INFO] ✅ Processed ENG
2025-11-24 05:52:45,783 [INFO] ✅ Processed JMLP
2025-11-24 05:52:45,792 [INFO] ✅ Processed ACGLO
2025-11-24 05:52:45,795 [INFO] ✅ Processed UONE
2025-11-24 05:52:45,800 [INFO] ✅ Processed WRB
2025-11-24 05:52:45,802 [INFO] ✅ Processed IYT
2025-11-24 05:52:45,803 [INFO] ✅ Processed PTF
2025-11-24 05:52:45,804 [INFO] ✅ Processed YEXT
2025-11-24 05:52:45,809 [INFO] ✅ Processed TIPZ
2025-11-24 05:52:45,812 [INFO] ✅ Processed FLJP
2025-11-24 05:52:45,821 [INFO] ✅ Processed FBGX
2025-11-24 05:52:45,830 [INFO] ✅ Processed BHV
2025-11-24 05:52:45,834 [INFO] ✅ Processed IXG
2025-11-24 05:52:45,836 [INFO] ✅ Processed RFEU
2025-11-24 05:52:45,843 [INFO] ✅ Processed EOT
2025-11-24 05:52:45,846 [INFO] ✅ Processed ROCK
2025-11-24 05:52:45,857 [INFO] ✅ Processed PRTA
2025-11-24 05:52:45,866 [INFO] ✅ Processed IYC
2025-11-24 05:52:45,867 [INFO] ✅ Processed NVGS
2025-11-24 05:52:45,880 [INFO] ✅ Processed CSFL
2025-11-24 05:52:45,887 [INFO] ✅ Processed EIGI
2025-11-24 05:52:45,896 [INFO] ✅ Processed AIZP
2025-11-24 05:52:45,896 [INFO] ✅ Processed EBTC
2025-11-24 05:52:45,901 [INFO] ✅ Processed AGYS
2025-11-24 05:52:45,901 [INFO] ✅ Processed KOL
2025-11-24 05:52:45,909 [INFO] ✅ Processed TPSC
2025-11-24 05:52:45,909 [INFO] ✅ Processed ITRN
2025-11-24 05:52:45,912 [INFO] ✅ Processed OLED
2025-11-24 05:52:45,913 [INFO] ✅ Processed AGTC
2025-11-24 05:52:45,921 [INFO] ✅ Processed PBPB
2025-11-24 05:52:45,922 [INFO] ✅ Processed ROBO
2025-11-24 05:52:45,925 [INFO] ✅ Processed DAVA
2025-11-24 05:52:45,927 [INFO] ✅ Processed BGY
2025-11-24 05:52:45,930 [INFO] ✅ Processed SLCA
2025-11-24 05:52:45,930 [INFO] ✅ Processed OXSQZ
2025-11-24 05:52:45,933 [INFO] ✅ Processed NTRP
2025-11-24 05:52:45,941 [INFO] ✅ Processed FLEH
2025-11-24 05:52:45,943 [INFO] ✅ Processed SUNS
2025-11-24 05:52:45,951 [INFO] ✅ Processed RCM
2025-11-24 05:52:45,952 [INFO] ✅ Processed PXE
2025-11-24 05:52:45,955 [INFO] ✅ Processed OILX
2025-11-24 05:52:45,963 [INFO] ✅ Processed GOOGL
2025-11-24 05:52:45,963 [INFO] ✅ Processed PBFX
2025-11-24 05:52:45,965 [INFO] ✅ Processed LRGE
2025-11-24 05:52:45,970 [INFO] ✅ Processed AGNCM
2025-11-24 05:52:45,972 [INFO] ✅ Processed EBS
2025-11-24 05:52:45,977 [INFO] ✅ Processed EVA
2025-11-24 05:52:45,980 [INFO] ✅ Processed GNE
2025-11-24 05:52:45,980 [INFO] ✅ Processed GAIN
2025-11-24 05:52:45,984 [INFO] ✅ Processed FTACU
2025-11-24 05:52:45,986 [INFO] ✅ Processed ZYNE
2025-11-24 05:52:45,993 [INFO] ✅ Processed BRX
2025-11-24 05:52:45,993 [INFO] ✅ Processed COMM
2025-11-24 05:52:46,004 [INFO] ✅ Processed LEGH
2025-11-24 05:52:46,007 [INFO] ✅ Processed BLNK
2025-11-24 05:52:46,014 [INFO] ✅ Processed BRFS
2025-11-24 05:52:46,020 [INFO] ✅ Processed LEDS
2025-11-24 05:52:46,026 [INFO] ✅ Processed CHIC
2025-11-24 05:52:46,033 [INFO] ✅ Processed EVV
2025-11-24 05:52:46,045 [INFO] ✅ Processed PMD
2025-11-24 05:52:46,049 [INFO] ✅ Processed GNR
2025-11-24 05:52:46,065 [INFO] ✅ Processed EUM
2025-11-24 05:52:46,071 [INFO] ✅ Processed IAE
2025-11-24 05:52:46,072 [INFO] ✅ Processed POL
2025-11-24 05:52:46,092 [INFO] ✅ Processed FLQM
2025-11-24 05:52:46,095 [INFO] ✅ Processed AGLE
2025-11-24 05:52:46,099 [INFO] ✅ Processed PLW
2025-11-24 05:52:46,116 [INFO] ✅ Processed BGRN
2025-11-24 05:52:46,126 [INFO] ✅ Processed SERV
2025-11-24 05:52:46,134 [INFO] ✅ Processed NFTY
2025-11-24 05:52:46,145 [INFO] ✅ Processed NFG
2025-11-24 05:52:46,146 [INFO] ✅ Processed WBII
2025-11-24 05:52:46,158 [INFO] ✅ Processed FEUL
2025-11-24 05:52:46,159 [INFO] ✅ Processed GBF
2025-11-24 05:52:46,166 [INFO] ✅ Processed ANET
2025-11-24 05:52:46,174 [INFO] ✅ Processed DVLU
2025-11-24 05:52:46,180 [INFO] ✅ Processed CACI
2025-11-24 05:52:46,188 [INFO] ✅ Processed CALF
2025-11-24 05:52:46,189 [INFO] ✅ Processed RAVE
2025-11-24 05:52:46,190 [INFO] ✅ Processed PNRG
2025-11-24 05:52:46,194 [INFO] ✅ Processed BRO
2025-11-24 05:52:46,198 [INFO] ✅ Processed FNGU
2025-11-24 05:52:46,201 [INFO] ✅ Processed ARTL
2025-11-24 05:52:46,225 [INFO] ✅ Processed PAG
2025-11-24 05:52:46,227 [INFO] ✅ Processed XSVM
2025-11-24 05:52:46,235 [INFO] ✅ Processed WHFBZ
2025-11-24 05:52:46,237 [INFO] ✅ Processed RYT
2025-11-24 05:52:46,246 [INFO] ✅ Processed ONEQ
2025-11-24 05:52:46,252 [INFO] ✅ Processed EZU
2025-11-24 05:52:46,260 [INFO] ✅ Processed GARS
2025-11-24 05:52:46,260 [INFO] ✅ Processed USIG
2025-11-24 05:52:46,261 [INFO] ✅ Processed QTRX
2025-11-24 05:52:46,265 [INFO] ✅ Processed TWMC
2025-11-24 05:52:46,267 [INFO] ✅ Processed QLVE
2025-11-24 05:52:46,278 [INFO] ✅ Processed KTF
2025-11-24 05:52:46,279 [INFO] ✅ Processed CLPR
2025-11-24 05:52:46,290 [INFO] ✅ Processed WEI
2025-11-24 05:52:46,293 [INFO] ✅ Processed EPSN
2025-11-24 05:52:46,297 [INFO] ✅ Processed FCNCA
2025-11-24 05:52:46,306 [INFO] ✅ Processed VYMI
2025-11-24 05:52:46,313 [INFO] ✅ Processed EHTH
2025-11-24 05:52:46,314 [INFO] ✅ Processed XAN
2025-11-24 05:52:46,318 [INFO] ✅ Processed TMSR
2025-11-24 05:52:46,325 [INFO] ✅ Processed JE
2025-11-24 05:52:46,326 [INFO] ✅ Processed KSCD
2025-11-24 05:52:46,351 [INFO] ✅ Processed QYLD
2025-11-24 05:52:46,370 [INFO] ✅ Processed BOSC
2025-11-24 05:52:46,376 [INFO] ✅ Processed AMX
2025-11-24 05:52:46,382 [INFO] ✅ Processed PAYX
2025-11-24 05:52:46,392 [INFO] ✅ Processed OAC
2025-11-24 05:52:46,394 [INFO] ✅ Processed GLNG
2025-11-24 05:52:46,405 [INFO] ✅ Processed ESCA
2025-11-24 05:52:46,421 [INFO] ✅ Processed TWN
2025-11-24 05:52:46,423 [INFO] ✅ Processed GRES
2025-11-24 05:52:46,425 [INFO] ✅ Processed FIV
2025-11-24 05:52:46,428 [INFO] ✅ Processed EMIF
2025-11-24 05:52:46,430 [INFO] ✅ Processed AXLA
2025-11-24 05:52:46,439 [INFO] ✅ Processed ATXI
2025-11-24 05:52:46,446 [INFO] ✅ Processed CWT
2025-11-24 05:52:46,467 [INFO] ✅ Processed SRS
2025-11-24 05:52:46,476 [INFO] ✅ Processed ALK
2025-11-24 05:52:46,483 [INFO] ✅ Processed DRI
2025-11-24 05:52:46,492 [INFO] ✅ Processed RRBI
2025-11-24 05:52:46,498 [INFO] ✅ Processed DSM
2025-11-24 05:52:46,500 [INFO] ✅ Processed AMWD
2025-11-24 05:52:46,508 [INFO] ✅ Processed HHHHU
2025-11-24 05:52:46,517 [INFO] ✅ Processed JPME
2025-11-24 05:52:46,520 [INFO] ✅ Processed CTO
2025-11-24 05:52:46,522 [INFO] ✅ Processed MXC
2025-11-24 05:52:46,528 [INFO] ✅ Processed PQSG
2025-11-24 05:52:46,529 [INFO] ✅ Processed ILMN
2025-11-24 05:52:46,530 [INFO] ✅ Processed CUK
2025-11-24 05:52:46,532 [INFO] ✅ Processed LXRX
2025-11-24 05:52:46,535 [INFO] ✅ Processed BSMT
2025-11-24 05:52:46,537 [INFO] ✅ Processed KARS
2025-11-24 05:52:46,538 [INFO] ✅ Processed GLBS
2025-11-24 05:52:46,547 [INFO] ✅ Processed EMDV
2025-11-24 05:52:46,567 [INFO] ✅ Processed JPN
2025-11-24 05:52:46,580 [INFO] ✅ Processed MUS
2025-11-24 05:52:46,584 [INFO] ✅ Processed PTLA
2025-11-24 05:52:46,587 [INFO] ✅ Processed ACTG
2025-11-24 05:52:46,590 [INFO] ✅ Processed FF
2025-11-24 05:52:46,595 [INFO] ✅ Processed KJAN
2025-11-24 05:52:46,617 [INFO] ✅ Processed RELX
2025-11-24 05:52:46,617 [INFO] ✅ Processed CURO
2025-11-24 05:52:46,625 [INFO] ✅ Processed DY
2025-11-24 05:52:46,626 [INFO] ✅ Processed ASPS
2025-11-24 05:52:46,636 [INFO] ✅ Processed MTW
2025-11-24 05:52:46,639 [INFO] ✅ Processed NULV
2025-11-24 05:52:46,641 [INFO] ✅ Processed GPRO
2025-11-24 05:52:46,643 [INFO] ✅ Processed HALO
2025-11-24 05:52:46,664 [INFO] ✅ Processed XLI
2025-11-24 05:52:46,672 [INFO] ✅ Processed DBEU
2025-11-24 05:52:46,679 [INFO] ✅ Processed MRAM
2025-11-24 05:52:46,685 [INFO] ✅ Processed GUNR
2025-11-24 05:52:46,687 [INFO] ✅ Processed OLD
2025-11-24 05:52:46,694 [INFO] ✅ Processed MICR
2025-11-24 05:52:46,699 [INFO] ✅ Processed SCSC
2025-11-24 05:52:46,702 [INFO] ✅ Processed SJB
2025-11-24 05:52:46,709 [INFO] ✅ Processed AAL
2025-11-24 05:52:46,712 [INFO] ✅ Processed WOOD
2025-11-24 05:52:46,727 [INFO] ✅ Processed MYRG
2025-11-24 05:52:46,727 [INFO] ✅ Processed HZNP
2025-11-24 05:52:46,732 [INFO] ✅ Processed CYH
2025-11-24 05:52:46,738 [INFO] ✅ Processed SG
2025-11-24 05:52:46,742 [INFO] ✅ Processed PACA
2025-11-24 05:52:46,752 [INFO] ✅ Processed MAV
2025-11-24 05:52:46,753 [INFO] ✅ Processed RC
2025-11-24 05:52:46,757 [INFO] ✅ Processed GBLIZ
2025-11-24 05:52:46,757 [INFO] ✅ Processed INOD
2025-11-24 05:52:46,761 [INFO] ✅ Processed FDEV
2025-11-24 05:52:46,770 [INFO] ✅ Processed COE
2025-11-24 05:52:46,779 [INFO] ✅ Processed QEFA
2025-11-24 05:52:46,787 [INFO] ✅ Processed SKF
2025-11-24 05:52:46,792 [INFO] ✅ Processed EMSH
2025-11-24 05:52:46,804 [INFO] ✅ Processed PK
2025-11-24 05:52:46,810 [INFO] ✅ Processed MCI
2025-11-24 05:52:46,816 [INFO] ✅ Processed COR
2025-11-24 05:52:46,824 [INFO] ✅ Processed TORC
2025-11-24 05:52:46,845 [INFO] ✅ Processed POLA
2025-11-24 05:52:46,846 [INFO] ✅ Processed XLNX
2025-11-24 05:52:46,852 [INFO] ✅ Processed DIT
2025-11-24 05:52:46,853 [INFO] ✅ Processed SP
2025-11-24 05:52:46,856 [INFO] ✅ Processed CNA
2025-11-24 05:52:46,857 [INFO] ✅ Processed MAA
2025-11-24 05:52:46,862 [INFO] ✅ Processed REYN
2025-11-24 05:52:46,862 [INFO] ✅ Processed CETXP
2025-11-24 05:52:46,864 [INFO] ✅ Processed RWGV
2025-11-24 05:52:46,864 [INFO] ✅ Processed CLI
2025-11-24 05:52:46,874 [INFO] ✅ Processed SCHI
2025-11-24 05:52:46,927 [INFO] ✅ Processed FCBC
2025-11-24 05:52:46,952 [INFO] ✅ Processed HAYN
2025-11-24 05:52:46,953 [INFO] ✅ Processed EVER
2025-11-24 05:52:46,953 [INFO] ✅ Processed CROC
2025-11-24 05:52:46,968 [INFO] ✅ Processed JKS
2025-11-24 05:52:46,980 [INFO] ✅ Processed TBX
2025-11-24 05:52:46,983 [INFO] ✅ Processed HTBK
2025-11-24 05:52:46,986 [INFO] ✅ Processed ESSCU
2025-11-24 05:52:46,989 [INFO] ✅ Processed HAUZ
2025-11-24 05:52:46,997 [INFO] ✅ Processed ASFI
2025-11-24 05:52:47,006 [INFO] ✅ Processed MMU
2025-11-24 05:52:47,009 [INFO] ✅ Processed CCF
2025-11-24 05:52:47,011 [INFO] ✅ Processed TCBIP
2025-11-24 05:52:47,023 [INFO] ✅ Processed HFRO
2025-11-24 05:52:47,024 [INFO] ✅ Processed UGLD
2025-11-24 05:52:47,025 [INFO] ✅ Processed TAC
2025-11-24 05:52:47,039 [INFO] ✅ Processed ACMR
2025-11-24 05:52:47,040 [INFO] ✅ Processed AMCA
2025-11-24 05:52:47,052 [INFO] ✅ Processed JKD
2025-11-24 05:52:47,053 [INFO] ✅ Processed LOGC
2025-11-24 05:52:47,084 [INFO] ✅ Processed CAN
2025-11-24 05:52:47,086 [INFO] ✅ Processed DEW
2025-11-24 05:52:47,091 [INFO] ✅ Processed CBB
2025-11-24 05:52:47,091 [INFO] ✅ Processed LGF.B
2025-11-24 05:52:47,091 [INFO] ✅ Processed SEM
2025-11-24 05:52:47,095 [INFO] ✅ Processed RRTS
2025-11-24 05:52:47,102 [INFO] ✅ Processed ETRN
2025-11-24 05:52:47,110 [INFO] ✅ Processed DDD
2025-11-24 05:52:47,111 [INFO] ✅ Processed SDI
2025-11-24 05:52:47,114 [INFO] ✅ Processed ANDAU
2025-11-24 05:52:47,119 [INFO] ✅ Processed HQH
2025-11-24 05:52:47,121 [INFO] ✅ Processed TAT
2025-11-24 05:52:47,126 [INFO] ✅ Processed MTBCP
2025-11-24 05:52:47,140 [INFO] ✅ Processed PFIS
2025-11-24 05:52:47,154 [INFO] ✅ Processed CBU
2025-11-24 05:52:47,160 [INFO] ✅ Processed JJA
2025-11-24 05:52:47,173 [INFO] ✅ Processed JKE
2025-11-24 05:52:47,190 [INFO] ✅ Processed TAPR
2025-11-24 05:52:47,191 [INFO] ✅ Processed LSTR
2025-11-24 05:52:47,198 [INFO] ✅ Processed DDS
2025-11-24 05:52:47,199 [INFO] ✅ Processed FMCI
2025-11-24 05:52:47,208 [INFO] ✅ Processed NYCB
2025-11-24 05:52:47,214 [INFO] ✅ Processed AXO
2025-11-24 05:52:47,220 [INFO] ✅ Processed FTLS
2025-11-24 05:52:47,222 [INFO] ✅ Processed CBT
2025-11-24 05:52:47,233 [INFO] ✅ Processed SSNC
2025-11-24 05:52:47,242 [INFO] ✅ Processed XTN
2025-11-24 05:52:47,245 [INFO] ✅ Processed BCPC
2025-11-24 05:52:47,249 [INFO] ✅ Processed EQNR
2025-11-24 05:52:47,252 [INFO] ✅ Processed VBND
2025-11-24 05:52:47,255 [INFO] ✅ Processed FCOR
2025-11-24 05:52:47,265 [INFO] ✅ Processed UEUR
2025-11-24 05:52:47,267 [INFO] ✅ Processed TDOC
2025-11-24 05:52:47,275 [INFO] ✅ Processed PFIE
2025-11-24 05:52:47,277 [INFO] ✅ Processed BFOR
2025-11-24 05:52:47,282 [INFO] ✅ Processed MMC
2025-11-24 05:52:47,291 [INFO] ✅ Processed DEA
2025-11-24 05:52:47,292 [INFO] ✅ Processed MLP
2025-11-24 05:52:47,297 [INFO] ✅ Processed CELC
2025-11-24 05:52:47,301 [INFO] ✅ Processed FOXA
2025-11-24 05:52:47,311 [INFO] ✅ Processed RPLA
2025-11-24 05:52:47,318 [INFO] ✅ Processed SMDD
2025-11-24 05:52:47,323 [INFO] ✅ Processed HQI
2025-11-24 05:52:47,334 [INFO] ✅ Processed SCHH
2025-11-24 05:52:47,339 [INFO] ✅ Processed SSNT
2025-11-24 05:52:47,340 [INFO] ✅ Processed GIFI
2025-11-24 05:52:47,365 [INFO] ✅ Processed GIGM
2025-11-24 05:52:47,382 [INFO] ✅ Processed TMV
2025-11-24 05:52:47,404 [INFO] ✅ Processed PACW
2025-11-24 05:52:47,407 [INFO] ✅ Processed JHI
2025-11-24 05:52:47,409 [INFO] ✅ Processed TTEK
2025-11-24 05:52:47,411 [INFO] ✅ Processed VVI
2025-11-24 05:52:47,416 [INFO] ✅ Processed MMT
2025-11-24 05:52:47,420 [INFO] ✅ Processed ACCO
2025-11-24 05:52:47,438 [INFO] ✅ Processed CRAI
2025-11-24 05:52:47,446 [INFO] ✅ Processed SQ
2025-11-24 05:52:47,448 [INFO] ✅ Processed FTAC
2025-11-24 05:52:47,457 [INFO] ✅ Processed TTGT
2025-11-24 05:52:47,458 [INFO] ✅ Processed SDCI
2025-11-24 05:52:47,460 [INFO] ✅ Processed VTV
2025-11-24 05:52:47,462 [INFO] ✅ Processed NWBI
2025-11-24 05:52:47,469 [INFO] ✅ Processed JFU
2025-11-24 05:52:47,491 [INFO] ✅ Processed BOIL
2025-11-24 05:52:47,497 [INFO] ✅ Processed SIX
2025-11-24 05:52:47,513 [INFO] ✅ Processed SMIT
2025-11-24 05:52:47,516 [INFO] ✅ Processed SJT
2025-11-24 05:52:47,530 [INFO] ✅ Processed CLH
2025-11-24 05:52:47,532 [INFO] ✅ Processed DHF
2025-11-24 05:52:47,533 [INFO] ✅ Processed IYLD
2025-11-24 05:52:47,543 [INFO] ✅ Processed WCLD
2025-11-24 05:52:47,545 [INFO] ✅ Processed MGYR
2025-11-24 05:52:47,567 [INFO] ✅ Processed AVD
2025-11-24 05:52:47,577 [INFO] ✅ Processed FCAN
2025-11-24 05:52:47,588 [INFO] ✅ Processed VTA
2025-11-24 05:52:47,594 [INFO] ✅ Processed POOL
2025-11-24 05:52:47,599 [INFO] ✅ Processed AMOT
2025-11-24 05:52:47,609 [INFO] ✅ Processed LTHM
2025-11-24 05:52:47,620 [INFO] ✅ Processed CZR
2025-11-24 05:52:47,626 [INFO] ✅ Processed SF
2025-11-24 05:52:47,627 [INFO] ✅ Processed PATI
2025-11-24 05:52:47,628 [INFO] ✅ Processed FDP
2025-11-24 05:52:47,633 [INFO] ✅ Processed AAON
2025-11-24 05:52:47,634 [INFO] ✅ Processed HIX
2025-11-24 05:52:47,649 [INFO] ✅ Processed MTA
2025-11-24 05:52:47,654 [INFO] ✅ Processed EVSI
2025-11-24 05:52:47,659 [INFO] ✅ Processed LSLT
2025-11-24 05:52:47,665 [INFO] ✅ Processed YCOM
2025-11-24 05:52:47,671 [INFO] ✅ Processed FET
2025-11-24 05:52:47,675 [INFO] ✅ Processed VAW
2025-11-24 05:52:47,689 [INFO] ✅ Processed CRWS
2025-11-24 05:52:47,690 [INFO] ✅ Processed IGSB
2025-11-24 05:52:47,690 [INFO] ✅ Processed MUE
2025-11-24 05:52:47,698 [INFO] ✅ Processed DO
2025-11-24 05:52:47,704 [INFO] ✅ Processed PMAR
2025-11-24 05:52:47,704 [INFO] ✅ Processed FDG
2025-11-24 05:52:47,709 [INFO] ✅ Processed BMEZ
2025-11-24 05:52:47,711 [INFO] ✅ Processed DUST
2025-11-24 05:52:47,713 [INFO] ✅ Processed FG
2025-11-24 05:52:47,718 [INFO] ✅ Processed FSRVU
2025-11-24 05:52:47,722 [INFO] ✅ Processed ESNG
2025-11-24 05:52:47,726 [INFO] ✅ Processed CNDT
2025-11-24 05:52:47,730 [INFO] ✅ Processed HIO
2025-11-24 05:52:47,732 [INFO] ✅ Processed CRWD
2025-11-24 05:52:47,734 [INFO] ✅ Processed TYD
2025-11-24 05:52:47,741 [INFO] ✅ Processed ZHOK
2025-11-24 05:52:47,745 [INFO] ✅ Processed FFIV
2025-11-24 05:52:47,747 [INFO] ✅ Processed CIBR
2025-11-24 05:52:47,751 [INFO] ✅ Processed FFEB
2025-11-24 05:52:47,764 [INFO] ✅ Processed VNLA
2025-11-24 05:52:47,767 [INFO] ✅ Processed DSL
2025-11-24 05:52:47,774 [INFO] ✅ Processed MINT
2025-11-24 05:52:47,793 [INFO] ✅ Processed DX
2025-11-24 05:52:47,794 [INFO] ✅ Processed DPW
2025-11-24 05:52:47,794 [INFO] ✅ Processed IEFA
2025-11-24 05:52:47,797 [INFO] ✅ Processed GLOB
2025-11-24 05:52:47,814 [INFO] ✅ Processed GRIF
2025-11-24 05:52:47,825 [INFO] ✅ Processed GT
2025-11-24 05:52:47,841 [INFO] ✅ Processed SHOP
2025-11-24 05:52:47,843 [INFO] ✅ Processed MUR
2025-11-24 05:52:47,846 [INFO] ✅ Processed KW
2025-11-24 05:52:47,847 [INFO] ✅ Processed AMN
2025-11-24 05:52:47,848 [INFO] ✅ Processed TUP
2025-11-24 05:52:47,858 [INFO] ✅ Processed HOME
2025-11-24 05:52:47,865 [INFO] ✅ Processed SAGE
2025-11-24 05:52:47,883 [INFO] ✅ Processed TTT
2025-11-24 05:52:47,885 [INFO] ✅ Processed TWO
2025-11-24 05:52:47,894 [INFO] ✅ Processed FFEU
2025-11-24 05:52:47,911 [INFO] ✅ Processed VNOM
2025-11-24 05:52:47,911 [INFO] ✅ Processed VNO
2025-11-24 05:52:47,915 [INFO] ✅ Processed DRH
2025-11-24 05:52:47,916 [INFO] ✅ Processed MYF
2025-11-24 05:52:47,924 [INFO] ✅ Processed MINC
2025-11-24 05:52:47,925 [INFO] ✅ Processed NEED
2025-11-24 05:52:47,925 [INFO] ✅ Processed FIW
2025-11-24 05:52:47,934 [INFO] ✅ Processed AFGC
2025-11-24 05:52:47,936 [INFO] ✅ Processed JD
2025-11-24 05:52:47,943 [INFO] ✅ Processed QLVD
2025-11-24 05:52:47,944 [INFO] ✅ Processed BDCS
2025-11-24 05:52:47,953 [INFO] ✅ Processed HL
2025-11-24 05:52:47,953 [INFO] ✅ Processed MLPA
2025-11-24 05:52:47,961 [INFO] ✅ Processed CINF
2025-11-24 05:52:47,963 [INFO] ✅ Processed CLPS
2025-11-24 05:52:47,975 [INFO] ✅ Processed CWB
2025-11-24 05:52:47,977 [INFO] ✅ Processed FOLD
2025-11-24 05:52:47,977 [INFO] ✅ Processed CTY
2025-11-24 05:52:47,980 [INFO] ✅ Processed NUAG
2025-11-24 05:52:47,988 [INFO] ✅ Processed IEDI
2025-11-24 05:52:47,995 [INFO] ✅ Processed HEWW
2025-11-24 05:52:47,997 [INFO] ✅ Processed RTLR
2025-11-24 05:52:48,006 [INFO] ✅ Processed MKTX
2025-11-24 05:52:48,007 [INFO] ✅ Processed YLDE
2025-11-24 05:52:48,016 [INFO] ✅ Processed FEUZ
2025-11-24 05:52:48,022 [INFO] ✅ Processed SIVBP
2025-11-24 05:52:48,031 [INFO] ✅ Processed TTC
2025-11-24 05:52:48,033 [INFO] ✅ Processed BLCM
2025-11-24 05:52:48,036 [INFO] ✅ Processed VMC
2025-11-24 05:52:48,044 [INFO] ✅ Processed PCN
2025-11-24 05:52:48,045 [INFO] ✅ Processed YELP
2025-11-24 05:52:48,048 [INFO] ✅ Processed SRE
2025-11-24 05:52:48,049 [INFO] ✅ Processed EZT
2025-11-24 05:52:48,051 [INFO] ✅ Processed QGEN
2025-11-24 05:52:48,053 [INFO] ✅ Processed EXK
2025-11-24 05:52:48,060 [INFO] ✅ Processed IDLB
2025-11-24 05:52:48,061 [INFO] ✅ Processed HIBL
2025-11-24 05:52:48,068 [INFO] ✅ Processed RMBL
2025-11-24 05:52:48,070 [INFO] ✅ Processed RYU
2025-11-24 05:52:48,070 [INFO] ✅ Processed JHEM
2025-11-24 05:52:48,083 [INFO] ✅ Processed RDIB
2025-11-24 05:52:48,085 [INFO] ✅ Processed CAMT
2025-11-24 05:52:48,094 [INFO] ✅ Processed GCC
2025-11-24 05:52:48,107 [INFO] ✅ Processed PBJ
2025-11-24 05:52:48,108 [INFO] ✅ Processed PCY
2025-11-24 05:52:48,109 [INFO] ✅ Processed RYB
2025-11-24 05:52:48,111 [INFO] ✅ Processed LPI
2025-11-24 05:52:48,112 [INFO] ✅ Processed FNDX
2025-11-24 05:52:48,115 [INFO] ✅ Processed TIGR
2025-11-24 05:52:48,120 [INFO] ✅ Processed COCP
2025-11-24 05:52:48,122 [INFO] ✅ Processed ENTX
2025-11-24 05:52:48,126 [INFO] ✅ Processed MFDX
2025-11-24 05:52:48,147 [INFO] ✅ Processed HEXO
2025-11-24 05:52:48,153 [INFO] ✅ Processed NJR
2025-11-24 05:52:48,159 [INFO] ✅ Processed GLL
2025-11-24 05:52:48,168 [INFO] ✅ Processed AKTX
2025-11-24 05:52:48,173 [INFO] ✅ Processed FLQL
2025-11-24 05:52:48,174 [INFO] ✅ Processed KTP
2025-11-24 05:52:48,177 [INFO] ✅ Processed IOO
2025-11-24 05:52:48,195 [INFO] ✅ Processed ETH
2025-11-24 05:52:48,200 [INFO] ✅ Processed ERIC
2025-11-24 05:52:48,202 [INFO] ✅ Processed EWS
2025-11-24 05:52:48,204 [INFO] ✅ Processed SYNH
2025-11-24 05:52:48,209 [INFO] ✅ Processed AINC
2025-11-24 05:52:48,244 [INFO] ✅ Processed PNI
2025-11-24 05:52:48,244 [INFO] ✅ Processed SNOA
2025-11-24 05:52:48,250 [INFO] ✅ Processed GTEC
2025-11-24 05:52:48,254 [INFO] ✅ Processed SENEA
2025-11-24 05:52:48,255 [INFO] ✅ Processed PLIN
2025-11-24 05:52:48,259 [INFO] ✅ Processed PRAA
2025-11-24 05:52:48,268 [INFO] ✅ Processed EWD
2025-11-24 05:52:48,273 [INFO] ✅ Processed ITEQ
2025-11-24 05:52:48,274 [INFO] ✅ Processed CHIU
2025-11-24 05:52:48,285 [INFO] ✅ Processed FLFR
2025-11-24 05:52:48,288 [INFO] ✅ Processed BRN
2025-11-24 05:52:48,298 [INFO] ✅ Processed PME
2025-11-24 05:52:48,301 [INFO] ✅ Processed BRY
2025-11-24 05:52:48,314 [INFO] ✅ Processed ICL
2025-11-24 05:52:48,330 [INFO] ✅ Processed PKOH
2025-11-24 05:52:48,335 [INFO] ✅ Processed BFK
2025-11-24 05:52:48,336 [INFO] ✅ Processed BEP
2025-11-24 05:52:48,355 [INFO] ✅ Processed CCOI
2025-11-24 05:52:48,370 [INFO] ✅ Processed CMTL
2025-11-24 05:52:48,374 [INFO] ✅ Processed YPF
2025-11-24 05:52:48,378 [INFO] ✅ Processed CQQQ
2025-11-24 05:52:48,387 [INFO] ✅ Processed FENG
2025-11-24 05:52:48,391 [INFO] ✅ Processed MFSF
2025-11-24 05:52:48,394 [INFO] ✅ Processed LHX
2025-11-24 05:52:48,397 [INFO] ✅ Processed PXS
2025-11-24 05:52:48,397 [INFO] ✅ Processed ORLY
2025-11-24 05:52:48,406 [INFO] ✅ Processed UOCT
2025-11-24 05:52:48,410 [INFO] ✅ Processed EAI
2025-11-24 05:52:48,413 [INFO] ✅ Processed IVZ
2025-11-24 05:52:48,420 [INFO] ✅ Processed NRC
2025-11-24 05:52:48,430 [INFO] ✅ Processed DISCB
2025-11-24 05:52:48,434 [INFO] ✅ Processed HUIZ
2025-11-24 05:52:48,441 [INFO] ✅ Processed EBR
2025-11-24 05:52:48,441 [INFO] ✅ Processed FLDM
2025-11-24 05:52:48,450 [INFO] ✅ Processed OXSQL
2025-11-24 05:52:48,456 [INFO] ✅ Processed ZYXI
2025-11-24 05:52:48,457 [INFO] ✅ Processed UDN
2025-11-24 05:52:48,461 [INFO] ✅ Processed RCL
2025-11-24 05:52:48,463 [INFO] ✅ Processed APTO
2025-11-24 05:52:48,473 [INFO] ✅ Processed PETZ
2025-11-24 05:52:48,473 [INFO] ✅ Processed SPSK
2025-11-24 05:52:48,494 [INFO] ✅ Processed NODK
2025-11-24 05:52:48,500 [INFO] ✅ Processed EPHE
2025-11-24 05:52:48,502 [INFO] ✅ Processed SPPP
2025-11-24 05:52:48,510 [INFO] ✅ Processed SPRO
2025-11-24 05:52:48,515 [INFO] ✅ Processed NSP
2025-11-24 05:52:48,531 [INFO] ✅ Processed PXD
2025-11-24 05:52:48,538 [INFO] ✅ Processed BGX
2025-11-24 05:52:48,541 [INFO] ✅ Processed APTX
2025-11-24 05:52:48,545 [INFO] ✅ Processed APWC
2025-11-24 05:52:48,551 [INFO] ✅ Processed EYLD
2025-11-24 05:52:48,558 [INFO] ✅ Processed FPXE
2025-11-24 05:52:48,561 [INFO] ✅ Processed NPK
2025-11-24 05:52:48,563 [INFO] ✅ Processed NMRD
2025-11-24 05:52:48,568 [INFO] ✅ Processed BDC
2025-11-24 05:52:48,569 [INFO] ✅ Processed ANPC
2025-11-24 05:52:48,572 [INFO] ✅ Processed BIS
2025-11-24 05:52:48,591 [INFO] ✅ Processed ARNC
2025-11-24 05:52:48,606 [INFO] ✅ Processed RAD
2025-11-24 05:52:48,606 [INFO] ✅ Processed KNOW
2025-11-24 05:52:48,609 [INFO] ✅ Processed WSR
2025-11-24 05:52:48,630 [INFO] ✅ Processed COTY
2025-11-24 05:52:48,631 [INFO] ✅ Processed IDXG
2025-11-24 05:52:48,636 [INFO] ✅ Processed RACE
2025-11-24 05:52:48,641 [INFO] ✅ Processed ENOR
2025-11-24 05:52:48,645 [INFO] ✅ Processed NRT
2025-11-24 05:52:48,648 [INFO] ✅ Processed HNRG
2025-11-24 05:52:48,648 [INFO] ✅ Processed FLHY
2025-11-24 05:52:48,653 [INFO] ✅ Processed ABEO
2025-11-24 05:52:48,665 [INFO] ✅ Processed EKSO
2025-11-24 05:52:48,674 [INFO] ✅ Processed WING
2025-11-24 05:52:48,675 [INFO] ✅ Processed NACP
2025-11-24 05:52:48,683 [INFO] ✅ Processed HLIO
2025-11-24 05:52:48,696 [INFO] ✅ Processed PPH
2025-11-24 05:52:48,696 [INFO] ✅ Processed RMG
2025-11-24 05:52:48,705 [INFO] ✅ Processed ELY
2025-11-24 05:52:48,718 [INFO] ✅ Processed SPYX
2025-11-24 05:52:48,718 [INFO] ✅ Processed EPAM
2025-11-24 05:52:48,720 [INFO] ✅ Processed GHIV
2025-11-24 05:52:48,723 [INFO] ✅ Processed FLLV
2025-11-24 05:52:48,725 [INFO] ✅ Processed YYY
2025-11-24 05:52:48,729 [INFO] ✅ Processed PLUG
2025-11-24 05:52:48,731 [INFO] ✅ Processed ANVS
2025-11-24 05:52:48,731 [INFO] ✅ Processed SNPS
2025-11-24 05:52:48,737 [INFO] ✅ Processed UMRX
2025-11-24 05:52:48,741 [INFO] ✅ Processed GOOG
2025-11-24 05:52:48,743 [INFO] ✅ Processed AREC
2025-11-24 05:52:48,743 [INFO] ✅ Processed LDL
2025-11-24 05:52:48,749 [INFO] ✅ Processed FLLA
2025-11-24 05:52:48,750 [INFO] ✅ Processed FWONA
2025-11-24 05:52:48,752 [INFO] ✅ Processed XMLV
2025-11-24 05:52:48,753 [INFO] ✅ Processed CTDD
2025-11-24 05:52:48,759 [INFO] ✅ Processed MDLA
2025-11-24 05:52:48,764 [INFO] ✅ Processed FULC
2025-11-24 05:52:48,770 [INFO] ✅ Processed RGT
2025-11-24 05:52:48,801 [INFO] ✅ Processed BAH
2025-11-24 05:52:48,807 [INFO] ✅ Processed EDU
2025-11-24 05:52:48,811 [INFO] ✅ Processed IMXI
2025-11-24 05:52:48,814 [INFO] ✅ Processed DXPE
2025-11-24 05:52:48,819 [INFO] ✅ Processed TWST
2025-11-24 05:52:48,822 [INFO] ✅ Processed NXP
2025-11-24 05:52:48,829 [INFO] ✅ Processed BLX
2025-11-24 05:52:48,830 [INFO] ✅ Processed PRPO
2025-11-24 05:52:48,833 [INFO] ✅ Processed NEBUW
2025-11-24 05:52:48,834 [INFO] ✅ Processed SIVB
2025-11-24 05:52:48,840 [INFO] ✅ Processed BUSE
2025-11-24 05:52:48,861 [INFO] ✅ Processed AUMN
2025-11-24 05:52:48,862 [INFO] ✅ Processed RFP
2025-11-24 05:52:48,863 [INFO] ✅ Processed REK
2025-11-24 05:52:48,885 [INFO] ✅ Processed MCHX
2025-11-24 05:52:48,885 [INFO] ✅ Processed NYT
2025-11-24 05:52:48,886 [INFO] ✅ Processed UAE
2025-11-24 05:52:48,892 [INFO] ✅ Processed NOBL
2025-11-24 05:52:48,897 [INFO] ✅ Processed GFIN
2025-11-24 05:52:48,953 [INFO] ✅ Processed LNGR
2025-11-24 05:52:48,977 [INFO] ✅ Processed EGY
2025-11-24 05:52:48,977 [INFO] ✅ Processed HBNC
2025-11-24 05:52:48,982 [INFO] ✅ Processed NDSN
2025-11-24 05:52:48,983 [INFO] ✅ Processed NUW
2025-11-24 05:52:48,984 [INFO] ✅ Processed BBD
2025-11-24 05:52:48,996 [INFO] ✅ Processed BPMP
2025-11-24 05:52:49,001 [INFO] ✅ Processed RODI
2025-11-24 05:52:49,007 [INFO] ✅ Processed UTSI
2025-11-24 05:52:49,017 [INFO] ✅ Processed JHMA
2025-11-24 05:52:49,028 [INFO] ✅ Processed RFG
2025-11-24 05:52:49,044 [INFO] ✅ Processed CTIC
2025-11-24 05:52:49,047 [INFO] ✅ Processed YUM
2025-11-24 05:52:49,052 [INFO] ✅ Processed PRSC
2025-11-24 05:52:49,052 [INFO] ✅ Processed FULT
2025-11-24 05:52:49,053 [INFO] ✅ Processed NCZ
2025-11-24 05:52:49,060 [INFO] ✅ Processed CHNA
2025-11-24 05:52:49,066 [INFO] ✅ Processed LITB
2025-11-24 05:52:49,067 [INFO] ✅ Processed NSSC
2025-11-24 05:52:49,076 [INFO] ✅ Processed GSEU
2025-11-24 05:52:49,089 [INFO] ✅ Processed IDX
2025-11-24 05:52:49,103 [INFO] ✅ Processed EPP
2025-11-24 05:52:49,107 [INFO] ✅ Processed ALTY
2025-11-24 05:52:49,123 [INFO] ✅ Processed AIHS
2025-11-24 05:52:49,124 [INFO] ✅ Processed IGC
2025-11-24 05:52:49,138 [INFO] ✅ Processed JMST
2025-11-24 05:52:49,145 [INFO] ✅ Processed CDZI
2025-11-24 05:52:49,150 [INFO] ✅ Processed RSF
2025-11-24 05:52:49,157 [INFO] ✅ Processed WMS
2025-11-24 05:52:49,158 [INFO] ✅ Processed BPYU
2025-11-24 05:52:49,177 [INFO] ✅ Processed TILE
2025-11-24 05:52:49,177 [INFO] ✅ Processed ICAD
2025-11-24 05:52:49,181 [INFO] ✅ Processed EQT
2025-11-24 05:52:49,185 [INFO] ✅ Processed OPES
2025-11-24 05:52:49,196 [INFO] ✅ Processed ERX
2025-11-24 05:52:49,198 [INFO] ✅ Processed TANNZ
2025-11-24 05:52:49,201 [INFO] ✅ Processed MDRRP
2025-11-24 05:52:49,209 [INFO] ✅ Processed GLADD
2025-11-24 05:52:49,211 [INFO] ✅ Processed BTI
2025-11-24 05:52:49,222 [INFO] ✅ Processed PKB
2025-11-24 05:52:49,228 [INFO] ✅ Processed LYV
2025-11-24 05:52:49,231 [INFO] ✅ Processed UTES
2025-11-24 05:52:49,236 [INFO] ✅ Processed GHC
2025-11-24 05:52:49,249 [INFO] ✅ Processed AGIO
2025-11-24 05:52:49,252 [INFO] ✅ Processed LBTYB
2025-11-24 05:52:49,259 [INFO] ✅ Processed IGT
2025-11-24 05:52:49,261 [INFO] ✅ Processed EQC
2025-11-24 05:52:49,267 [INFO] ✅ Processed RAPT
2025-11-24 05:52:49,274 [INFO] ✅ Processed EROS
2025-11-24 05:52:49,275 [INFO] ✅ Processed FNLC
2025-11-24 05:52:49,285 [INFO] ✅ Processed AUTL
2025-11-24 05:52:49,288 [INFO] ✅ Processed OPHC
2025-11-24 05:52:49,300 [INFO] ✅ Processed IFRA
2025-11-24 05:52:49,300 [INFO] ✅ Processed LLEX
2025-11-24 05:52:49,310 [INFO] ✅ Processed PDM
2025-11-24 05:52:49,314 [INFO] ✅ Processed PLAB
2025-11-24 05:52:49,320 [INFO] ✅ Processed PRIM
2025-11-24 05:52:49,328 [INFO] ✅ Processed TRUP
2025-11-24 05:52:49,332 [INFO] ✅ Processed SBRA
2025-11-24 05:52:49,345 [INFO] ✅ Processed EEMV
2025-11-24 05:52:49,346 [INFO] ✅ Processed WBK
2025-11-24 05:52:49,353 [INFO] ✅ Processed MSVB
2025-11-24 05:52:49,354 [INFO] ✅ Processed FNCL
2025-11-24 05:52:49,362 [INFO] ✅ Processed DTSS
2025-11-24 05:52:49,371 [INFO] ✅ Processed QTUM
2025-11-24 05:52:49,385 [INFO] ✅ Processed GES
2025-11-24 05:52:49,396 [INFO] ✅ Processed LIZI
2025-11-24 05:52:49,409 [INFO] ✅ Processed MVIS
2025-11-24 05:52:49,424 [INFO] ✅ Processed NTNX
2025-11-24 05:52:49,430 [INFO] ✅ Processed LUB
2025-11-24 05:52:49,439 [INFO] ✅ Processed PEI
2025-11-24 05:52:49,441 [INFO] ✅ Processed IJS
2025-11-24 05:52:49,451 [INFO] ✅ Processed RVSB
2025-11-24 05:52:49,455 [INFO] ✅ Processed GMAN
2025-11-24 05:52:49,457 [INFO] ✅ Processed FLXS
2025-11-24 05:52:49,467 [INFO] ✅ Processed KPTI
2025-11-24 05:52:49,467 [INFO] ✅ Processed CVIA
2025-11-24 05:52:49,472 [INFO] ✅ Processed TUSA
2025-11-24 05:52:49,474 [INFO] ✅ Processed EBIX
2025-11-24 05:52:49,485 [INFO] ✅ Processed KSS
2025-11-24 05:52:49,490 [INFO] ✅ Processed NK
2025-11-24 05:52:49,498 [INFO] ✅ Processed UNVR
2025-11-24 05:52:49,514 [INFO] ✅ Processed EEMA
2025-11-24 05:52:49,518 [INFO] ✅ Processed ZNGA
2025-11-24 05:52:49,555 [INFO] ✅ Processed USLM
2025-11-24 05:52:49,567 [INFO] ✅ Processed TRS
2025-11-24 05:52:49,584 [INFO] ✅ Processed MYOK
2025-11-24 05:52:49,588 [INFO] ✅ Processed CRI
2025-11-24 05:52:49,591 [INFO] ✅ Processed CSWC
2025-11-24 05:52:49,595 [INFO] ✅ Processed PFE
2025-11-24 05:52:49,607 [INFO] ✅ Processed DWT
2025-11-24 05:52:49,613 [INFO] ✅ Processed WSBC
2025-11-24 05:52:49,616 [INFO] ✅ Processed DTO
2025-11-24 05:52:49,624 [INFO] ✅ Processed AVGO
2025-11-24 05:52:49,626 [INFO] ✅ Processed AIV
2025-11-24 05:52:49,629 [INFO] ✅ Processed RLMD
2025-11-24 05:52:49,629 [INFO] ✅ Processed OGE
2025-11-24 05:52:49,630 [INFO] ✅ Processed BDEC
2025-11-24 05:52:49,647 [INFO] ✅ Processed RUBI
2025-11-24 05:52:49,647 [INFO] ✅ Processed DVP
2025-11-24 05:52:49,661 [INFO] ✅ Processed DYNT
2025-11-24 05:52:49,662 [INFO] ✅ Processed REDU
2025-11-24 05:52:49,666 [INFO] ✅ Processed FMO
2025-11-24 05:52:49,678 [INFO] ✅ Processed ADXS
2025-11-24 05:52:49,693 [INFO] ✅ Processed CSM
2025-11-24 05:52:49,697 [INFO] ✅ Processed AIA
2025-11-24 05:52:49,700 [INFO] ✅ Processed SWN
2025-11-24 05:52:49,707 [INFO] ✅ Processed DUK
2025-11-24 05:52:49,711 [INFO] ✅ Processed MG
2025-11-24 05:52:49,714 [INFO] ✅ Processed REGN
2025-11-24 05:52:49,717 [INFO] ✅ Processed TACT
2025-11-24 05:52:49,720 [INFO] ✅ Processed DWAT
2025-11-24 05:52:49,726 [INFO] ✅ Processed WVVIP
2025-11-24 05:52:49,734 [INFO] ✅ Processed IRBT
2025-11-24 05:52:49,738 [INFO] ✅ Processed LC
2025-11-24 05:52:49,749 [INFO] ✅ Processed TPL
2025-11-24 05:52:49,754 [INFO] ✅ Processed IRCP
2025-11-24 05:52:49,755 [INFO] ✅ Processed EXTR
2025-11-24 05:52:49,763 [INFO] ✅ Processed SAMA
2025-11-24 05:52:49,763 [INFO] ✅ Processed MLVF
2025-11-24 05:52:49,775 [INFO] ✅ Processed CPA
2025-11-24 05:52:49,776 [INFO] ✅ Processed DWLD
2025-11-24 05:52:49,782 [INFO] ✅ Processed FMX
2025-11-24 05:52:49,792 [INFO] ✅ Processed SFIX
2025-11-24 05:52:49,796 [INFO] ✅ Processed JIGB
2025-11-24 05:52:49,798 [INFO] ✅ Processed AMRN
2025-11-24 05:52:49,799 [INFO] ✅ Processed KCNY
2025-11-24 05:52:49,803 [INFO] ✅ Processed CNBS
2025-11-24 05:52:49,804 [INFO] ✅ Processed FTSV
2025-11-24 05:52:49,816 [INFO] ✅ Processed PSLV
2025-11-24 05:52:49,818 [INFO] ✅ Processed MRSN
2025-11-24 05:52:49,830 [INFO] ✅ Processed WTIU
2025-11-24 05:52:49,837 [INFO] ✅ Processed BH
2025-11-24 05:52:49,841 [INFO] ✅ Processed AEB
2025-11-24 05:52:49,860 [INFO] ✅ Processed SYE
2025-11-24 05:52:49,874 [INFO] ✅ Processed THFF
2025-11-24 05:52:49,877 [INFO] ✅ Processed MSB
2025-11-24 05:52:49,896 [INFO] ✅ Processed EVGBC
2025-11-24 05:52:49,900 [INFO] ✅ Processed SANM
2025-11-24 05:52:49,908 [INFO] ✅ Processed I
2025-11-24 05:52:49,911 [INFO] ✅ Processed VFC
2025-11-24 05:52:49,911 [INFO] ✅ Processed CPHC
2025-11-24 05:52:49,926 [INFO] ✅ Processed IBIO
2025-11-24 05:52:49,927 [INFO] ✅ Processed HFXJ
2025-11-24 05:52:49,941 [INFO] ✅ Processed CL
2025-11-24 05:52:49,946 [INFO] ✅ Processed AVID
2025-11-24 05:52:49,953 [INFO] ✅ Processed SLS
2025-11-24 05:52:49,954 [INFO] ✅ Processed GLPG
2025-11-24 05:52:49,957 [INFO] ✅ Processed SJIU
2025-11-24 05:52:49,961 [INFO] ✅ Processed MBWM
2025-11-24 05:52:49,974 [INFO] ✅ Processed FDBC
2025-11-24 05:52:49,975 [INFO] ✅ Processed STBA
2025-11-24 05:52:49,977 [INFO] ✅ Processed CIT
2025-11-24 05:52:49,984 [INFO] ✅ Processed FMHI
2025-11-24 05:52:49,988 [INFO] ✅ Processed GMHIU
2025-11-24 05:52:49,998 [INFO] ✅ Processed CLNE
2025-11-24 05:52:50,002 [INFO] ✅ Processed FORR
2025-11-24 05:52:50,002 [INFO] ✅ Processed EVBG
2025-11-24 05:52:50,013 [INFO] ✅ Processed ZDEU
2025-11-24 05:52:50,013 [INFO] ✅ Processed APT
2025-11-24 05:52:50,017 [INFO] ✅ Processed QUS
2025-11-24 05:52:50,019 [INFO] ✅ Processed RILYO
2025-11-24 05:52:50,020 [INFO] ✅ Processed UA
2025-11-24 05:52:50,024 [INFO] ✅ Processed MFC
2025-11-24 05:52:50,055 [INFO] ✅ Processed MGP
2025-11-24 05:52:50,067 [INFO] ✅ Processed TR
2025-11-24 05:52:50,072 [INFO] ✅ Processed ASX
2025-11-24 05:52:50,073 [INFO] ✅ Processed WAFU
2025-11-24 05:52:50,084 [INFO] ✅ Processed NYMTN
2025-11-24 05:52:50,089 [INFO] ✅ Processed NWHM
2025-11-24 05:52:50,102 [INFO] ✅ Processed NKTR
2025-11-24 05:52:50,107 [INFO] ✅ Processed MFT
2025-11-24 05:52:50,113 [INFO] ✅ Processed SMCP
2025-11-24 05:52:50,120 [INFO] ✅ Processed JCI
2025-11-24 05:52:50,120 [INFO] ✅ Processed VZ
2025-11-24 05:52:50,124 [INFO] ✅ Processed MKD
2025-11-24 05:52:50,130 [INFO] ✅ Processed BMTC
2025-11-24 05:52:50,131 [INFO] ✅ Processed OTIC
2025-11-24 05:52:50,134 [INFO] ✅ Processed FXN
2025-11-24 05:52:50,139 [INFO] ✅ Processed CBON
2025-11-24 05:52:50,142 [INFO] ✅ Processed HAPP
2025-11-24 05:52:50,148 [INFO] ✅ Processed TTOO
2025-11-24 05:52:50,150 [INFO] ✅ Processed FVE
2025-11-24 05:52:50,155 [INFO] ✅ Processed CEW
2025-11-24 05:52:50,155 [INFO] ✅ Processed ZN
2025-11-24 05:52:50,157 [INFO] ✅ Processed MKGI
2025-11-24 05:52:50,162 [INFO] ✅ Processed IETC
2025-11-24 05:52:50,169 [INFO] ✅ Processed GRWG
2025-11-24 05:52:50,181 [INFO] ✅ Processed BOCH
2025-11-24 05:52:50,194 [INFO] ✅ Processed TDI
2025-11-24 05:52:50,194 [INFO] ✅ Processed JPSE
2025-11-24 05:52:50,198 [INFO] ✅ Processed DAN
2025-11-24 05:52:50,199 [INFO] ✅ Processed NRUC
2025-11-24 05:52:50,204 [INFO] ✅ Processed CPSI
2025-11-24 05:52:50,206 [INFO] ✅ Processed ADME
2025-11-24 05:52:50,207 [INFO] ✅ Processed SOXX
2025-11-24 05:52:50,216 [INFO] ✅ Processed ASND
2025-11-24 05:52:50,219 [INFO] ✅ Processed FXY
2025-11-24 05:52:50,220 [INFO] ✅ Processed DCF
2025-11-24 05:52:50,223 [INFO] ✅ Processed TGE
2025-11-24 05:52:50,228 [INFO] ✅ Processed ATIF
2025-11-24 05:52:50,236 [INFO] ✅ Processed MHH
2025-11-24 05:52:50,238 [INFO] ✅ Processed KELYA
2025-11-24 05:52:50,238 [INFO] ✅ Processed ZIV
2025-11-24 05:52:50,251 [INFO] ✅ Processed PQLC
2025-11-24 05:52:50,253 [INFO] ✅ Processed OSW
2025-11-24 05:52:50,256 [INFO] ✅ Processed HCHC
2025-11-24 05:52:50,262 [INFO] ✅ Processed PSTG
2025-11-24 05:52:50,272 [INFO] ✅ Processed WTRH
2025-11-24 05:52:50,272 [INFO] ✅ Processed LAND
2025-11-24 05:52:50,280 [INFO] ✅ Processed DBB
2025-11-24 05:52:50,284 [INFO] ✅ Processed FSLR
2025-11-24 05:52:50,290 [INFO] ✅ Processed EXAS
2025-11-24 05:52:50,302 [INFO] ✅ Processed DAX
2025-11-24 05:52:50,304 [INFO] ✅ Processed CBMG
2025-11-24 05:52:50,310 [INFO] ✅ Processed BFIT
2025-11-24 05:52:50,314 [INFO] ✅ Processed CLCT
2025-11-24 05:52:50,318 [INFO] ✅ Processed NNDM
2025-11-24 05:52:50,320 [INFO] ✅ Processed OCIO
2025-11-24 05:52:50,323 [INFO] ✅ Processed SMBC
2025-11-24 05:52:50,326 [INFO] ✅ Processed XBIT
2025-11-24 05:52:50,332 [INFO] ✅ Processed CBNK
2025-11-24 05:52:50,337 [INFO] ✅ Processed DBC
2025-11-24 05:52:50,337 [INFO] ✅ Processed XP
2025-11-24 05:52:50,348 [INFO] ✅ Processed INDS
2025-11-24 05:52:50,354 [INFO] ✅ Processed GUSH
2025-11-24 05:52:50,367 [INFO] ✅ Processed CDE
2025-11-24 05:52:50,370 [INFO] ✅ Processed MHI
2025-11-24 05:52:50,376 [INFO] ✅ Processed GEVO
2025-11-24 05:52:50,379 [INFO] ✅ Processed AVRO
2025-11-24 05:52:50,396 [INFO] ✅ Processed CEA
2025-11-24 05:52:50,406 [INFO] ✅ Processed AMGN
2025-11-24 05:52:50,417 [INFO] ✅ Processed CPSH
2025-11-24 05:52:50,419 [INFO] ✅ Processed TGS
2025-11-24 05:52:50,428 [INFO] ✅ Processed DAO
2025-11-24 05:52:50,429 [INFO] ✅ Processed CDR
2025-11-24 05:52:50,430 [INFO] ✅ Processed FXO
2025-11-24 05:52:50,434 [INFO] ✅ Processed QGTA
2025-11-24 05:52:50,438 [INFO] ✅ Processed DCP
2025-11-24 05:52:50,438 [INFO] ✅ Processed SCJ
2025-11-24 05:52:50,452 [INFO] ✅ Processed TEL
2025-11-24 05:52:50,455 [INFO] ✅ Processed ADMS
2025-11-24 05:52:50,472 [INFO] ✅ Processed BXMX
2025-11-24 05:52:50,478 [INFO] ✅ Processed NYMTO
2025-11-24 05:52:50,481 [INFO] ✅ Processed CEV
2025-11-24 05:52:50,491 [INFO] ✅ Processed TD
2025-11-24 05:52:50,500 [INFO] ✅ Processed HYS
2025-11-24 05:52:50,504 [INFO] ✅ Processed CUBE
2025-11-24 05:52:50,505 [INFO] ✅ Processed CRIS
2025-11-24 05:52:50,512 [INFO] ✅ Processed RILYN
2025-11-24 05:52:50,520 [INFO] ✅ Processed MEN
2025-11-24 05:52:50,523 [INFO] ✅ Processed FVD
2025-11-24 05:52:50,523 [INFO] ✅ Processed UNAM
2025-11-24 05:52:50,544 [INFO] ✅ Processed ILPT
2025-11-24 05:52:50,568 [INFO] ✅ Processed CREG
2025-11-24 05:52:50,570 [INFO] ✅ Processed JBL
2025-11-24 05:52:50,598 [INFO] ✅ Processed WH
2025-11-24 05:52:50,599 [INFO] ✅ Processed VST
2025-11-24 05:52:50,608 [INFO] ✅ Processed SOI
2025-11-24 05:52:50,609 [INFO] ✅ Processed CIB
2025-11-24 05:52:50,613 [INFO] ✅ Processed RNLC
2025-11-24 05:52:50,620 [INFO] ✅ Processed FORD
2025-11-24 05:52:50,622 [INFO] ✅ Processed TS
2025-11-24 05:52:50,628 [INFO] ✅ Processed VIVO
2025-11-24 05:52:50,632 [INFO] ✅ Processed VRP
2025-11-24 05:52:50,637 [INFO] ✅ Processed ADAP
2025-11-24 05:52:50,638 [INFO] ✅ Processed JKHY
2025-11-24 05:52:50,638 [INFO] ✅ Processed MIDF
2025-11-24 05:52:50,642 [INFO] ✅ Processed HYD
2025-11-24 05:52:50,642 [INFO] ✅ Processed VUSE
2025-11-24 05:52:50,646 [INFO] ✅ Processed NUHY
2025-11-24 05:52:50,657 [INFO] ✅ Processed JPHY
2025-11-24 05:52:50,659 [INFO] ✅ Processed CERC
2025-11-24 05:52:50,662 [INFO] ✅ Processed FAZ
2025-11-24 05:52:50,664 [INFO] ✅ Processed OSBC
2025-11-24 05:52:50,670 [INFO] ✅ Processed NBHC
2025-11-24 05:52:50,676 [INFO] ✅ Processed H
2025-11-24 05:52:50,685 [INFO] ✅ Processed MSC
2025-11-24 05:52:50,693 [INFO] ✅ Processed MGF
2025-11-24 05:52:50,693 [INFO] ✅ Processed ECON
2025-11-24 05:52:50,697 [INFO] ✅ Processed FAM
2025-11-24 05:52:50,706 [INFO] ✅ Processed JTA
2025-11-24 05:52:50,713 [INFO] ✅ Processed CYAD
2025-11-24 05:52:50,716 [INFO] ✅ Processed AR
2025-11-24 05:52:50,730 [INFO] ✅ Processed EMCB
2025-11-24 05:52:50,741 [INFO] ✅ Processed MPX
2025-11-24 05:52:50,748 [INFO] ✅ Processed CM
2025-11-24 05:52:50,749 [INFO] ✅ Processed FMY
2025-11-24 05:52:50,752 [INFO] ✅ Processed AE
2025-11-24 05:52:50,761 [INFO] ✅ Processed ADP
2025-11-24 05:52:50,762 [INFO] ✅ Processed BVXV
2025-11-24 05:52:50,772 [INFO] ✅ Processed FFBW
2025-11-24 05:52:50,785 [INFO] ✅ Processed TPZ
2025-11-24 05:52:50,788 [INFO] ✅ Processed RRGB
2025-11-24 05:52:50,804 [INFO] ✅ Processed OGS
2025-11-24 05:52:50,805 [INFO] ✅ Processed DTY
2025-11-24 05:52:50,819 [INFO] ✅ Processed GROW
2025-11-24 05:52:50,830 [INFO] ✅ Processed FNB
2025-11-24 05:52:50,845 [INFO] ✅ Processed JNMF
2025-11-24 05:52:50,847 [INFO] ✅ Processed LB
2025-11-24 05:52:50,848 [INFO] ✅ Processed FOF
2025-11-24 05:52:50,864 [INFO] ✅ Processed SMTX
2025-11-24 05:52:50,875 [INFO] ✅ Processed FMN
2025-11-24 05:52:50,947 [INFO] ✅ Processed SWX
2025-11-24 05:52:50,952 [INFO] ✅ Processed STC
2025-11-24 05:52:50,964 [INFO] ✅ Processed ESGN
2025-11-24 05:52:50,983 [INFO] ✅ Processed INSM
2025-11-24 05:52:50,983 [INFO] ✅ Processed ON
2025-11-24 05:52:50,986 [INFO] ✅ Processed SUP
2025-11-24 05:52:50,994 [INFO] ✅ Processed NUDM
2025-11-24 05:52:50,994 [INFO] ✅ Processed CNOB
2025-11-24 05:52:50,996 [INFO] ✅ Processed AIW
2025-11-24 05:52:51,005 [INFO] ✅ Processed AMRX
2025-11-24 05:52:51,023 [INFO] ✅ Processed VHI
2025-11-24 05:52:51,027 [INFO] ✅ Processed CRH
2025-11-24 05:52:51,032 [INFO] ✅ Processed CSL
2025-11-24 05:52:51,032 [INFO] ✅ Processed DTN
2025-11-24 05:52:51,033 [INFO] ✅ Processed DGICA
2025-11-24 05:52:51,034 [INFO] ✅ Processed IQSI
2025-11-24 05:52:51,035 [INFO] ✅ Processed CPER
2025-11-24 05:52:51,045 [INFO] ✅ Processed SPOT
2025-11-24 05:52:51,048 [INFO] ✅ Processed PLAT
2025-11-24 05:52:51,055 [INFO] ✅ Processed SBPH
2025-11-24 05:52:51,058 [INFO] ✅ Processed MTSI
2025-11-24 05:52:51,065 [INFO] ✅ Processed GSHD
2025-11-24 05:52:51,070 [INFO] ✅ Processed RTIX
2025-11-24 05:52:51,078 [INFO] ✅ Processed SKYY
2025-11-24 05:52:51,114 [INFO] ✅ Processed GGZ
2025-11-24 05:52:51,117 [INFO] ✅ Processed LRNZ
2025-11-24 05:52:51,119 [INFO] ✅ Processed STT
2025-11-24 05:52:51,124 [INFO] ✅ Processed ICON
2025-11-24 05:52:51,127 [INFO] ✅ Processed III
2025-11-24 05:52:51,132 [INFO] ✅ Processed CAKE
2025-11-24 05:52:51,136 [INFO] ✅ Processed PFD
2025-11-24 05:52:51,139 [INFO] ✅ Processed SNES
2025-11-24 05:52:51,143 [INFO] ✅ Processed ITOT
2025-11-24 05:52:51,148 [INFO] ✅ Processed IJR
2025-11-24 05:52:51,157 [INFO] ✅ Processed GER
2025-11-24 05:52:51,175 [INFO] ✅ Processed ABUS
2025-11-24 05:52:51,178 [INFO] ✅ Processed SWIR
2025-11-24 05:52:51,187 [INFO] ✅ Processed KRA
2025-11-24 05:52:51,194 [INFO] ✅ Processed GGM
2025-11-24 05:52:51,196 [INFO] ✅ Processed SGLB
2025-11-24 05:52:51,199 [INFO] ✅ Processed PFS
2025-11-24 05:52:51,200 [INFO] ✅ Processed LIVK
2025-11-24 05:52:51,203 [INFO] ✅ Processed AWAY
2025-11-24 05:52:51,214 [INFO] ✅ Processed SLRX
2025-11-24 05:52:51,215 [INFO] ✅ Processed WCN
2025-11-24 05:52:51,227 [INFO] ✅ Processed GDV
2025-11-24 05:52:51,228 [INFO] ✅ Processed OPER
2025-11-24 05:52:51,235 [INFO] ✅ Processed ERY
2025-11-24 05:52:51,235 [INFO] ✅ Processed TCFCP
2025-11-24 05:52:51,237 [INFO] ✅ Processed CSWCL
2025-11-24 05:52:51,241 [INFO] ✅ Processed AIKI
2025-11-24 05:52:51,245 [INFO] ✅ Processed MDYV
2025-11-24 05:52:51,246 [INFO] ✅ Processed IDN
2025-11-24 05:52:51,257 [INFO] ✅ Processed FPEI
2025-11-24 05:52:51,263 [INFO] ✅ Processed GFI
2025-11-24 05:52:51,279 [INFO] ✅ Processed IOVA
2025-11-24 05:52:51,284 [INFO] ✅ Processed ZGBR
2025-11-24 05:52:51,296 [INFO] ✅ Processed RSG
2025-11-24 05:52:51,307 [INFO] ✅ Processed IDY
2025-11-24 05:52:51,313 [INFO] ✅ Processed QVCC
2025-11-24 05:52:51,314 [INFO] ✅ Processed RRC
2025-11-24 05:52:51,314 [INFO] ✅ Processed NBH
2025-11-24 05:52:51,321 [INFO] ✅ Processed USAK
2025-11-24 05:52:51,324 [INFO] ✅ Processed CVET
2025-11-24 05:52:51,330 [INFO] ✅ Processed PHX
2025-11-24 05:52:51,332 [INFO] ✅ Processed BYSI
2025-11-24 05:52:51,335 [INFO] ✅ Processed PJP
2025-11-24 05:52:51,337 [INFO] ✅ Processed TANNL
2025-11-24 05:52:51,340 [INFO] ✅ Processed DMRC
2025-11-24 05:52:51,355 [INFO] ✅ Processed RORE
2025-11-24 05:52:51,357 [INFO] ✅ Processed ONLN
2025-11-24 05:52:51,358 [INFO] ✅ Processed BUL
2025-11-24 05:52:51,363 [INFO] ✅ Processed GDEN
2025-11-24 05:52:51,396 [INFO] ✅ Processed NAD
2025-11-24 05:52:51,402 [INFO] ✅ Processed DSLV
2025-11-24 05:52:51,404 [INFO] ✅ Processed CARG
2025-11-24 05:52:51,416 [INFO] ✅ Processed RSP
2025-11-24 05:52:51,418 [INFO] ✅ Processed PHO
2025-11-24 05:52:51,424 [INFO] ✅ Processed PRFT
2025-11-24 05:52:51,428 [INFO] ✅ Processed OBNK
2025-11-24 05:52:51,437 [INFO] ✅ Processed CSOD
2025-11-24 05:52:51,442 [INFO] ✅ Processed CTIB
2025-11-24 05:52:51,442 [INFO] ✅ Processed SLDB
2025-11-24 05:52:51,445 [INFO] ✅ Processed IRT
2025-11-24 05:52:51,464 [INFO] ✅ Processed BBSI
2025-11-24 05:52:51,469 [INFO] ✅ Processed NTR
2025-11-24 05:52:51,469 [INFO] ✅ Processed IFF
2025-11-24 05:52:51,478 [INFO] ✅ Processed IVOV
2025-11-24 05:52:51,481 [INFO] ✅ Processed RDY
2025-11-24 05:52:51,485 [INFO] ✅ Processed EDC
2025-11-24 05:52:51,497 [INFO] ✅ Processed FLCO
2025-11-24 05:52:51,500 [INFO] ✅ Processed BANFP
2025-11-24 05:52:51,501 [INFO] ✅ Processed NUV
2025-11-24 05:52:51,505 [INFO] ✅ Processed FLAG
2025-11-24 05:52:51,524 [INFO] ✅ Processed SPWR
2025-11-24 05:52:51,526 [INFO] ✅ Processed SPTI
2025-11-24 05:52:51,534 [INFO] ✅ Processed CSML
2025-11-24 05:52:51,542 [INFO] ✅ Processed ZROZ
2025-11-24 05:52:51,545 [INFO] ✅ Processed MARB
2025-11-24 05:52:51,546 [INFO] ✅ Processed SRNE
2025-11-24 05:52:51,553 [INFO] ✅ Processed XTLB
2025-11-24 05:52:51,555 [INFO] ✅ Processed NTUS
2025-11-24 05:52:51,611 [INFO] ✅ Processed FEDU
2025-11-24 05:52:51,612 [INFO] ✅ Processed PUTW
2025-11-24 05:52:51,613 [INFO] ✅ Processed SLGN
2025-11-24 05:52:51,614 [INFO] ✅ Processed EGO
2025-11-24 05:52:51,619 [INFO] ✅ Processed LBJ
2025-11-24 05:52:51,624 [INFO] ✅ Processed AEFC
2025-11-24 05:52:51,625 [INFO] ✅ Processed SNPE
2025-11-24 05:52:51,629 [INFO] ✅ Processed BCV
2025-11-24 05:52:51,639 [INFO] ✅ Processed IMUX
2025-11-24 05:52:51,640 [INFO] ✅ Processed SECO
2025-11-24 05:52:51,647 [INFO] ✅ Processed ANTM
2025-11-24 05:52:51,655 [INFO] ✅ Processed ORGO
2025-11-24 05:52:51,657 [INFO] ✅ Processed RDN
2025-11-24 05:52:51,664 [INFO] ✅ Processed OBAS
2025-11-24 05:52:51,670 [INFO] ✅ Processed KFS
2025-11-24 05:52:51,674 [INFO] ✅ Processed UJUL
2025-11-24 05:52:51,685 [INFO] ✅ Processed ENIC
2025-11-24 05:52:51,687 [INFO] ✅ Processed PRA
2025-11-24 05:52:51,688 [INFO] ✅ Processed KINS
2025-11-24 05:52:51,690 [INFO] ✅ Processed TPYP
2025-11-24 05:52:51,698 [INFO] ✅ Processed EIS
2025-11-24 05:52:51,700 [INFO] ✅ Processed ALNA
2025-11-24 05:52:51,705 [INFO] ✅ Processed UMPQ
2025-11-24 05:52:51,711 [INFO] ✅ Processed PPEM
2025-11-24 05:52:51,711 [INFO] ✅ Processed BNKU
2025-11-24 05:52:51,711 [INFO] ✅ Processed NXQ
2025-11-24 05:52:51,718 [INFO] ✅ Processed IMVT
2025-11-24 05:52:51,720 [INFO] ✅ Processed PSR
2025-11-24 05:52:51,722 [INFO] ✅ Processed MSBF
2025-11-24 05:52:51,726 [INFO] ✅ Processed LINX
2025-11-24 05:52:51,730 [INFO] ✅ Processed UJUN
2025-11-24 05:52:51,734 [INFO] ✅ Processed BIOL
2025-11-24 05:52:51,745 [INFO] ✅ Processed BWFG
2025-11-24 05:52:51,748 [INFO] ✅ Processed ARDS
2025-11-24 05:52:51,758 [INFO] ✅ Processed GMLPP
2025-11-24 05:52:51,762 [INFO] ✅ Processed GRN
2025-11-24 05:52:51,763 [INFO] ✅ Processed GSH
2025-11-24 05:52:51,764 [INFO] ✅ Processed PRT
2025-11-24 05:52:51,772 [INFO] ✅ Processed ENIA
2025-11-24 05:52:51,772 [INFO] ✅ Processed GPS
2025-11-24 05:52:51,779 [INFO] ✅ Processed MINDP
2025-11-24 05:52:51,784 [INFO] ✅ Processed EINC
2025-11-24 05:52:51,786 [INFO] ✅ Processed BLPH
2025-11-24 05:52:51,806 [INFO] ✅ Processed HBCP
2025-11-24 05:52:51,810 [INFO] ✅ Processed FRDM
2025-11-24 05:52:51,819 [INFO] ✅ Processed GOOD
2025-11-24 05:52:51,821 [INFO] ✅ Processed JMIN
2025-11-24 05:52:51,825 [INFO] ✅ Processed TECS
2025-11-24 05:52:51,827 [INFO] ✅ Processed LAD
2025-11-24 05:52:51,835 [INFO] ✅ Processed ALLK
2025-11-24 05:52:51,838 [INFO] ✅ Processed BLL
2025-11-24 05:52:51,845 [INFO] ✅ Processed BNS
2025-11-24 05:52:51,851 [INFO] ✅ Processed PSP
2025-11-24 05:52:51,851 [INFO] ✅ Processed AYTU
2025-11-24 05:52:51,853 [INFO] ✅ Processed SBFG
2025-11-24 05:52:51,866 [INFO] ✅ Processed BGNE
2025-11-24 05:52:51,867 [INFO] ✅ Processed GOOS
2025-11-24 05:52:51,868 [INFO] ✅ Processed YXI
2025-11-24 05:52:51,883 [INFO] ✅ Processed AIRI
2025-11-24 05:52:51,888 [INFO] ✅ Processed ARKK
2025-11-24 05:52:51,890 [INFO] ✅ Processed PRPL
2025-11-24 05:52:51,892 [INFO] ✅ Processed BND
2025-11-24 05:52:51,893 [INFO] ✅ Processed BBP
2025-11-24 05:52:51,902 [INFO] ✅ Processed AWTM
2025-11-24 05:52:51,909 [INFO] ✅ Processed EPAY
2025-11-24 05:52:51,918 [INFO] ✅ Processed SELB
2025-11-24 05:52:51,925 [INFO] ✅ Processed BAK
2025-11-24 05:52:51,926 [INFO] ✅ Processed PLUS
2025-11-24 05:52:51,934 [INFO] ✅ Processed SLGL
2025-11-24 05:52:51,935 [INFO] ✅ Processed NTG
2025-11-24 05:52:51,937 [INFO] ✅ Processed USWS
2025-11-24 05:52:51,945 [INFO] ✅ Processed EDV
2025-11-24 05:52:51,948 [INFO] ✅ Processed PERI
2025-11-24 05:52:51,954 [INFO] ✅ Processed TECD
2025-11-24 05:52:51,970 [INFO] ✅ Processed IPI
2025-11-24 05:52:51,972 [INFO] ✅ Processed BCC
2025-11-24 05:52:51,977 [INFO] ✅ Processed CARE
2025-11-24 05:52:51,978 [INFO] ✅ Processed JMPNL
2025-11-24 05:52:51,979 [INFO] ✅ Processed EBSB
2025-11-24 05:52:51,980 [INFO] ✅ Processed ISR
2025-11-24 05:52:51,983 [INFO] ✅ Processed UTRN
2025-11-24 05:52:51,996 [INFO] ✅ Processed IQM
2025-11-24 05:52:52,000 [INFO] ✅ Processed CASA
2025-11-24 05:52:52,002 [INFO] ✅ Processed BNDX
2025-11-24 05:52:52,011 [INFO] ✅ Processed TKAT
2025-11-24 05:52:52,018 [INFO] ✅ Processed AGGP
2025-11-24 05:52:52,023 [INFO] ✅ Processed TGTX
2025-11-24 05:52:52,040 [INFO] ✅ Processed TRMB
2025-11-24 05:52:52,041 [INFO] ✅ Processed CENTA
2025-11-24 05:52:52,042 [INFO] ✅ Processed MAGA
2025-11-24 05:52:52,062 [INFO] ✅ Processed LYB
2025-11-24 05:52:52,065 [INFO] ✅ Processed NTP
2025-11-24 05:52:52,068 [INFO] ✅ Processed QCOM
2025-11-24 05:52:52,069 [INFO] ✅ Processed NVO
2025-11-24 05:52:52,072 [INFO] ✅ Processed ROSC
2025-11-24 05:52:52,074 [INFO] ✅ Processed DMPI
2025-11-24 05:52:52,089 [INFO] ✅ Processed GJH
2025-11-24 05:52:52,106 [INFO] ✅ Processed ITCB
2025-11-24 05:52:52,108 [INFO] ✅ Processed EUFN
2025-11-24 05:52:52,122 [INFO] ✅ Processed TLRD
2025-11-24 05:52:52,125 [INFO] ✅ Processed EPS
2025-11-24 05:52:52,140 [INFO] ✅ Processed GIS
2025-11-24 05:52:52,140 [INFO] ✅ Processed ICBK
2025-11-24 05:52:52,148 [INFO] ✅ Processed ALTM
2025-11-24 05:52:52,155 [INFO] ✅ Processed SPCB
2025-11-24 05:52:52,162 [INFO] ✅ Processed PIRS
2025-11-24 05:52:52,166 [INFO] ✅ Processed UTG
2025-11-24 05:52:52,168 [INFO] ✅ Processed CVGI
2025-11-24 05:52:52,169 [INFO] ✅ Processed PII
2025-11-24 05:52:52,173 [INFO] ✅ Processed MMSI
2025-11-24 05:52:52,179 [INFO] ✅ Processed LMRKO
2025-11-24 05:52:52,180 [INFO] ✅ Processed USAI
2025-11-24 05:52:52,190 [INFO] ✅ Processed PHM
2025-11-24 05:52:52,205 [INFO] ✅ Processed JHMU
2025-11-24 05:52:52,205 [INFO] ✅ Processed BLHY
2025-11-24 05:52:52,210 [INFO] ✅ Processed DRADP
2025-11-24 05:52:52,218 [INFO] ✅ Processed IFS
2025-11-24 05:52:52,219 [INFO] ✅ Processed CSTL
2025-11-24 05:52:52,222 [INFO] ✅ Processed SPNE
2025-11-24 05:52:52,227 [INFO] ✅ Processed BLKB
2025-11-24 05:52:52,230 [INFO] ✅ Processed TRXC
2025-11-24 05:52:52,238 [INFO] ✅ Processed ROST
2025-11-24 05:52:52,239 [INFO] ✅ Processed NVUS
2025-11-24 05:52:52,240 [INFO] ✅ Processed BUY
2025-11-24 05:52:52,249 [INFO] ✅ Processed VTWO
2025-11-24 05:52:52,254 [INFO] ✅ Processed EPD
2025-11-24 05:52:52,267 [INFO] ✅ Processed GGO
2025-11-24 05:52:52,270 [INFO] ✅ Processed PEJ
2025-11-24 05:52:52,274 [INFO] ✅ Processed FLYT
2025-11-24 05:52:52,292 [INFO] ✅ Processed PDN
2025-11-24 05:52:52,294 [INFO] ✅ Processed JAKK
2025-11-24 05:52:52,300 [INFO] ✅ Processed ONCT
2025-11-24 05:52:52,301 [INFO] ✅ Processed AUTO
2025-11-24 05:52:52,302 [INFO] ✅ Processed GNRSU
2025-11-24 05:52:52,307 [INFO] ✅ Processed ISIG
2025-11-24 05:52:52,309 [INFO] ✅ Processed PULS
2025-11-24 05:52:52,315 [INFO] ✅ Processed KRC
2025-11-24 05:52:52,316 [INFO] ✅ Processed JHAA
2025-11-24 05:52:52,322 [INFO] ✅ Processed MCRB
2025-11-24 05:52:52,327 [INFO] ✅ Processed LBTYA
2025-11-24 05:52:52,331 [INFO] ✅ Processed DFND
2025-11-24 05:52:52,347 [INFO] ✅ Processed GSJY
2025-11-24 05:52:52,355 [INFO] ✅ Processed MFMS
2025-11-24 05:52:52,370 [INFO] ✅ Processed NMR
2025-11-24 05:52:52,371 [INFO] ✅ Processed BYM
2025-11-24 05:52:52,372 [INFO] ✅ Processed NNI
2025-11-24 05:52:52,384 [INFO] ✅ Processed NCNA
2025-11-24 05:52:52,389 [INFO] ✅ Processed MTRX
2025-11-24 05:52:52,405 [INFO] ✅ Processed NMCI
2025-11-24 05:52:52,408 [INFO] ✅ Processed TWIN
2025-11-24 05:52:52,414 [INFO] ✅ Processed DFNS
2025-11-24 05:52:52,415 [INFO] ✅ Processed SGMS
2025-11-24 05:52:52,424 [INFO] ✅ Processed LUV
2025-11-24 05:52:52,437 [INFO] ✅ Processed ICOL
2025-11-24 05:52:52,438 [INFO] ✅ Processed PFF
2025-11-24 05:52:52,440 [INFO] ✅ Processed ALXN
2025-11-24 05:52:52,442 [INFO] ✅ Processed FRPH
2025-11-24 05:52:52,448 [INFO] ✅ Processed SGOL
2025-11-24 05:52:52,451 [INFO] ✅ Processed GLIF
2025-11-24 05:52:52,454 [INFO] ✅ Processed CWBR
2025-11-24 05:52:52,457 [INFO] ✅ Processed LW
2025-11-24 05:52:52,458 [INFO] ✅ Processed WORK
2025-11-24 05:52:52,471 [INFO] ✅ Processed TGNA
2025-11-24 05:52:52,477 [INFO] ✅ Processed NH
2025-11-24 05:52:52,484 [INFO] ✅ Processed PSCM
2025-11-24 05:52:52,484 [INFO] ✅ Processed NOM
2025-11-24 05:52:52,498 [INFO] ✅ Processed XEC
2025-11-24 05:52:52,502 [INFO] ✅ Processed NUGT
2025-11-24 05:52:52,506 [INFO] ✅ Processed RISE
2025-11-24 05:52:52,508 [INFO] ✅ Processed AMPE
2025-11-24 05:52:52,534 [INFO] ✅ Processed VIOO
2025-11-24 05:52:52,538 [INFO] ✅ Processed MS
2025-11-24 05:52:52,540 [INFO] ✅ Processed TSC
2025-11-24 05:52:52,544 [INFO] ✅ Processed SWM
2025-11-24 05:52:52,545 [INFO] ✅ Processed DWAW
2025-11-24 05:52:52,553 [INFO] ✅ Processed TPX
2025-11-24 05:52:52,561 [INFO] ✅ Processed UNTY
2025-11-24 05:52:52,564 [INFO] ✅ Processed ECCX
2025-11-24 05:52:52,572 [INFO] ✅ Processed PCEF
2025-11-24 05:52:52,573 [INFO] ✅ Processed TRP
2025-11-24 05:52:52,583 [INFO] ✅ Processed TALO
2025-11-24 05:52:52,606 [INFO] ✅ Processed DVD
2025-11-24 05:52:52,611 [INFO] ✅ Processed SONA
2025-11-24 05:52:52,612 [INFO] ✅ Processed AGI
2025-11-24 05:52:52,619 [INFO] ✅ Processed DWMC
2025-11-24 05:52:52,619 [INFO] ✅ Processed RNWK
2025-11-24 05:52:52,639 [INFO] ✅ Processed CO
2025-11-24 05:52:52,641 [INFO] ✅ Processed CPB
2025-11-24 05:52:52,648 [INFO] ✅ Processed THGA
2025-11-24 05:52:52,649 [INFO] ✅ Processed GRNQ
2025-11-24 05:52:52,664 [INFO] ✅ Processed HLG
2025-11-24 05:52:52,666 [INFO] ✅ Processed SWZ
2025-11-24 05:52:52,670 [INFO] ✅ Processed MD
2025-11-24 05:52:52,671 [INFO] ✅ Processed PAPR
2025-11-24 05:52:52,675 [INFO] ✅ Processed NGVT
2025-11-24 05:52:52,690 [INFO] ✅ Processed FBT
2025-11-24 05:52:52,700 [INFO] ✅ Processed VEL
2025-11-24 05:52:52,703 [INFO] ✅ Processed AXDX
2025-11-24 05:52:52,711 [INFO] ✅ Processed ECOL
2025-11-24 05:52:52,718 [INFO] ✅ Processed CYCN
2025-11-24 05:52:52,744 [INFO] ✅ Processed ATRO
2025-11-24 05:52:52,768 [INFO] ✅ Processed LAWS
2025-11-24 05:52:52,773 [INFO] ✅ Processed HMC
2025-11-24 05:52:52,775 [INFO] ✅ Processed OKE
2025-11-24 05:52:52,799 [INFO] ✅ Processed BK
2025-11-24 05:52:52,801 [INFO] ✅ Processed AP
2025-11-24 05:52:52,822 [INFO] ✅ Processed MSA
2025-11-24 05:52:52,827 [INFO] ✅ Processed AXGT
2025-11-24 05:52:52,830 [INFO] ✅ Processed CX
2025-11-24 05:52:52,837 [INFO] ✅ Processed BCLI
2025-11-24 05:52:52,843 [INFO] ✅ Processed BCOR
2025-11-24 05:52:52,848 [INFO] ✅ Processed SYF
2025-11-24 05:52:52,852 [INFO] ✅ Processed J
2025-11-24 05:52:52,854 [INFO] ✅ Processed FBC
2025-11-24 05:52:52,871 [INFO] ✅ Processed FCPT
2025-11-24 05:52:52,876 [INFO] ✅ Processed FCG
2025-11-24 05:52:52,885 [INFO] ✅ Processed KTOS
2025-11-24 05:52:52,888 [INFO] ✅ Processed AFMD
2025-11-24 05:52:52,893 [INFO] ✅ Processed AG
2025-11-24 05:52:52,893 [INFO] ✅ Processed FAX
2025-11-24 05:52:52,896 [INFO] ✅ Processed BFEB
2025-11-24 05:52:52,901 [INFO] ✅ Processed AMHC
2025-11-24 05:52:52,917 [INFO] ✅ Processed OHI
2025-11-24 05:52:52,918 [INFO] ✅ Processed ZSL
2025-11-24 05:52:52,924 [INFO] ✅ Processed ZMLP
2025-11-24 05:52:52,925 [INFO] ✅ Processed SVXY
2025-11-24 05:52:52,927 [INFO] ✅ Processed MIDD
2025-11-24 05:52:52,928 [INFO] ✅ Processed NGVC
2025-11-24 05:52:52,930 [INFO] ✅ Processed PSXP
2025-11-24 05:52:52,930 [INFO] ✅ Processed XHS
2025-11-24 05:52:52,938 [INFO] ✅ Processed QTT
2025-11-24 05:52:52,943 [INFO] ✅ Processed CEFS
2025-11-24 05:52:52,955 [INFO] ✅ Processed HFXI
2025-11-24 05:52:52,958 [INFO] ✅ Processed IPAY
2025-11-24 05:52:52,959 [INFO] ✅ Processed STAY
2025-11-24 05:52:52,961 [INFO] ✅ Processed KFFB
2025-11-24 05:52:52,963 [INFO] ✅ Processed NYMTM
2025-11-24 05:52:52,968 [INFO] ✅ Processed CLOU
2025-11-24 05:52:52,980 [INFO] ✅ Processed SDEM
2025-11-24 05:52:52,992 [INFO] ✅ Processed CHS
2025-11-24 05:52:52,995 [INFO] ✅ Processed SDGR
2025-11-24 05:52:52,997 [INFO] ✅ Processed FTFT
2025-11-24 05:52:53,000 [INFO] ✅ Processed SLP
2025-11-24 05:52:53,003 [INFO] ✅ Processed CKH
2025-11-24 05:52:53,005 [INFO] ✅ Processed AFYA
2025-11-24 05:52:53,021 [INFO] ✅ Processed SNX
2025-11-24 05:52:53,023 [INFO] ✅ Processed HBANO
2025-11-24 05:52:53,036 [INFO] ✅ Processed MNTX
2025-11-24 05:52:53,043 [INFO] ✅ Processed TKR
2025-11-24 05:52:53,050 [INFO] ✅ Processed EVLO
2025-11-24 05:52:53,055 [INFO] ✅ Processed SMOG
2025-11-24 05:52:53,057 [INFO] ✅ Processed JBN
2025-11-24 05:52:53,058 [INFO] ✅ Processed SLG
2025-11-24 05:52:53,063 [INFO] ✅ Processed CREE
2025-11-24 05:52:53,066 [INFO] ✅ Processed DBV
2025-11-24 05:52:53,074 [INFO] ✅ Processed HTA
2025-11-24 05:52:53,077 [INFO] ✅ Processed ZM
2025-11-24 05:52:53,082 [INFO] ✅ Processed NEWR
2025-11-24 05:52:53,084 [INFO] ✅ Processed CFO
2025-11-24 05:52:53,088 [INFO] ✅ Processed TDJ
2025-11-24 05:52:53,102 [INFO] ✅ Processed CHD
2025-11-24 05:52:53,105 [INFO] ✅ Processed ESPR
2025-11-24 05:52:53,109 [INFO] ✅ Processed FSMB
2025-11-24 05:52:53,171 [INFO] ✅ Processed KELYB
2025-11-24 05:52:53,180 [INFO] ✅ Processed INFN
2025-11-24 05:52:53,192 [INFO] ✅ Processed BANC
2025-11-24 05:52:53,193 [INFO] ✅ Processed STOR
2025-11-24 05:52:53,201 [INFO] ✅ Processed SOXL
2025-11-24 05:52:53,213 [INFO] ✅ Processed DPST
2025-11-24 05:52:53,217 [INFO] ✅ Processed PCRX
2025-11-24 05:52:53,219 [INFO] ✅ Processed DBA
2025-11-24 05:52:53,220 [INFO] ✅ Processed XENT
2025-11-24 05:52:53,225 [INFO] ✅ Processed AMED
2025-11-24 05:52:53,229 [INFO] ✅ Processed DRIO
2025-11-24 05:52:53,241 [INFO] ✅ Processed PAHC
2025-11-24 05:52:53,245 [INFO] ✅ Processed CET
2025-11-24 05:52:53,248 [INFO] ✅ Processed FDMO
2025-11-24 05:52:53,249 [INFO] ✅ Processed TEN
2025-11-24 05:52:53,260 [INFO] ✅ Processed CFX
2025-11-24 05:52:53,268 [INFO] ✅ Processed FXZ
2025-11-24 05:52:53,273 [INFO] ✅ Processed INFY
2025-11-24 05:52:53,274 [INFO] ✅ Processed WTREP
2025-11-24 05:52:53,280 [INFO] ✅ Processed FTHI
2025-11-24 05:52:53,289 [INFO] ✅ Processed IEUS
2025-11-24 05:52:53,298 [INFO] ✅ Processed STML
2025-11-24 05:52:53,299 [INFO] ✅ Processed SFST
2025-11-24 05:52:53,306 [INFO] ✅ Processed CLBS
2025-11-24 05:52:53,320 [INFO] ✅ Processed MHK
2025-11-24 05:52:53,321 [INFO] ✅ Processed CPRX
2025-11-24 05:52:53,324 [INFO] ✅ Processed IPOS
2025-11-24 05:52:53,327 [INFO] ✅ Processed DWUS
2025-11-24 05:52:53,329 [INFO] ✅ Processed JLS
2025-11-24 05:52:53,334 [INFO] ✅ Processed PHAS
2025-11-24 05:52:53,336 [INFO] ✅ Processed IEUR
2025-11-24 05:52:53,339 [INFO] ✅ Processed FVRR
2025-11-24 05:52:53,360 [INFO] ✅ Processed SQQQ
2025-11-24 05:52:53,361 [INFO] ✅ Processed LOCO
2025-11-24 05:52:53,362 [INFO] ✅ Processed SAA
2025-11-24 05:52:53,386 [INFO] ✅ Processed TEX
2025-11-24 05:52:53,388 [INFO] ✅ Processed INFO
2025-11-24 05:52:53,396 [INFO] ✅ Processed BSRR
2025-11-24 05:52:53,398 [INFO] ✅ Processed TFC
2025-11-24 05:52:53,406 [INFO] ✅ Processed MIN
2025-11-24 05:52:53,409 [INFO] ✅ Processed WSTL
2025-11-24 05:52:53,412 [INFO] ✅ Processed OSB
2025-11-24 05:52:53,437 [INFO] ✅ Processed HUD
2025-11-24 05:52:53,444 [INFO] ✅ Processed FXL
2025-11-24 05:52:53,444 [INFO] ✅ Processed SBM
2025-11-24 05:52:53,447 [INFO] ✅ Processed ADMP
2025-11-24 05:52:53,450 [INFO] ✅ Processed TEO
2025-11-24 05:52:53,451 [INFO] ✅ Processed HSON
2025-11-24 05:52:53,468 [INFO] ✅ Processed OMFL
2025-11-24 05:52:53,470 [INFO] ✅ Processed FFTY
2025-11-24 05:52:53,471 [INFO] ✅ Processed ASLN
2025-11-24 05:52:53,477 [INFO] ✅ Processed BTYS
2025-11-24 05:52:53,491 [INFO] ✅ Processed RESI
2025-11-24 05:52:53,492 [INFO] ✅ Processed HASI
2025-11-24 05:52:53,498 [INFO] ✅ Processed MGR
2025-11-24 05:52:53,510 [INFO] ✅ Processed HSCZ
2025-11-24 05:52:53,516 [INFO] ✅ Processed TGP
2025-11-24 05:52:53,517 [INFO] ✅ Processed HBANN
2025-11-24 05:52:53,522 [INFO] ✅ Processed OCFT
2025-11-24 05:52:53,527 [INFO] ✅ Processed DAL
2025-11-24 05:52:53,536 [INFO] ✅ Processed SCI
2025-11-24 05:52:53,537 [INFO] ✅ Processed SXTC
2025-11-24 05:52:53,545 [INFO] ✅ Processed OPY
2025-11-24 05:52:53,569 [INFO] ✅ Processed MIY
2025-11-24 05:52:53,582 [INFO] ✅ Processed DOG
2025-11-24 05:52:53,583 [INFO] ✅ Processed SNY
2025-11-24 05:52:53,589 [INFO] ✅ Processed SLF
2025-11-24 05:52:53,592 [INFO] ✅ Processed SMB
2025-11-24 05:52:53,615 [INFO] ✅ Processed ZCAN
2025-11-24 05:52:53,625 [INFO] ✅ Processed CIA
2025-11-24 05:52:53,625 [INFO] ✅ Processed LABD
2025-11-24 05:52:53,634 [INFO] ✅ Processed BABA
2025-11-24 05:52:53,634 [INFO] ✅ Processed HTGC
2025-11-24 05:52:53,646 [INFO] ✅ Processed VRS
2025-11-24 05:52:53,646 [INFO] ✅ Processed RILYZ
2025-11-24 05:52:53,659 [INFO] ✅ Processed LFEQ
2025-11-24 05:52:53,660 [INFO] ✅ Processed TG
2025-11-24 05:52:53,661 [INFO] ✅ Processed MFV
2025-11-24 05:52:53,673 [INFO] ✅ Processed ARI
2025-11-24 05:52:53,683 [INFO] ✅ Processed VO
2025-11-24 05:52:53,687 [INFO] ✅ Processed DMO
2025-11-24 05:52:53,696 [INFO] ✅ Processed HYG
2025-11-24 05:52:53,702 [INFO] ✅ Processed CHE
2025-11-24 05:52:53,704 [INFO] ✅ Processed WK
2025-11-24 05:52:53,707 [INFO] ✅ Processed APA
2025-11-24 05:52:53,715 [INFO] ✅ Processed VPL
2025-11-24 05:52:53,716 [INFO] ✅ Processed PSMG
2025-11-24 05:52:53,720 [INFO] ✅ Processed OCFC
2025-11-24 05:52:53,722 [INFO] ✅ Processed SNN
2025-11-24 05:52:53,724 [INFO] ✅ Processed ACSG
2025-11-24 05:52:53,756 [INFO] ✅ Processed EBAYL
2025-11-24 05:52:53,759 [INFO] ✅ Processed ASM
2025-11-24 05:52:53,761 [INFO] ✅ Processed XHR
2025-11-24 05:52:53,766 [INFO] ✅ Processed SXC
2025-11-24 05:52:53,773 [INFO] ✅ Processed BATL
2025-11-24 05:52:53,781 [INFO] ✅ Processed IBKR
2025-11-24 05:52:53,784 [INFO] ✅ Processed FFNW
2025-11-24 05:52:53,789 [INFO] ✅ Processed MFA
2025-11-24 05:52:53,796 [INFO] ✅ Processed HTRB
2025-11-24 05:52:53,802 [INFO] ✅ Processed BCML
2025-11-24 05:52:53,806 [INFO] ✅ Processed SYG
2025-11-24 05:52:53,806 [INFO] ✅ Processed ECOZ
2025-11-24 05:52:53,824 [INFO] ✅ Processed OIL
2025-11-24 05:52:53,829 [INFO] ✅ Processed UBOH
2025-11-24 05:52:53,830 [INFO] ✅ Processed FCF
2025-11-24 05:52:53,836 [INFO] ✅ Processed MESA
2025-11-24 05:52:53,838 [INFO] ✅ Processed IROQ
2025-11-24 05:52:53,845 [INFO] ✅ Processed BJ
2025-11-24 05:52:53,879 [INFO] ✅ Processed VRTS
2025-11-24 05:52:53,881 [INFO] ✅ Processed ADVM
2025-11-24 05:52:53,887 [INFO] ✅ Processed BMCH
2025-11-24 05:52:53,903 [INFO] ✅ Processed CY
2025-11-24 05:52:53,909 [INFO] ✅ Processed XHE
2025-11-24 05:52:53,920 [INFO] ✅ Processed CN
2025-11-24 05:52:53,936 [INFO] ✅ Processed JWN
2025-11-24 05:52:53,952 [INFO] ✅ Processed SCWX
2025-11-24 05:52:53,952 [INFO] ✅ Processed FSTA
2025-11-24 05:52:53,953 [INFO] ✅ Processed K
2025-11-24 05:52:53,965 [INFO] ✅ Processed HLF
2025-11-24 05:52:53,974 [INFO] ✅ Processed SXT
2025-11-24 05:52:53,977 [INFO] ✅ Processed ADS
2025-11-24 05:52:53,984 [INFO] ✅ Processed FAN
2025-11-24 05:52:53,991 [INFO] ✅ Processed ECOM
2025-11-24 05:52:53,993 [INFO] ✅ Processed AFL
2025-11-24 05:52:53,996 [INFO] ✅ Processed QAT
2025-11-24 05:52:53,998 [INFO] ✅ Processed SZK
2025-11-24 05:52:54,003 [INFO] ✅ Processed XLRE
2025-11-24 05:52:54,008 [INFO] ✅ Processed VGR
2025-11-24 05:52:54,013 [INFO] ✅ Processed WMGI
2025-11-24 05:52:54,022 [INFO] ✅ Processed JPGB
2025-11-24 05:52:54,028 [INFO] ✅ Processed AJX
2025-11-24 05:52:54,031 [INFO] ✅ Processed GUDB
2025-11-24 05:52:54,034 [INFO] ✅ Processed HBM
2025-11-24 05:52:54,035 [INFO] ✅ Processed AIC
2025-11-24 05:52:54,037 [INFO] ✅ Processed QLD
2025-11-24 05:52:54,041 [INFO] ✅ Processed AVDV
2025-11-24 05:52:54,046 [INFO] ✅ Processed SACH
2025-11-24 05:52:54,050 [INFO] ✅ Processed REED
2025-11-24 05:52:54,057 [INFO] ✅ Processed ECCY
2025-11-24 05:52:54,059 [INFO] ✅ Processed MGEN
2025-11-24 05:52:54,082 [INFO] ✅ Processed QINT
2025-11-24 05:52:54,085 [INFO] ✅ Processed ZJPN
2025-11-24 05:52:54,094 [INFO] ✅ Processed FOE
2025-11-24 05:52:54,105 [INFO] ✅ Processed HCI
2025-11-24 05:52:54,109 [INFO] ✅ Processed FOR
2025-11-24 05:52:54,113 [INFO] ✅ Processed QLS
2025-11-24 05:52:54,141 [INFO] ✅ Processed CSX
2025-11-24 05:52:54,146 [INFO] ✅ Processed TRQ
2025-11-24 05:52:54,157 [INFO] ✅ Processed MR
2025-11-24 05:52:54,164 [INFO] ✅ Processed CNNE
2025-11-24 05:52:54,165 [INFO] ✅ Processed DGICB
2025-11-24 05:52:54,179 [INFO] ✅ Processed CQP
2025-11-24 05:52:54,181 [INFO] ✅ Processed BMLP
2025-11-24 05:52:54,184 [INFO] ✅ Processed FFBC
2025-11-24 05:52:54,188 [INFO] ✅ Processed REGL
2025-11-24 05:52:54,202 [INFO] ✅ Processed LMLB
2025-11-24 05:52:54,236 [INFO] ✅ Processed CRK
2025-11-24 05:52:54,240 [INFO] ✅ Processed AIT
2025-11-24 05:52:54,241 [INFO] ✅ Processed FNV
2025-11-24 05:52:54,248 [INFO] ✅ Processed EBIZ
2025-11-24 05:52:54,250 [INFO] ✅ Processed TSU
2025-11-24 05:52:54,256 [INFO] ✅ Processed NVTA
2025-11-24 05:52:54,260 [INFO] ✅ Processed OFC
2025-11-24 05:52:54,261 [INFO] ✅ Processed CPT
2025-11-24 05:52:54,267 [INFO] ✅ Processed RDOG
2025-11-24 05:52:54,275 [INFO] ✅ Processed KEMQ
2025-11-24 05:52:54,276 [INFO] ✅ Processed HEPA
2025-11-24 05:52:54,279 [INFO] ✅ Processed VKQ
2025-11-24 05:52:54,280 [INFO] ✅ Processed NI
2025-11-24 05:52:54,294 [INFO] ✅ Processed PPSC
2025-11-24 05:52:54,299 [INFO] ✅ Processed SNGX
2025-11-24 05:52:54,302 [INFO] ✅ Processed TRUE
2025-11-24 05:52:54,304 [INFO] ✅ Processed NMS
2025-11-24 05:52:54,310 [INFO] ✅ Processed JCPB
2025-11-24 05:52:54,321 [INFO] ✅ Processed PFG
2025-11-24 05:52:54,326 [INFO] ✅ Processed PGC
2025-11-24 05:52:54,327 [INFO] ✅ Processed VAMO
2025-11-24 05:52:54,328 [INFO] ✅ Processed NCLH
2025-11-24 05:52:54,330 [INFO] ✅ Processed HESM
2025-11-24 05:52:54,340 [INFO] ✅ Processed MOGO
2025-11-24 05:52:54,358 [INFO] ✅ Processed SPNS
2025-11-24 05:52:54,362 [INFO] ✅ Processed GGN
2025-11-24 05:52:54,366 [INFO] ✅ Processed MTRN
2025-11-24 05:52:54,374 [INFO] ✅ Processed CTSO
2025-11-24 05:52:54,377 [INFO] ✅ Processed IHY
2025-11-24 05:52:54,383 [INFO] ✅ Processed KLDW
2025-11-24 05:52:54,388 [INFO] ✅ Processed RVRS
2025-11-24 05:52:54,397 [INFO] ✅ Processed GEF
2025-11-24 05:52:54,405 [INFO] ✅ Processed GSIT
2025-11-24 05:52:54,411 [INFO] ✅ Processed LMRKN
2025-11-24 05:52:54,411 [INFO] ✅ Processed TRVI
2025-11-24 05:52:54,417 [INFO] ✅ Processed CSTM
2025-11-24 05:52:54,424 [INFO] ✅ Processed EUFX
2025-11-24 05:52:54,430 [INFO] ✅ Processed RDNT
2025-11-24 05:52:54,432 [INFO] ✅ Processed JHMT
2025-11-24 05:52:54,443 [INFO] ✅ Processed PEK
2025-11-24 05:52:54,448 [INFO] ✅ Processed BLFS
2025-11-24 05:52:54,452 [INFO] ✅ Processed SMMCU
2025-11-24 05:52:54,456 [INFO] ✅ Processed OPGN
2025-11-24 05:52:54,473 [INFO] ✅ Processed IEI
2025-11-24 05:52:54,480 [INFO] ✅ Processed BWG
2025-11-24 05:52:54,496 [INFO] ✅ Processed EUDG
2025-11-24 05:52:54,504 [INFO] ✅ Processed UTF
2025-11-24 05:52:54,517 [INFO] ✅ Processed ISEE
2025-11-24 05:52:54,525 [INFO] ✅ Processed ESI
2025-11-24 05:52:54,526 [INFO] ✅ Processed LXP
2025-11-24 05:52:54,537 [INFO] ✅ Processed CDXC
2025-11-24 05:52:54,543 [INFO] ✅ Processed IGV
2025-11-24 05:52:54,551 [INFO] ✅ Processed TLSA
2025-11-24 05:52:54,570 [INFO] ✅ Processed PKW
2025-11-24 05:52:54,579 [INFO] ✅ Processed EPR
2025-11-24 05:52:54,579 [INFO] ✅ Processed JHMC
2025-11-24 05:52:54,582 [INFO] ✅ Processed XMVM
2025-11-24 05:52:54,588 [INFO] ✅ Processed COHR
2025-11-24 05:52:54,598 [INFO] ✅ Processed PIH
2025-11-24 05:52:54,612 [INFO] ✅ Processed ERM
2025-11-24 05:52:54,614 [INFO] ✅ Processed FLTR
2025-11-24 05:52:54,615 [INFO] ✅ Processed BBDC
2025-11-24 05:52:54,628 [INFO] ✅ Processed GSEW
2025-11-24 05:52:54,636 [INFO] ✅ Processed AGEN
2025-11-24 05:52:54,641 [INFO] ✅ Processed ZION
2025-11-24 05:52:54,642 [INFO] ✅ Processed UUU
2025-11-24 05:52:54,642 [INFO] ✅ Processed DZSI
2025-11-24 05:52:54,653 [INFO] ✅ Processed IGA
2025-11-24 05:52:54,655 [INFO] ✅ Processed TLDH
2025-11-24 05:52:54,662 [INFO] ✅ Processed IDRV
2025-11-24 05:52:54,667 [INFO] ✅ Processed SRLN
2025-11-24 05:52:54,675 [INFO] ✅ Processed UAG
2025-11-24 05:52:54,678 [INFO] ✅ Processed BBF
2025-11-24 05:52:54,680 [INFO] ✅ Processed TENB
2025-11-24 05:52:54,683 [INFO] ✅ Processed EGLE
2025-11-24 05:52:54,686 [INFO] ✅ Processed EYEN
2025-11-24 05:52:54,690 [INFO] ✅ Processed NCTY
2025-11-24 05:52:54,691 [INFO] ✅ Processed JMPNZ
2025-11-24 05:52:54,698 [INFO] ✅ Processed PRGS
2025-11-24 05:52:54,699 [INFO] ✅ Processed SPVU
2025-11-24 05:52:54,701 [INFO] ✅ Processed RGA
2025-11-24 05:52:54,708 [INFO] ✅ Processed TRNX
2025-11-24 05:52:54,714 [INFO] ✅ Processed CAPL
2025-11-24 05:52:54,719 [INFO] ✅ Processed ENDP
2025-11-24 05:52:54,722 [INFO] ✅ Processed MARA
2025-11-24 05:52:54,726 [INFO] ✅ Processed KBSF
2025-11-24 05:52:54,730 [INFO] ✅ Processed TRMT
2025-11-24 05:52:54,747 [INFO] ✅ Processed CTHR
2025-11-24 05:52:54,755 [INFO] ✅ Processed PPHI
2025-11-24 05:52:54,755 [INFO] ✅ Processed TRNO
2025-11-24 05:52:54,762 [INFO] ✅ Processed REI
2025-11-24 05:52:54,764 [INFO] ✅ Processed NEBUU
2025-11-24 05:52:54,770 [INFO] ✅ Processed EES
2025-11-24 05:52:54,774 [INFO] ✅ Processed DJCO
2025-11-24 05:52:54,776 [INFO] ✅ Processed BBQ
2025-11-24 05:52:54,779 [INFO] ✅ Processed IDRA
2025-11-24 05:52:54,779 [INFO] ✅ Processed ISD
2025-11-24 05:52:54,784 [INFO] ✅ Processed HYZD
2025-11-24 05:52:54,784 [INFO] ✅ Processed VVUS
2025-11-24 05:52:54,795 [INFO] ✅ Processed CARS
2025-11-24 05:52:54,796 [INFO] ✅ Processed FBND
2025-11-24 05:52:54,801 [INFO] ✅ Processed OPRX
2025-11-24 05:52:54,805 [INFO] ✅ Processed UCO
2025-11-24 05:52:54,808 [INFO] ✅ Processed WIFI
2025-11-24 05:52:54,809 [INFO] ✅ Processed BIOX
2025-11-24 05:52:54,816 [INFO] ✅ Processed CFXA
2025-11-24 05:52:54,827 [INFO] ✅ Processed PSF
2025-11-24 05:52:54,836 [INFO] ✅ Processed SEAS
2025-11-24 05:52:54,843 [INFO] ✅ Processed GTYH
2025-11-24 05:52:54,843 [INFO] ✅ Processed NYV
2025-11-24 05:52:54,844 [INFO] ✅ Processed EIG
2025-11-24 05:52:54,854 [INFO] ✅ Processed GRX
2025-11-24 05:52:54,860 [INFO] ✅ Processed IBKCP
2025-11-24 05:52:54,861 [INFO] ✅ Processed NXR
2025-11-24 05:52:54,861 [INFO] ✅ Processed GVAL
2025-11-24 05:52:54,865 [INFO] ✅ Processed NXE
2025-11-24 05:52:54,867 [INFO] ✅ Processed XOUT
2025-11-24 05:52:54,875 [INFO] ✅ Processed EHC
2025-11-24 05:52:54,883 [INFO] ✅ Processed FISR
2025-11-24 05:52:54,894 [INFO] ✅ Processed TRCH
2025-11-24 05:52:54,904 [INFO] ✅ Processed GPP
2025-11-24 05:52:54,920 [INFO] ✅ Processed PSQ
2025-11-24 05:52:54,922 [INFO] ✅ Processed RJF
2025-11-24 05:52:54,922 [INFO] ✅ Processed EHT
2025-11-24 05:52:54,945 [INFO] ✅ Processed IONS
2025-11-24 05:52:54,948 [INFO] ✅ Processed HBAN
2025-11-24 05:52:54,949 [INFO] ✅ Processed TEAM
2025-11-24 05:52:54,972 [INFO] ✅ Processed UNH
2025-11-24 05:52:54,979 [INFO] ✅ Processed PBYI
2025-11-24 05:52:54,983 [INFO] ✅ Processed BMI
2025-11-24 05:52:54,993 [INFO] ✅ Processed PRU
2025-11-24 05:52:55,009 [INFO] ✅ Processed GSK
2025-11-24 05:52:55,010 [INFO] ✅ Processed MORN
2025-11-24 05:52:55,019 [INFO] ✅ Processed EGBN
2025-11-24 05:52:55,020 [INFO] ✅ Processed KGC
2025-11-24 05:52:55,027 [INFO] ✅ Processed WTS
2025-11-24 05:52:55,028 [INFO] ✅ Processed EIC
2025-11-24 05:52:55,032 [INFO] ✅ Processed BOE
2025-11-24 05:52:55,035 [INFO] ✅ Processed PRF
2025-11-24 05:52:55,036 [INFO] ✅ Processed ONTX
2025-11-24 05:52:55,038 [INFO] ✅ Processed ZEAL
2025-11-24 05:52:55,041 [INFO] ✅ Processed PTACU
2025-11-24 05:52:55,045 [INFO] ✅ Processed FREL
2025-11-24 05:52:55,060 [INFO] ✅ Processed GSX
2025-11-24 05:52:55,063 [INFO] ✅ Processed ALLY
2025-11-24 05:52:55,074 [INFO] ✅ Processed BGCP
2025-11-24 05:52:55,074 [INFO] ✅ Processed IQDG
2025-11-24 05:52:55,080 [INFO] ✅ Processed ONTO
2025-11-24 05:52:55,085 [INFO] ✅ Processed MOSY
2025-11-24 05:52:55,086 [INFO] ✅ Processed PSB
2025-11-24 05:52:55,101 [INFO] ✅ Processed TLEH
2025-11-24 05:52:55,107 [INFO] ✅ Processed HEES
2025-11-24 05:52:55,113 [INFO] ✅ Processed UNL
2025-11-24 05:52:55,115 [INFO] ✅ Processed LCI
2025-11-24 05:52:55,126 [INFO] ✅ Processed GPC
2025-11-24 05:52:55,131 [INFO] ✅ Processed LSXMA
2025-11-24 05:52:55,133 [INFO] ✅ Processed APPF
2025-11-24 05:52:55,140 [INFO] ✅ Processed DTIL
2025-11-24 05:52:55,149 [INFO] ✅ Processed MCHI
2025-11-24 05:52:55,168 [INFO] ✅ Processed FISV
2025-11-24 05:52:55,169 [INFO] ✅ Processed EDD
2025-11-24 05:52:55,183 [INFO] ✅ Processed TROX
2025-11-24 05:52:55,184 [INFO] ✅ Processed KEX
2025-11-24 05:52:55,185 [INFO] ✅ Processed REZ
2025-11-24 05:52:55,195 [INFO] ✅ Processed FLCH
2025-11-24 05:52:55,199 [INFO] ✅ Processed IRS
2025-11-24 05:52:55,204 [INFO] ✅ Processed DDOG
2025-11-24 05:52:55,212 [INFO] ✅ Processed LNN
2025-11-24 05:52:55,213 [INFO] ✅ Processed LMB
2025-11-24 05:52:55,214 [INFO] ✅ Processed SPTN
2025-11-24 05:52:55,218 [INFO] ✅ Processed SRCE
2025-11-24 05:52:55,219 [INFO] ✅ Processed UBX
2025-11-24 05:52:55,220 [INFO] ✅ Processed LGOV
2025-11-24 05:52:55,227 [INFO] ✅ Processed EFL
2025-11-24 05:52:55,241 [INFO] ✅ Processed RDWR
2025-11-24 05:52:55,252 [INFO] ✅ Processed REM
2025-11-24 05:52:55,259 [INFO] ✅ Processed VOYA
2025-11-24 05:52:55,261 [INFO] ✅ Processed RFV
2025-11-24 05:52:55,263 [INFO] ✅ Processed EURN
2025-11-24 05:52:55,271 [INFO] ✅ Processed BIBL
2025-11-24 05:52:55,274 [INFO] ✅ Processed BBU
2025-11-24 05:52:55,280 [INFO] ✅ Processed UHAL
2025-11-24 05:52:55,281 [INFO] ✅ Processed APRN
2025-11-24 05:52:55,285 [INFO] ✅ Processed FLBL
2025-11-24 05:52:55,289 [INFO] ✅ Processed GHSI
2025-11-24 05:52:55,293 [INFO] ✅ Processed NWN
2025-11-24 05:52:55,301 [INFO] ✅ Processed NTWK
2025-11-24 05:52:55,303 [INFO] ✅ Processed RDI
2025-11-24 05:52:55,305 [INFO] ✅ Processed NTB
2025-11-24 05:52:55,308 [INFO] ✅ Processed BEAM
2025-11-24 05:52:55,317 [INFO] ✅ Processed BITA
2025-11-24 05:52:55,335 [INFO] ✅ Processed RUSHA
2025-11-24 05:52:55,336 [INFO] ✅ Processed ISDR
2025-11-24 05:52:55,338 [INFO] ✅ Processed CASS
2025-11-24 05:52:55,346 [INFO] ✅ Processed SLQD
2025-11-24 05:52:55,363 [INFO] ✅ Processed TILT
2025-11-24 05:52:55,371 [INFO] ✅ Processed IGR
2025-11-24 05:52:55,372 [INFO] ✅ Processed RRD
2025-11-24 05:52:55,372 [INFO] ✅ Processed RGR
2025-11-24 05:52:55,380 [INFO] ✅ Processed CMPR
2025-11-24 05:52:55,383 [INFO] ✅ Processed AIIQ
2025-11-24 05:52:55,384 [INFO] ✅ Processed NBO
2025-11-24 05:52:55,385 [INFO] ✅ Processed AIRTP
2025-11-24 05:52:55,390 [INFO] ✅ Processed HUYA
2025-11-24 05:52:55,394 [INFO] ✅ Processed GOVT
2025-11-24 05:52:55,469 [INFO] ✅ Processed NAT
2025-11-24 05:52:55,470 [INFO] ✅ Processed QVAL
2025-11-24 05:52:55,473 [INFO] ✅ Processed MAGS
2025-11-24 05:52:55,474 [INFO] ✅ Processed IFV
2025-11-24 05:52:55,482 [INFO] ✅ Processed CHNG
2025-11-24 05:52:55,487 [INFO] ✅ Processed PNTG
2025-11-24 05:52:55,516 [INFO] ✅ Processed WMB
2025-11-24 05:52:55,516 [INFO] ✅ Processed SYKE
2025-11-24 05:52:55,524 [INFO] ✅ Processed ERI
2025-11-24 05:52:55,530 [INFO] ✅ Processed IGE
2025-11-24 05:52:55,533 [INFO] ✅ Processed XOMA
2025-11-24 05:52:55,538 [INFO] ✅ Processed SILJ
2025-11-24 05:52:55,544 [INFO] ✅ Processed QVCD
2025-11-24 05:52:55,547 [INFO] ✅ Processed EQR
2025-11-24 05:52:55,567 [INFO] ✅ Processed MXIM
2025-11-24 05:52:55,571 [INFO] ✅ Processed WKHS
2025-11-24 05:52:55,572 [INFO] ✅ Processed KLIC
2025-11-24 05:52:55,577 [INFO] ✅ Processed DMRS
2025-11-24 05:52:55,584 [INFO] ✅ Processed GCAP
2025-11-24 05:52:55,585 [INFO] ✅ Processed NAC
2025-11-24 05:52:55,591 [INFO] ✅ Processed BTO
2025-11-24 05:52:55,595 [INFO] ✅ Processed LYG
2025-11-24 05:52:55,609 [INFO] ✅ Processed EPV
2025-11-24 05:52:55,624 [INFO] ✅ Processed IEZ
2025-11-24 05:52:55,627 [INFO] ✅ Processed BKEPP
2025-11-24 05:52:55,629 [INFO] ✅ Processed PEX
2025-11-24 05:52:55,633 [INFO] ✅ Processed PBCT
2025-11-24 05:52:55,638 [INFO] ✅ Processed CFBK
2025-11-24 05:52:55,639 [INFO] ✅ Processed AESE
2025-11-24 05:52:55,640 [INFO] ✅ Processed VALX
2025-11-24 05:52:55,643 [INFO] ✅ Processed GFY
2025-11-24 05:52:55,645 [INFO] ✅ Processed PBND
2025-11-24 05:52:55,659 [INFO] ✅ Processed KRNT
2025-11-24 05:52:55,665 [INFO] ✅ Processed UMDD
2025-11-24 05:52:55,670 [INFO] ✅ Processed NTLA
2025-11-24 05:52:55,670 [INFO] ✅ Processed LKCO
2025-11-24 05:52:55,681 [INFO] ✅ Processed UJAN
2025-11-24 05:52:55,697 [INFO] ✅ Processed NLS
2025-11-24 05:52:55,700 [INFO] ✅ Processed ICLR
2025-11-24 05:52:55,700 [INFO] ✅ Processed KSU
2025-11-24 05:52:55,704 [INFO] ✅ Processed UTHR
2025-11-24 05:52:55,706 [INFO] ✅ Processed DSWL
2025-11-24 05:52:55,707 [INFO] ✅ Processed AESR
2025-11-24 05:52:55,721 [INFO] ✅ Processed CFMS
2025-11-24 05:52:55,724 [INFO] ✅ Processed GFN
2025-11-24 05:52:55,736 [INFO] ✅ Processed HCM
2025-11-24 05:52:55,744 [INFO] ✅ Processed PGP
2025-11-24 05:52:55,746 [INFO] ✅ Processed VLRS
2025-11-24 05:52:55,761 [INFO] ✅ Processed SGMA
2025-11-24 05:52:55,762 [INFO] ✅ Processed ZFGN
2025-11-24 05:52:55,767 [INFO] ✅ Processed LE
2025-11-24 05:52:55,776 [INFO] ✅ Processed PEO
2025-11-24 05:52:55,777 [INFO] ✅ Processed IIN
2025-11-24 05:52:55,779 [INFO] ✅ Processed PDCE
2025-11-24 05:52:55,783 [INFO] ✅ Processed XGN
2025-11-24 05:52:55,788 [INFO] ✅ Processed NATH
2025-11-24 05:52:55,796 [INFO] ✅ Processed IBDN
2025-11-24 05:52:55,798 [INFO] ✅ Processed POST
2025-11-24 05:52:55,803 [INFO] ✅ Processed DVA
2025-11-24 05:52:55,804 [INFO] ✅ Processed CPG
2025-11-24 05:52:55,809 [INFO] ✅ Processed AVDE
2025-11-24 05:52:55,812 [INFO] ✅ Processed AHC
2025-11-24 05:52:55,822 [INFO] ✅ Processed CKPT
2025-11-24 05:52:55,825 [INFO] ✅ Processed AMRH
2025-11-24 05:52:55,825 [INFO] ✅ Processed AMCIU
2025-11-24 05:52:55,825 [INFO] ✅ Processed MA
2025-11-24 05:52:55,830 [INFO] ✅ Processed CIIC
2025-11-24 05:52:55,831 [INFO] ✅ Processed ESEA
2025-11-24 05:52:55,833 [INFO] ✅ Processed XLSR
2025-11-24 05:52:55,849 [INFO] ✅ Processed FHLC
2025-11-24 05:52:55,850 [INFO] ✅ Processed PSCH
2025-11-24 05:52:55,852 [INFO] ✅ Processed HBI
2025-11-24 05:52:55,858 [INFO] ✅ Processed TSQ
2025-11-24 05:52:55,860 [INFO] ✅ Processed BOUT
2025-11-24 05:52:55,868 [INFO] ✅ Processed BCBP
2025-11-24 05:52:55,881 [INFO] ✅ Processed CPTAL
2025-11-24 05:52:55,885 [INFO] ✅ Processed AIG
2025-11-24 05:52:55,887 [INFO] ✅ Processed TRU
2025-11-24 05:52:55,896 [INFO] ✅ Processed OI
2025-11-24 05:52:55,900 [INFO] ✅ Processed AZRE
2025-11-24 05:52:55,901 [INFO] ✅ Processed PTEN
2025-11-24 05:52:55,911 [INFO] ✅ Processed AHT
2025-11-24 05:52:55,919 [INFO] ✅ Processed NM
2025-11-24 05:52:55,930 [INFO] ✅ Processed FLM
2025-11-24 05:52:55,936 [INFO] ✅ Processed SALT
2025-11-24 05:52:55,937 [INFO] ✅ Processed GENY
2025-11-24 05:52:55,941 [INFO] ✅ Processed OFG
2025-11-24 05:52:55,946 [INFO] ✅ Processed BSJP
2025-11-24 05:52:55,946 [INFO] ✅ Processed DBVT
2025-11-24 05:52:55,951 [INFO] ✅ Processed HAE
2025-11-24 05:52:55,953 [INFO] ✅ Processed VICI
2025-11-24 05:52:55,953 [INFO] ✅ Processed BCOW
2025-11-24 05:52:55,966 [INFO] ✅ Processed BY
2025-11-24 05:52:55,974 [INFO] ✅ Processed SDPI
2025-11-24 05:52:55,999 [INFO] ✅ Processed EFSC
2025-11-24 05:52:56,000 [INFO] ✅ Processed HOFT
2025-11-24 05:52:56,003 [INFO] ✅ Processed OIH
2025-11-24 05:52:56,011 [INFO] ✅ Processed FSTR
2025-11-24 05:52:56,016 [INFO] ✅ Processed KTOV
2025-11-24 05:52:56,017 [INFO] ✅ Processed O
2025-11-24 05:52:56,027 [INFO] ✅ Processed LVUS
2025-11-24 05:52:56,028 [INFO] ✅ Processed NWSA
2025-11-24 05:52:56,032 [INFO] ✅ Processed UPRO
2025-11-24 05:52:56,033 [INFO] ✅ Processed DWMF
2025-11-24 05:52:56,034 [INFO] ✅ Processed PSMC
2025-11-24 05:52:56,035 [INFO] ✅ Processed HON
2025-11-24 05:52:56,042 [INFO] ✅ Processed AB
2025-11-24 05:52:56,049 [INFO] ✅ Processed GBIL
2025-11-24 05:52:56,065 [INFO] ✅ Processed GLDD
2025-11-24 05:52:56,065 [INFO] ✅ Processed VIAV
2025-11-24 05:52:56,069 [INFO] ✅ Processed SCVX
2025-11-24 05:52:56,102 [INFO] ✅ Processed AU
2025-11-24 05:52:56,108 [INFO] ✅ Processed FORTY
2025-11-24 05:52:56,109 [INFO] ✅ Processed AFH
2025-11-24 05:52:56,109 [INFO] ✅ Processed X
2025-11-24 05:52:56,112 [INFO] ✅ Processed TTWO
2025-11-24 05:52:56,125 [INFO] ✅ Processed AES
2025-11-24 05:52:56,143 [INFO] ✅ Processed IEMG
2025-11-24 05:52:56,149 [INFO] ✅ Processed MSD
2025-11-24 05:52:56,150 [INFO] ✅ Processed SAMG
2025-11-24 05:52:56,155 [INFO] ✅ Processed ACST
2025-11-24 05:52:56,163 [INFO] ✅ Processed TC
2025-11-24 05:52:56,170 [INFO] ✅ Processed PSMT
2025-11-24 05:52:56,173 [INFO] ✅ Processed CERS
2025-11-24 05:52:56,176 [INFO] ✅ Processed DXJ
2025-11-24 05:52:56,180 [INFO] ✅ Processed CUBB
2025-11-24 05:52:56,187 [INFO] ✅ Processed PIHPP
2025-11-24 05:52:56,188 [INFO] ✅ Processed SOVB
2025-11-24 05:52:56,192 [INFO] ✅ Processed JCO
2025-11-24 05:52:56,198 [INFO] ✅ Processed FVC
2025-11-24 05:52:56,204 [INFO] ✅ Processed CHA
2025-11-24 05:52:56,208 [INFO] ✅ Processed MBCN
2025-11-24 05:52:56,212 [INFO] ✅ Processed ATEC
2025-11-24 05:52:56,224 [INFO] ✅ Processed EMTL
2025-11-24 05:52:56,229 [INFO] ✅ Processed UIHC
2025-11-24 05:52:56,247 [INFO] ✅ Processed DOC
2025-11-24 05:52:56,254 [INFO] ✅ Processed MEI
2025-11-24 05:52:56,259 [INFO] ✅ Processed HZO
2025-11-24 05:52:56,263 [INFO] ✅ Processed PFBC
2025-11-24 05:52:56,263 [INFO] ✅ Processed HYT
2025-11-24 05:52:56,266 [INFO] ✅ Processed RILYI
2025-11-24 05:52:56,273 [INFO] ✅ Processed JBK
2025-11-24 05:52:56,275 [INFO] ✅ Processed SLB
2025-11-24 05:52:56,279 [INFO] ✅ Processed UNOV
2025-11-24 05:52:56,287 [INFO] ✅ Processed MGV
2025-11-24 05:52:56,296 [INFO] ✅ Processed GWGH
2025-11-24 05:52:56,306 [INFO] ✅ Processed JNUG
2025-11-24 05:52:56,312 [INFO] ✅ Processed VSS
2025-11-24 05:52:56,316 [INFO] ✅ Processed DLX
2025-11-24 05:52:56,324 [INFO] ✅ Processed CBAT
2025-11-24 05:52:56,335 [INFO] ✅ Processed FWP
2025-11-24 05:52:56,339 [INFO] ✅ Processed UG
2025-11-24 05:52:56,342 [INFO] ✅ Processed TT
2025-11-24 05:52:56,361 [INFO] ✅ Processed OXSQ
2025-11-24 05:52:56,376 [INFO] ✅ Processed CLNC
2025-11-24 05:52:56,389 [INFO] ✅ Processed FTK
2025-11-24 05:52:56,402 [INFO] ✅ Processed WAFD
2025-11-24 05:52:56,404 [INFO] ✅ Processed CIR
2025-11-24 05:52:56,413 [INFO] ✅ Processed DNP
2025-11-24 05:52:56,422 [INFO] ✅ Processed BOOM
2025-11-24 05:52:56,431 [INFO] ✅ Processed NUSC
2025-11-24 05:52:56,442 [INFO] ✅ Processed JRJC
2025-11-24 05:52:56,453 [INFO] ✅ Processed MGA
2025-11-24 05:52:56,466 [INFO] ✅ Processed TGC
2025-11-24 05:52:56,473 [INFO] ✅ Processed SON
2025-11-24 05:52:56,474 [INFO] ✅ Processed SCZ
2025-11-24 05:52:56,479 [INFO] ✅ Processed SSKN
2025-11-24 05:52:56,479 [INFO] ✅ Processed KALU
2025-11-24 05:52:56,496 [INFO] ✅ Processed XPP
2025-11-24 05:52:56,502 [INFO] ✅ Processed LANC
2025-11-24 05:52:56,502 [INFO] ✅ Processed EDSA
2025-11-24 05:52:56,502 [INFO] ✅ Processed DBD
2025-11-24 05:52:56,505 [INFO] ✅ Processed DGRO
2025-11-24 05:52:56,508 [INFO] ✅ Processed NETL
2025-11-24 05:52:56,516 [INFO] ✅ Processed ROSEU
2025-11-24 05:52:56,520 [INFO] ✅ Processed ZIG
2025-11-24 05:52:56,526 [INFO] ✅ Processed MHN
2025-11-24 05:52:56,534 [INFO] ✅ Processed LCTX
2025-11-24 05:52:56,555 [INFO] ✅ Processed PSTV
2025-11-24 05:52:56,566 [INFO] ✅ Processed IRWD
2025-11-24 05:52:56,567 [INFO] ✅ Processed DBS
2025-11-24 05:52:56,582 [INFO] ✅ Processed HTD
2025-11-24 05:52:56,584 [INFO] ✅ Processed XRX
2025-11-24 05:52:56,587 [INFO] ✅ Processed MGRC
2025-11-24 05:52:56,587 [INFO] ✅ Processed CEF
2025-11-24 05:52:56,596 [INFO] ✅ Processed SAR
2025-11-24 05:52:56,607 [INFO] ✅ Processed SCM
2025-11-24 05:52:56,615 [INFO] ✅ Processed TGT
2025-11-24 05:52:56,616 [INFO] ✅ Processed STND
2025-11-24 05:52:56,621 [INFO] ✅ Processed LOAC
2025-11-24 05:52:56,628 [INFO] ✅ Processed JPST
2025-11-24 05:52:56,633 [INFO] ✅ Processed FXH
2025-11-24 05:52:56,639 [INFO] ✅ Processed STNE
2025-11-24 05:52:56,648 [INFO] ✅ Processed SBI
2025-11-24 05:52:56,657 [INFO] ✅ Processed VBIV
2025-11-24 05:52:56,668 [INFO] ✅ Processed OSG
2025-11-24 05:52:56,681 [INFO] ✅ Processed GPOR
2025-11-24 05:52:56,682 [INFO] ✅ Processed FXI
2025-11-24 05:52:56,682 [INFO] ✅ Processed ORC
2025-11-24 05:52:56,697 [INFO] ✅ Processed BANF
2025-11-24 05:52:56,703 [INFO] ✅ Processed INGN
2025-11-24 05:52:56,709 [INFO] ✅ Processed MBINO
2025-11-24 05:52:56,711 [INFO] ✅ Processed EVOP
2025-11-24 05:52:56,711 [INFO] ✅ Processed CGO
2025-11-24 05:52:56,715 [INFO] ✅ Processed SBH
2025-11-24 05:52:56,718 [INFO] ✅ Processed IGMS
2025-11-24 05:52:56,718 [INFO] ✅ Processed KOCT
2025-11-24 05:52:56,749 [INFO] ✅ Processed CEIX
2025-11-24 05:52:56,749 [INFO] ✅ Processed OMER
2025-11-24 05:52:56,758 [INFO] ✅ Processed AAPL
2025-11-24 05:52:56,764 [INFO] ✅ Processed RIGS
2025-11-24 05:52:56,775 [INFO] ✅ Processed SCL
2025-11-24 05:52:56,775 [INFO] ✅ Processed MKC
2025-11-24 05:52:56,780 [INFO] ✅ Processed BDSI
2025-11-24 05:52:56,780 [INFO] ✅ Processed ATHE
2025-11-24 05:52:56,784 [INFO] ✅ Processed NEWA
2025-11-24 05:52:56,796 [INFO] ✅ Processed CNXM
2025-11-24 05:52:56,798 [INFO] ✅ Processed MIK
2025-11-24 05:52:56,809 [INFO] ✅ Processed OPK
2025-11-24 05:52:56,815 [INFO] ✅ Processed MHO
2025-11-24 05:52:56,819 [INFO] ✅ Processed CDC
2025-11-24 05:52:56,826 [INFO] ✅ Processed ETTX
2025-11-24 05:52:56,836 [INFO] ✅ Processed SLT
2025-11-24 05:52:56,843 [INFO] ✅ Processed FDLO
2025-11-24 05:52:56,843 [INFO] ✅ Processed TDY
2025-11-24 05:52:56,845 [INFO] ✅ Processed SATS
2025-11-24 05:52:56,848 [INFO] ✅ Processed DBE
2025-11-24 05:52:56,850 [INFO] ✅ Processed CPAAU
2025-11-24 05:52:56,851 [INFO] ✅ Processed MIRM
2025-11-24 05:52:56,851 [INFO] ✅ Processed TGB
2025-11-24 05:52:56,858 [INFO] ✅ Processed INDB
2025-11-24 05:52:56,858 [INFO] ✅ Processed SDGA
2025-11-24 05:52:56,861 [INFO] ✅ Processed LOMA
2025-11-24 05:52:56,870 [INFO] ✅ Processed FTGC
2025-11-24 05:52:56,870 [INFO] ✅ Processed FARM
2025-11-24 05:52:56,876 [INFO] ✅ Processed FCEF
2025-11-24 05:52:56,885 [INFO] ✅ Processed INKM
2025-11-24 05:52:56,894 [INFO] ✅ Processed THM
2025-11-24 05:52:56,898 [INFO] ✅ Processed DLN
2025-11-24 05:52:56,927 [INFO] ✅ Processed HYB
2025-11-24 05:52:56,931 [INFO] ✅ Processed TU
2025-11-24 05:52:56,936 [INFO] ✅ Processed MFD
2025-11-24 05:52:56,946 [INFO] ✅ Processed DLY
2025-11-24 05:52:56,952 [INFO] ✅ Processed CNTY
2025-11-24 05:52:56,958 [INFO] ✅ Processed CHW
2025-11-24 05:52:56,961 [INFO] ✅ Processed SCAP
2025-11-24 05:52:56,966 [INFO] ✅ Processed ARL
2025-11-24 05:52:56,973 [INFO] ✅ Processed TTAC
2025-11-24 05:52:56,975 [INFO] ✅ Processed HZN
2025-11-24 05:52:56,983 [INFO] ✅ Processed RILYH
2025-11-24 05:52:56,999 [INFO] ✅ Processed CID
2025-11-24 05:52:57,006 [INFO] ✅ Processed TSEM
2025-11-24 05:52:57,011 [INFO] ✅ Processed ASH
2025-11-24 05:52:57,013 [INFO] ✅ Processed OSCV
2025-11-24 05:52:57,019 [INFO] ✅ Processed VRA
2025-11-24 05:52:57,019 [INFO] ✅ Processed EXLS
2025-11-24 05:52:57,029 [INFO] ✅ Processed FUN
2025-11-24 05:52:57,043 [INFO] ✅ Processed SMP
2025-11-24 05:52:57,045 [INFO] ✅ Processed TOWN
2025-11-24 05:52:57,063 [INFO] ✅ Processed VRTV
2025-11-24 05:52:57,070 [INFO] ✅ Processed AFI
2025-11-24 05:52:57,079 [INFO] ✅ Processed VTIQU
2025-11-24 05:52:57,082 [INFO] ✅ Processed FTEK
2025-11-24 05:52:57,095 [INFO] ✅ Processed SCCO
2025-11-24 05:52:57,095 [INFO] ✅ Processed ULBR
2025-11-24 05:52:57,101 [INFO] ✅ Processed AT
2025-11-24 05:52:57,125 [INFO] ✅ Processed SMG
2025-11-24 05:52:57,126 [INFO] ✅ Processed AER
2025-11-24 05:52:57,133 [INFO] ✅ Processed TFIV
2025-11-24 05:52:57,141 [INFO] ✅ Processed APD
2025-11-24 05:52:57,144 [INFO] ✅ Processed WY
2025-11-24 05:52:57,153 [INFO] ✅ Processed OXLCM
2025-11-24 05:52:57,154 [INFO] ✅ Processed KFRC
2025-11-24 05:52:57,157 [INFO] ✅ Processed BMAR
2025-11-24 05:52:57,157 [INFO] ✅ Processed ADUS
2025-11-24 05:52:57,181 [INFO] ✅ Processed FCT
2025-11-24 05:52:57,198 [INFO] ✅ Processed GRMN
2025-11-24 05:52:57,205 [INFO] ✅ Processed TAOP
2025-11-24 05:52:57,209 [INFO] ✅ Processed HMG
2025-11-24 05:52:57,212 [INFO] ✅ Processed AQNA
2025-11-24 05:52:57,221 [INFO] ✅ Processed AEE
2025-11-24 05:52:57,222 [INFO] ✅ Processed MBUU
2025-11-24 05:52:57,222 [INFO] ✅ Processed AC
2025-11-24 05:52:57,225 [INFO] ✅ Processed FBP
2025-11-24 05:52:57,227 [INFO] ✅ Processed PSMB
2025-11-24 05:52:57,230 [INFO] ✅ Processed AGM
2025-11-24 05:52:57,233 [INFO] ✅ Processed SVMK
2025-11-24 05:52:57,235 [INFO] ✅ Processed BSJQ
2025-11-24 05:52:57,237 [INFO] ✅ Processed FDVV
2025-11-24 05:52:57,246 [INFO] ✅ Processed BX
2025-11-24 05:52:57,252 [INFO] ✅ Processed Y
2025-11-24 05:52:57,255 [INFO] ✅ Processed BCOV
2025-11-24 05:52:57,256 [INFO] ✅ Processed HLT
2025-11-24 05:52:57,266 [INFO] ✅ Processed AIQ
2025-11-24 05:52:57,279 [INFO] ✅ Processed AGZ
2025-11-24 05:52:57,279 [INFO] ✅ Processed GRNB
2025-11-24 05:52:57,300 [INFO] ✅ Processed CIGI
2025-11-24 05:52:57,328 [INFO] ✅ Processed SSRM
2025-11-24 05:52:57,330 [INFO] ✅ Processed MNOV
2025-11-24 05:52:57,333 [INFO] ✅ Processed SHIP
2025-11-24 05:52:57,344 [INFO] ✅ Processed LMNX
2025-11-24 05:52:57,344 [INFO] ✅ Processed TRT
2025-11-24 05:52:57,346 [INFO] ✅ Processed NEOG
2025-11-24 05:52:57,347 [INFO] ✅ Processed MLTI
2025-11-24 05:52:57,352 [INFO] ✅ Processed QLV
2025-11-24 05:52:57,357 [INFO] ✅ Processed OII
2025-11-24 05:52:57,363 [INFO] ✅ Processed SWI
2025-11-24 05:52:57,371 [INFO] ✅ Processed SVM
2025-11-24 05:52:57,387 [INFO] ✅ Processed NL
2025-11-24 05:52:57,387 [INFO] ✅ Processed CGEN
2025-11-24 05:52:57,396 [INFO] ✅ Processed GRAM
2025-11-24 05:52:57,401 [INFO] ✅ Processed DTH
2025-11-24 05:52:57,412 [INFO] ✅ Processed MARPS
2025-11-24 05:52:57,416 [INFO] ✅ Processed LOUP
2025-11-24 05:52:57,422 [INFO] ✅ Processed PSCI
2025-11-24 05:52:57,424 [INFO] ✅ Processed FLL
2025-11-24 05:52:57,433 [INFO] ✅ Processed CLVS
2025-11-24 05:52:57,438 [INFO] ✅ Processed IBDO
2025-11-24 05:52:57,442 [INFO] ✅ Processed REGI
2025-11-24 05:52:57,447 [INFO] ✅ Processed AIF
2025-11-24 05:52:57,453 [INFO] ✅ Processed DLTR
2025-11-24 05:52:57,454 [INFO] ✅ Processed EMNT
2025-11-24 05:52:57,457 [INFO] ✅ Processed WORX
2025-11-24 05:52:57,468 [INFO] ✅ Processed FND
2025-11-24 05:52:57,469 [INFO] ✅ Processed KTCC
2025-11-24 05:52:57,475 [INFO] ✅ Processed GKOS
2025-11-24 05:52:57,480 [INFO] ✅ Processed DWAS
2025-11-24 05:52:57,493 [INFO] ✅ Processed CLTL
2025-11-24 05:52:57,501 [INFO] ✅ Processed RUBY
2025-11-24 05:52:57,502 [INFO] ✅ Processed TSG
2025-11-24 05:52:57,514 [INFO] ✅ Processed CRY
2025-11-24 05:52:57,526 [INFO] ✅ Processed TMUS
2025-11-24 05:52:57,530 [INFO] ✅ Processed RFUN
2025-11-24 05:52:57,536 [INFO] ✅ Processed STE
2025-11-24 05:52:57,536 [INFO] ✅ Processed NEWTL
2025-11-24 05:52:57,537 [INFO] ✅ Processed LD
2025-11-24 05:52:57,537 [INFO] ✅ Processed TRC
2025-11-24 05:52:57,545 [INFO] ✅ Processed TRWH
2025-11-24 05:52:57,549 [INFO] ✅ Processed GDP
2025-11-24 05:52:57,551 [INFO] ✅ Processed FIDI
2025-11-24 05:52:57,562 [INFO] ✅ Processed HAS
2025-11-24 05:52:57,573 [INFO] ✅ Processed PEN
2025-11-24 05:52:57,586 [INFO] ✅ Processed KRG
2025-11-24 05:52:57,586 [INFO] ✅ Processed ISHG
2025-11-24 05:52:57,594 [INFO] ✅ Processed FUTU
2025-11-24 05:52:57,596 [INFO] ✅ Processed CPF
2025-11-24 05:52:57,602 [INFO] ✅ Processed NATI
2025-11-24 05:52:57,609 [INFO] ✅ Processed TEUM
2025-11-24 05:52:57,664 [INFO] ✅ Processed GSKY
2025-11-24 05:52:57,664 [INFO] ✅ Processed CTRN
2025-11-24 05:52:57,683 [INFO] ✅ Processed NCMI
2025-11-24 05:52:57,684 [INFO] ✅ Processed KRP
2025-11-24 05:52:57,689 [INFO] ✅ Processed MAIN
2025-11-24 05:52:57,696 [INFO] ✅ Processed SRACU
2025-11-24 05:52:57,699 [INFO] ✅ Processed SNFCA
2025-11-24 05:52:57,709 [INFO] ✅ Processed NLR
2025-11-24 05:52:57,716 [INFO] ✅ Processed WTFCM
2025-11-24 05:52:57,724 [INFO] ✅ Processed PGF
2025-11-24 05:52:57,726 [INFO] ✅ Processed APHA
2025-11-24 05:52:57,730 [INFO] ✅ Processed CCRC
2025-11-24 05:52:57,732 [INFO] ✅ Processed IJT
2025-11-24 05:52:57,734 [INFO] ✅ Processed SRVR
2025-11-24 05:52:57,739 [INFO] ✅ Processed PEY
2025-11-24 05:52:57,746 [INFO] ✅ Processed GEC
2025-11-24 05:52:57,750 [INFO] ✅ Processed GXTG
2025-11-24 05:52:57,751 [INFO] ✅ Processed HIFS
2025-11-24 05:52:57,753 [INFO] ✅ Processed JHMF
2025-11-24 05:52:57,757 [INFO] ✅ Processed NTCO
2025-11-24 05:52:57,763 [INFO] ✅ Processed SINT
2025-11-24 05:52:57,768 [INFO] ✅ Processed LITE
2025-11-24 05:52:57,778 [INFO] ✅ Processed UUP
2025-11-24 05:52:57,791 [INFO] ✅ Processed SIMO
2025-11-24 05:52:57,792 [INFO] ✅ Processed RRR
2025-11-24 05:52:57,796 [INFO] ✅ Processed TPCO
2025-11-24 05:52:57,834 [INFO] ✅ Processed TEVA
2025-11-24 05:52:57,840 [INFO] ✅ Processed ERH
2025-11-24 05:52:57,844 [INFO] ✅ Processed IGD
2025-11-24 05:52:57,853 [INFO] ✅ Processed MFAC
2025-11-24 05:52:57,857 [INFO] ✅ Processed RQI
2025-11-24 05:52:57,876 [INFO] ✅ Processed RPM
2025-11-24 05:52:57,883 [INFO] ✅ Processed PHI
2025-11-24 05:52:57,887 [INFO] ✅ Processed WMT
2025-11-24 05:52:57,888 [INFO] ✅ Processed MDYG
2025-11-24 05:52:57,890 [INFO] ✅ Processed NBY
2025-11-24 05:52:57,891 [INFO] ✅ Processed PIM
2025-11-24 05:52:57,897 [INFO] ✅ Processed SGBX
2025-11-24 05:52:57,901 [INFO] ✅ Processed FLTW
2025-11-24 05:52:57,913 [INFO] ✅ Processed NTAP
2025-11-24 05:52:57,919 [INFO] ✅ Processed SILK
2025-11-24 05:52:57,926 [INFO] ✅ Processed BBEU
2025-11-24 05:52:57,930 [INFO] ✅ Processed HYND
2025-11-24 05:52:57,932 [INFO] ✅ Processed BLIN
2025-11-24 05:52:57,939 [INFO] ✅ Processed EQS
2025-11-24 05:52:57,947 [INFO] ✅ Processed WMC
2025-11-24 05:52:57,947 [INFO] ✅ Processed NOVN
2025-11-24 05:52:57,948 [INFO] ✅ Processed BTN
2025-11-24 05:52:57,955 [INFO] ✅ Processed AKRX
2025-11-24 05:52:57,960 [INFO] ✅ Processed ISDS
2025-11-24 05:52:57,962 [INFO] ✅ Processed DMRE
2025-11-24 05:52:57,963 [INFO] ✅ Processed MHNC
2025-11-24 05:52:57,969 [INFO] ✅ Processed AKRO
2025-11-24 05:52:57,976 [INFO] ✅ Processed BWB
2025-11-24 05:52:57,991 [INFO] ✅ Processed USCR
2025-11-24 05:52:57,995 [INFO] ✅ Processed PIZ
2025-11-24 05:52:58,009 [INFO] ✅ Processed HIHO
2025-11-24 05:52:58,016 [INFO] ✅ Processed OGEN
2025-11-24 05:52:58,019 [INFO] ✅ Processed LXU
2025-11-24 05:52:58,027 [INFO] ✅ Processed PKE
2025-11-24 05:52:58,042 [INFO] ✅ Processed IVOG
2025-11-24 05:52:58,048 [INFO] ✅ Processed BNFT
2025-11-24 05:52:58,054 [INFO] ✅ Processed SELF
2025-11-24 05:52:58,058 [INFO] ✅ Processed PPIH
2025-11-24 05:52:58,059 [INFO] ✅ Processed NBN
2025-11-24 05:52:58,088 [INFO] ✅ Processed RGS
2025-11-24 05:52:58,091 [INFO] ✅ Processed CARV
2025-11-24 05:52:58,096 [INFO] ✅ Processed IRR
2025-11-24 05:52:58,101 [INFO] ✅ Processed EEV
2025-11-24 05:52:58,102 [INFO] ✅ Processed MDLQ
2025-11-24 05:52:58,103 [INFO] ✅ Processed GALT
2025-11-24 05:52:58,106 [INFO] ✅ Processed PESI
2025-11-24 05:52:58,119 [INFO] ✅ Processed PRPH
2025-11-24 05:52:58,129 [INFO] ✅ Processed BBC
2025-11-24 05:52:58,141 [INFO] ✅ Processed PLXP
2025-11-24 05:52:58,153 [INFO] ✅ Processed CARA
2025-11-24 05:52:58,164 [INFO] ✅ Processed JMEI
2025-11-24 05:52:58,172 [INFO] ✅ Processed LGND
2025-11-24 05:52:58,173 [INFO] ✅ Processed PNBK
2025-11-24 05:52:58,185 [INFO] ✅ Processed KIM
2025-11-24 05:52:58,191 [INFO] ✅ Processed KKR
2025-11-24 05:52:58,197 [INFO] ✅ Processed IQI
2025-11-24 05:52:58,200 [INFO] ✅ Processed TPVY
2025-11-24 05:52:58,204 [INFO] ✅ Processed EFZ
2025-11-24 05:52:58,205 [INFO] ✅ Processed LMT
2025-11-24 05:52:58,217 [INFO] ✅ Processed NOMD
2025-11-24 05:52:58,226 [INFO] ✅ Processed LPLA
2025-11-24 05:52:58,235 [INFO] ✅ Processed CSBR
2025-11-24 05:52:58,236 [INFO] ✅ Processed UFAB
2025-11-24 05:52:58,241 [INFO] ✅ Processed PST
2025-11-24 05:52:58,243 [INFO] ✅ Processed BAX
2025-11-24 05:52:58,254 [INFO] ✅ Processed MMIT
2025-11-24 05:52:58,255 [INFO] ✅ Processed EEA
2025-11-24 05:52:58,258 [INFO] ✅ Processed ARES
2025-11-24 05:52:58,262 [INFO] ✅ Processed IMTM
2025-11-24 05:52:58,267 [INFO] ✅ Processed SIVR
2025-11-24 05:52:58,272 [INFO] ✅ Processed ABMD
2025-11-24 05:52:58,275 [INFO] ✅ Processed SKOR
2025-11-24 05:52:58,277 [INFO] ✅ Processed SITM
2025-11-24 05:52:58,278 [INFO] ✅ Processed IQDF
2025-11-24 05:52:58,283 [INFO] ✅ Processed IHIT
2025-11-24 05:52:58,295 [INFO] ✅ Processed KEN
2025-11-24 05:52:58,300 [INFO] ✅ Processed KEY
2025-11-24 05:52:58,301 [INFO] ✅ Processed LPCN
2025-11-24 05:52:58,307 [INFO] ✅ Processed IFFT
2025-11-24 05:52:58,313 [INFO] ✅ Processed PPX
2025-11-24 05:52:58,316 [INFO] ✅ Processed GSY
2025-11-24 05:52:58,321 [INFO] ✅ Processed PSC
2025-11-24 05:52:58,321 [INFO] ✅ Processed BNKD
2025-11-24 05:52:58,328 [INFO] ✅ Processed UNM
2025-11-24 05:52:58,329 [INFO] ✅ Processed FLMB
2025-11-24 05:52:58,335 [INFO] ✅ Processed MCFT
2025-11-24 05:52:58,338 [INFO] ✅ Processed SPXL
2025-11-24 05:52:58,343 [INFO] ✅ Processed ALLO
2025-11-24 05:52:58,347 [INFO] ✅ Processed RIO
2025-11-24 05:52:58,348 [INFO] ✅ Processed CORN
2025-11-24 05:52:58,350 [INFO] ✅ Processed IVAL
2025-11-24 05:52:58,364 [INFO] ✅ Processed SPXN
2025-11-24 05:52:58,364 [INFO] ✅ Processed ULE
2025-11-24 05:52:58,370 [INFO] ✅ Processed KEYS
2025-11-24 05:52:58,371 [INFO] ✅ Processed TECB
2025-11-24 05:52:58,374 [INFO] ✅ Processed BPYPN
2025-11-24 05:52:58,374 [INFO] ✅ Processed RADA
2025-11-24 05:52:58,383 [INFO] ✅ Processed ROKT
2025-11-24 05:52:58,390 [INFO] ✅ Processed CDMOP
2025-11-24 05:52:58,391 [INFO] ✅ Processed UMC
2025-11-24 05:52:58,426 [INFO] ✅ Processed QDEL
2025-11-24 05:52:58,429 [INFO] ✅ Processed RJA
2025-11-24 05:52:58,434 [INFO] ✅ Processed LILA
2025-11-24 05:52:58,435 [INFO] ✅ Processed GSL
2025-11-24 05:52:58,445 [INFO] ✅ Processed PPDM
2025-11-24 05:52:58,450 [INFO] ✅ Processed ALOT
2025-11-24 05:52:58,451 [INFO] ✅ Processed BMY
2025-11-24 05:52:58,455 [INFO] ✅ Processed SYRS
2025-11-24 05:52:58,455 [INFO] ✅ Processed PSV
2025-11-24 05:52:58,457 [INFO] ✅ Processed WYNN
2025-11-24 05:52:58,472 [INFO] ✅ Processed PSA
2025-11-24 05:52:58,489 [INFO] ✅ Processed CHUY
2025-11-24 05:52:58,497 [INFO] ✅ Processed CXSE
2025-11-24 05:52:58,501 [INFO] ✅ Processed NYF
2025-11-24 05:52:58,502 [INFO] ✅ Processed UTSL
2025-11-24 05:52:58,504 [INFO] ✅ Processed RHI
2025-11-24 05:52:58,512 [INFO] ✅ Processed XDIV
2025-11-24 05:52:58,523 [INFO] ✅ Processed SEAC
2025-11-24 05:52:58,526 [INFO] ✅ Processed KIO
2025-11-24 05:52:58,527 [INFO] ✅ Processed DFVS
2025-11-24 05:52:58,528 [INFO] ✅ Processed EURZ
2025-11-24 05:52:58,530 [INFO] ✅ Processed LBY
2025-11-24 05:52:58,536 [INFO] ✅ Processed LSXMB
2025-11-24 05:52:58,539 [INFO] ✅ Processed TRMD
2025-11-24 05:52:58,540 [INFO] ✅ Processed MFUS
2025-11-24 05:52:58,545 [INFO] ✅ Processed WTT
2025-11-24 05:52:58,546 [INFO] ✅ Processed SPTM
2025-11-24 05:52:58,554 [INFO] ✅ Processed JSMD
2025-11-24 05:52:58,556 [INFO] ✅ Processed IPO
2025-11-24 05:52:58,561 [INFO] ✅ Processed PLYA
2025-11-24 05:52:58,563 [INFO] ✅ Processed GAMR
2025-11-24 05:52:58,570 [INFO] ✅ Processed DCHF
2025-11-24 05:52:58,571 [INFO] ✅ Processed NAOV
2025-11-24 05:52:58,594 [INFO] ✅ Processed FLAT
2025-11-24 05:52:58,597 [INFO] ✅ Processed HGSH
2025-11-24 05:52:58,599 [INFO] ✅ Processed BICK
2025-11-24 05:52:58,602 [INFO] ✅ Processed OBLG
2025-11-24 05:52:58,605 [INFO] ✅ Processed EFO
2025-11-24 05:52:58,606 [INFO] ✅ Processed TLGT
2025-11-24 05:52:58,614 [INFO] ✅ Processed BCE
2025-11-24 05:52:58,622 [INFO] ✅ Processed BAM
2025-11-24 05:52:58,623 [INFO] ✅ Processed NANR
2025-11-24 05:52:58,623 [INFO] ✅ Processed FUMB
2025-11-24 05:52:58,634 [INFO] ✅ Processed EET
2025-11-24 05:52:58,649 [INFO] ✅ Processed GDDY
2025-11-24 05:52:58,649 [INFO] ✅ Processed TYHT
2025-11-24 05:52:58,653 [INFO] ✅ Processed EFX
2025-11-24 05:52:58,658 [INFO] ✅ Processed ARYAU
2025-11-24 05:52:58,667 [INFO] ✅ Processed JHMS
2025-11-24 05:52:58,677 [INFO] ✅ Processed FBNC
2025-11-24 05:52:58,685 [INFO] ✅ Processed PKG
2025-11-24 05:52:58,699 [INFO] ✅ Processed FLTB
2025-11-24 05:52:58,707 [INFO] ✅ Processed SINA
2025-11-24 05:52:58,715 [INFO] ✅ Processed VOLT
2025-11-24 05:52:58,737 [INFO] ✅ Processed GIB
2025-11-24 05:52:58,738 [INFO] ✅ Processed COHU
2025-11-24 05:52:58,746 [INFO] ✅ Processed PHK
2025-11-24 05:52:58,746 [INFO] ✅ Processed RUSHB
2025-11-24 05:52:58,749 [INFO] ✅ Processed JHMD
2025-11-24 05:52:58,749 [INFO] ✅ Processed NUE
2025-11-24 05:52:58,755 [INFO] ✅ Processed IDEX
2025-11-24 05:52:58,758 [INFO] ✅ Processed NBL
2025-11-24 05:52:58,759 [INFO] ✅ Processed RST
2025-11-24 05:52:58,761 [INFO] ✅ Processed LIVX
2025-11-24 05:52:58,766 [INFO] ✅ Processed KNSL
2025-11-24 05:52:58,767 [INFO] ✅ Processed PRDO
2025-11-24 05:52:58,778 [INFO] ✅ Processed EPU
2025-11-24 05:52:58,783 [INFO] ✅ Processed UWM
2025-11-24 05:52:58,784 [INFO] ✅ Processed IXUS
2025-11-24 05:52:58,789 [INFO] ✅ Processed LEND
2025-11-24 05:52:58,795 [INFO] ✅ Processed IGF
2025-11-24 05:52:58,798 [INFO] ✅ Processed ROSE
2025-11-24 05:52:58,805 [INFO] ✅ Processed CDXS
2025-11-24 05:52:58,807 [INFO] ✅ Processed NCBS
2025-11-24 05:52:58,807 [INFO] ✅ Processed CHCT
2025-11-24 05:52:58,813 [INFO] ✅ Processed PIO
2025-11-24 05:52:58,817 [INFO] ✅ Processed ORSN
2025-11-24 05:52:58,827 [INFO] ✅ Processed TNDM
2025-11-24 05:52:58,830 [INFO] ✅ Processed ERJ
2025-11-24 05:52:58,843 [INFO] ✅ Processed AIEQ
2025-11-24 05:52:58,855 [INFO] ✅ Processed SPLK
2025-11-24 05:52:58,855 [INFO] ✅ Processed SPMO
2025-11-24 05:52:58,861 [INFO] ✅ Processed RCKY
2025-11-24 05:52:58,865 [INFO] ✅ Processed NOK
2025-11-24 05:52:58,867 [INFO] ✅ Processed EEMD
2025-11-24 05:52:58,871 [INFO] ✅ Processed NMCO
2025-11-24 05:52:58,874 [INFO] ✅ Processed IIM
2025-11-24 05:52:58,886 [INFO] ✅ Processed PJT
2025-11-24 05:52:58,886 [INFO] ✅ Processed SUPV
2025-11-24 05:52:58,891 [INFO] ✅ Processed ARQT
2025-11-24 05:52:58,897 [INFO] ✅ Processed WAB
2025-11-24 05:52:58,906 [INFO] ✅ Processed IHI
2025-11-24 05:52:58,909 [INFO] ✅ Processed PLAG
2025-11-24 05:52:58,914 [INFO] ✅ Processed KRE
2025-11-24 05:52:58,918 [INFO] ✅ Processed NMT
2025-11-24 05:52:58,920 [INFO] ✅ Processed EEMS
2025-11-24 05:52:58,922 [INFO] ✅ Processed IAUF
2025-11-24 05:52:58,933 [INFO] ✅ Processed DOGS
2025-11-24 05:52:58,937 [INFO] ✅ Processed KSA
2025-11-24 05:52:58,938 [INFO] ✅ Processed ICMB
2025-11-24 05:52:58,944 [INFO] ✅ Processed TRVN
2025-11-24 05:52:58,945 [INFO] ✅ Processed DYNF
2025-11-24 05:52:58,948 [INFO] ✅ Processed CTSH
2025-11-24 05:52:58,959 [INFO] ✅ Processed FLY
2025-11-24 05:52:58,960 [INFO] ✅ Processed CODA
2025-11-24 05:52:58,961 [INFO] ✅ Processed AMRK
2025-11-24 05:52:58,964 [INFO] ✅ Processed JPGE
2025-11-24 05:52:58,971 [INFO] ✅ Processed HMST
2025-11-24 05:52:58,971 [INFO] ✅ Processed QLC
2025-11-24 05:52:58,977 [INFO] ✅ Processed STG
2025-11-24 05:52:58,982 [INFO] ✅ Processed TSE
2025-11-24 05:52:58,987 [INFO] ✅ Processed SONG
2025-11-24 05:52:58,991 [INFO] ✅ Processed LTC
2025-11-24 05:52:58,998 [INFO] ✅ Processed OFS
2025-11-24 05:52:59,000 [INFO] ✅ Processed DTJ
2025-11-24 05:52:59,001 [INFO] ✅ Processed JYNT
2025-11-24 05:52:59,002 [INFO] ✅ Processed IBDM
2025-11-24 05:52:59,006 [INFO] ✅ Processed SOLO
2025-11-24 05:52:59,011 [INFO] ✅ Processed CNNB
2025-11-24 05:52:59,026 [INFO] ✅ Processed REET
2025-11-24 05:52:59,027 [INFO] ✅ Processed CWBC
2025-11-24 05:52:59,031 [INFO] ✅ Processed AZPN
2025-11-24 05:52:59,036 [INFO] ✅ Processed FNF
2025-11-24 05:52:59,039 [INFO] ✅ Processed FLN
2025-11-24 05:52:59,042 [INFO] ✅ Processed MNLO
2025-11-24 05:52:59,045 [INFO] ✅ Processed NEBU
2025-11-24 05:52:59,054 [INFO] ✅ Processed JPEM
2025-11-24 05:52:59,056 [INFO] ✅ Processed NRBO
2025-11-24 05:52:59,068 [INFO] ✅ Processed NUEM
2025-11-24 05:52:59,078 [INFO] ✅ Processed WSBF
2025-11-24 05:52:59,082 [INFO] ✅ Processed SWK
2025-11-24 05:52:59,083 [INFO] ✅ Processed CRL
2025-11-24 05:52:59,088 [INFO] ✅ Processed CPS
2025-11-24 05:52:59,092 [INFO] ✅ Processed WCHN
2025-11-24 05:52:59,117 [INFO] ✅ Processed FCA
2025-11-24 05:52:59,125 [INFO] ✅ Processed MKSI
2025-11-24 05:52:59,132 [INFO] ✅ Processed CGIX
2025-11-24 05:52:59,136 [INFO] ✅ Processed MU
2025-11-24 05:52:59,148 [INFO] ✅ Processed INSI
2025-11-24 05:52:59,170 [INFO] ✅ Processed VFF
2025-11-24 05:52:59,182 [INFO] ✅ Processed TRV
2025-11-24 05:52:59,183 [INFO] ✅ Processed SCVL
2025-11-24 05:52:59,194 [INFO] ✅ Processed CNCR
2025-11-24 05:52:59,214 [INFO] ✅ Processed HNI
2025-11-24 05:52:59,215 [INFO] ✅ Processed IPWR
2025-11-24 05:52:59,220 [INFO] ✅ Processed LCNB
2025-11-24 05:52:59,231 [INFO] ✅ Processed OVID
2025-11-24 05:52:59,233 [INFO] ✅ Processed AEG
2025-11-24 05:52:59,233 [INFO] ✅ Processed OXFD
2025-11-24 05:52:59,239 [INFO] ✅ Processed PSNL
2025-11-24 05:52:59,241 [INFO] ✅ Processed L
2025-11-24 05:52:59,242 [INFO] ✅ Processed AGX
2025-11-24 05:52:59,256 [INFO] ✅ Processed ADC
2025-11-24 05:52:59,268 [INFO] ✅ Processed SFHY
2025-11-24 05:52:59,270 [INFO] ✅ Processed EMAN
2025-11-24 05:52:59,273 [INFO] ✅ Processed MSG
2025-11-24 05:52:59,276 [INFO] ✅ Processed VTIQW
2025-11-24 05:52:59,281 [INFO] ✅ Processed EMCF
2025-11-24 05:52:59,282 [INFO] ✅ Processed LATN
2025-11-24 05:52:59,286 [INFO] ✅ Processed DYAI
2025-11-24 05:52:59,289 [INFO] ✅ Processed AA
2025-11-24 05:52:59,293 [INFO] ✅ Processed XHB
2025-11-24 05:52:59,298 [INFO] ✅ Processed FTSD
2025-11-24 05:52:59,304 [INFO] ✅ Processed ADT
2025-11-24 05:52:59,308 [INFO] ✅ Processed CNCE
2025-11-24 05:52:59,316 [INFO] ✅ Processed AFK
2025-11-24 05:52:59,334 [INFO] ✅ Processed MRC
2025-11-24 05:52:59,336 [INFO] ✅ Processed PTIN
2025-11-24 05:52:59,336 [INFO] ✅ Processed ACRS
2025-11-24 05:52:59,340 [INFO] ✅ Processed JPIN
2025-11-24 05:52:59,344 [INFO] ✅ Processed AGO
2025-11-24 05:52:59,376 [INFO] ✅ Processed AQB
2025-11-24 05:52:59,385 [INFO] ✅ Processed OXLCO
2025-11-24 05:52:59,385 [INFO] ✅ Processed AEP
2025-11-24 05:52:59,401 [INFO] ✅ Processed MIDU
2025-11-24 05:52:59,416 [INFO] ✅ Processed PDLI
2025-11-24 05:52:59,427 [INFO] ✅ Processed MGU
2025-11-24 05:52:59,428 [INFO] ✅ Processed VNQI
2025-11-24 05:52:59,439 [INFO] ✅ Processed CI
2025-11-24 05:52:59,448 [INFO] ✅ Processed RNMC
2025-11-24 05:52:59,450 [INFO] ✅ Processed CIF
2025-11-24 05:52:59,453 [INFO] ✅ Processed DOW
2025-11-24 05:52:59,455 [INFO] ✅ Processed VRT
2025-11-24 05:52:59,459 [INFO] ✅ Processed CUBA
2025-11-24 05:52:59,460 [INFO] ✅ Processed ATRI
2025-11-24 05:52:59,464 [INFO] ✅ Processed TKC
2025-11-24 05:52:59,467 [INFO] ✅ Processed LQDH
2025-11-24 05:52:59,469 [INFO] ✅ Processed QVM
2025-11-24 05:52:59,474 [INFO] ✅ Processed TW
2025-11-24 05:52:59,483 [INFO] ✅ Processed MDY
2025-11-24 05:52:59,498 [INFO] ✅ Processed SLV
2025-11-24 05:52:59,503 [INFO] ✅ Processed WHLM
2025-11-24 05:52:59,514 [INFO] ✅ Processed OPI
2025-11-24 05:52:59,516 [INFO] ✅ Processed NICK
2025-11-24 05:52:59,523 [INFO] ✅ Processed CHU
2025-11-24 05:52:59,537 [INFO] ✅ Processed THO
2025-11-24 05:52:59,539 [INFO] ✅ Processed CEE
2025-11-24 05:52:59,539 [INFO] ✅ Processed KALV
2025-11-24 05:52:59,545 [INFO] ✅ Processed PHAT
2025-11-24 05:52:59,550 [INFO] ✅ Processed STOT
2025-11-24 05:52:59,553 [INFO] ✅ Processed JNK
2025-11-24 05:52:59,557 [INFO] ✅ Processed JMP
2025-11-24 05:52:59,561 [INFO] ✅ Processed RYAM
2025-11-24 05:52:59,567 [INFO] ✅ Processed FFTI
2025-11-24 05:52:59,578 [INFO] ✅ Processed BANR
2025-11-24 05:52:59,586 [INFO] ✅ Processed XENE
2025-11-24 05:52:59,593 [INFO] ✅ Processed FYX
2025-11-24 05:52:59,596 [INFO] ✅ Processed ASNA
2025-11-24 05:52:59,596 [INFO] ✅ Processed FUL
2025-11-24 05:52:59,602 [INFO] ✅ Processed FSMD
2025-11-24 05:52:59,608 [INFO] ✅ Processed SVVC
2025-11-24 05:52:59,608 [INFO] ✅ Processed SAF
2025-11-24 05:52:59,610 [INFO] ✅ Processed KALA
2025-11-24 05:52:59,617 [INFO] ✅ Processed SCON
2025-11-24 05:52:59,620 [INFO] ✅ Processed LSST
2025-11-24 05:52:59,630 [INFO] ✅ Processed TDIV
2025-11-24 05:52:59,639 [INFO] ✅ Processed FARO
2025-11-24 05:52:59,649 [INFO] ✅ Processed RYCE
2025-11-24 05:52:59,650 [INFO] ✅ Processed RESN
2025-11-24 05:52:59,652 [INFO] ✅ Processed IGLB
2025-11-24 05:52:59,657 [INFO] ✅ Processed MBNKP
2025-11-24 05:52:59,657 [INFO] ✅ Processed STNG
2025-11-24 05:52:59,661 [INFO] ✅ Processed DBP
2025-11-24 05:52:59,661 [INFO] ✅ Processed ACIO
2025-11-24 05:52:59,662 [INFO] ✅ Processed XT
2025-11-24 05:52:59,682 [INFO] ✅ Processed BDRY
2025-11-24 05:52:59,693 [INFO] ✅ Processed CDW
2025-11-24 05:52:59,697 [INFO] ✅ Processed BAND
2025-11-24 05:52:59,700 [INFO] ✅ Processed NEWT
2025-11-24 05:52:59,712 [INFO] ✅ Processed ORA
2025-11-24 05:52:59,720 [INFO] ✅ Processed RWLS
2025-11-24 05:52:59,724 [INFO] ✅ Processed JMF
2025-11-24 05:52:59,729 [INFO] ✅ Processed TFSL
2025-11-24 05:52:59,735 [INFO] ✅ Processed NURE
2025-11-24 05:52:59,736 [INFO] ✅ Processed ASML
2025-11-24 05:52:59,739 [INFO] ✅ Processed SAP
2025-11-24 05:52:59,743 [INFO] ✅ Processed INFI
2025-11-24 05:52:59,743 [INFO] ✅ Processed TEI
2025-11-24 05:52:59,746 [INFO] ✅ Processed CBMB
2025-11-24 05:52:59,749 [INFO] ✅ Processed CPRI
2025-11-24 05:52:59,750 [INFO] ✅ Processed SCO
2025-11-24 05:52:59,751 [INFO] ✅ Processed OSS
2025-11-24 05:52:59,771 [INFO] ✅ Processed GRTX
2025-11-24 05:52:59,774 [INFO] ✅ Processed XRLV
2025-11-24 05:52:59,780 [INFO] ✅ Processed ADMA
2025-11-24 05:52:59,782 [INFO] ✅ Processed INDA
2025-11-24 05:52:59,795 [INFO] ✅ Processed CNXN
2025-11-24 05:52:59,801 [INFO] ✅ Processed NUSA
2025-11-24 05:52:59,804 [INFO] ✅ Processed LQDI
2025-11-24 05:52:59,807 [INFO] ✅ Processed ACEL
2025-11-24 05:52:59,810 [INFO] ✅ Processed FJNK
2025-11-24 05:52:59,817 [INFO] ✅ Processed HFWA
2025-11-24 05:52:59,825 [INFO] ✅ Processed BZUN
2025-11-24 05:52:59,827 [INFO] ✅ Processed TSCBP
2025-11-24 05:52:59,828 [INFO] ✅ Processed TGA
2025-11-24 05:52:59,844 [INFO] ✅ Processed LABU
2025-11-24 05:52:59,854 [INFO] ✅ Processed SCX
2025-11-24 05:52:59,855 [INFO] ✅ Processed DNR
2025-11-24 05:52:59,863 [INFO] ✅ Processed TOTA
2025-11-24 05:52:59,864 [INFO] ✅ Processed LACQ
2025-11-24 05:52:59,869 [INFO] ✅ Processed MGPI
2025-11-24 05:52:59,886 [INFO] ✅ Processed DEEF
2025-11-24 05:52:59,892 [INFO] ✅ Processed QTS
2025-11-24 05:52:59,893 [INFO] ✅ Processed MFG
2025-11-24 05:52:59,895 [INFO] ✅ Processed CHT
2025-11-24 05:52:59,900 [INFO] ✅ Processed MGC
2025-11-24 05:52:59,902 [INFO] ✅ Processed TV
2025-11-24 05:52:59,956 [INFO] ✅ Processed JNJ
2025-11-24 05:52:59,960 [INFO] ✅ Processed EMTY
2025-11-24 05:52:59,975 [INFO] ✅ Processed SMLL
2025-11-24 05:52:59,982 [INFO] ✅ Processed TOUR
2025-11-24 05:52:59,987 [INFO] ✅ Processed AOSL
2025-11-24 05:52:59,988 [INFO] ✅ Processed SOL
2025-11-24 05:52:59,988 [INFO] ✅ Processed WM
2025-11-24 05:52:59,997 [INFO] ✅ Processed MLND
2025-11-24 05:52:59,998 [INFO] ✅ Processed TA
2025-11-24 05:53:00,000 [INFO] ✅ Processed HTFA
2025-11-24 05:53:00,011 [INFO] ✅ Processed UE
2025-11-24 05:53:00,013 [INFO] ✅ Processed Z
2025-11-24 05:53:00,015 [INFO] ✅ Processed IGBH
2025-11-24 05:53:00,024 [INFO] ✅ Processed NEOS
2025-11-24 05:53:00,025 [INFO] ✅ Processed FTI
2025-11-24 05:53:00,036 [INFO] ✅ Processed TCTL
2025-11-24 05:53:00,042 [INFO] ✅ Processed GRNV
2025-11-24 05:53:00,044 [INFO] ✅ Processed CKX
2025-11-24 05:53:00,054 [INFO] ✅ Processed DOV
2025-11-24 05:53:00,055 [INFO] ✅ Processed VGT
2025-11-24 05:53:00,056 [INFO] ✅ Processed CIG
2025-11-24 05:53:00,067 [INFO] ✅ Processed IEME
2025-11-24 05:53:00,076 [INFO] ✅ Processed EMCG
2025-11-24 05:53:00,076 [INFO] ✅ Processed SYV
2025-11-24 05:53:00,077 [INFO] ✅ Processed STWD
2025-11-24 05:53:00,085 [INFO] ✅ Processed JTD
2025-11-24 05:53:00,090 [INFO] ✅ Processed BL
2025-11-24 05:53:00,096 [INFO] ✅ Processed AFLG
2025-11-24 05:53:00,102 [INFO] ✅ Processed AGN
2025-11-24 05:53:00,103 [INFO] ✅ Processed BSJR
2025-11-24 05:53:00,109 [INFO] ✅ Processed MERC
2025-11-24 05:53:00,119 [INFO] ✅ Processed MQY
2025-11-24 05:53:00,120 [INFO] ✅ Processed VRTU
2025-11-24 05:53:00,127 [INFO] ✅ Processed VIAC
2025-11-24 05:53:00,127 [INFO] ✅ Processed ETNB
2025-11-24 05:53:00,135 [INFO] ✅ Processed ACRE
2025-11-24 05:53:00,136 [INFO] ✅ Processed AFMC
2025-11-24 05:53:00,144 [INFO] ✅ Processed AQNB
2025-11-24 05:53:00,145 [INFO] ✅ Processed RBNC
2025-11-24 05:53:00,155 [INFO] ✅ Processed M
2025-11-24 05:53:00,157 [INFO] ✅ Processed PHYS
2025-11-24 05:53:00,163 [INFO] ✅ Processed IBKC
2025-11-24 05:53:00,173 [INFO] ✅ Processed EDEN
2025-11-24 05:53:00,177 [INFO] ✅ Processed TPH
2025-11-24 05:53:00,180 [INFO] ✅ Processed NBEV
2025-11-24 05:53:00,185 [INFO] ✅ Processed LMAT
2025-11-24 05:53:00,188 [INFO] ✅ Processed OSTK
2025-11-24 05:53:00,190 [INFO] ✅ Processed SOLN
2025-11-24 05:53:00,197 [INFO] ✅ Processed NWPX
2025-11-24 05:53:00,202 [INFO] ✅ Processed FMK
2025-11-24 05:53:00,208 [INFO] ✅ Processed AEF
2025-11-24 05:53:00,222 [INFO] ✅ Processed DUO
2025-11-24 05:53:00,233 [INFO] ✅ Processed CRM
2025-11-24 05:53:00,249 [INFO] ✅ Processed MT
2025-11-24 05:53:00,253 [INFO] ✅ Processed CYCCP
2025-11-24 05:53:00,256 [INFO] ✅ Processed XES
2025-11-24 05:53:00,265 [INFO] ✅ Processed RYTM
2025-11-24 05:53:00,265 [INFO] ✅ Processed WTER
2025-11-24 05:53:00,270 [INFO] ✅ Processed URGN
2025-11-24 05:53:00,273 [INFO] ✅ Processed SOLY
2025-11-24 05:53:00,279 [INFO] ✅ Processed CLWT
2025-11-24 05:53:00,281 [INFO] ✅ Processed SUB
2025-11-24 05:53:00,285 [INFO] ✅ Processed AIR
2025-11-24 05:53:00,290 [INFO] ✅ Processed FLO
2025-11-24 05:53:00,293 [INFO] ✅ Processed PDBC
2025-11-24 05:53:00,301 [INFO] ✅ Processed MC
2025-11-24 05:53:00,302 [INFO] ✅ Processed PLCY
2025-11-24 05:53:00,302 [INFO] ✅ Processed CTRM
2025-11-24 05:53:00,303 [INFO] ✅ Processed LMNL
2025-11-24 05:53:00,303 [INFO] ✅ Processed CPE
2025-11-24 05:53:00,307 [INFO] ✅ Processed IBDL
2025-11-24 05:53:00,310 [INFO] ✅ Processed HAP
2025-11-24 05:53:00,310 [INFO] ✅ Processed HERO
2025-11-24 05:53:00,314 [INFO] ✅ Processed PUMP
2025-11-24 05:53:00,329 [INFO] ✅ Processed GFL
2025-11-24 05:53:00,343 [INFO] ✅ Processed SNDR
2025-11-24 05:53:00,347 [INFO] ✅ Processed PDI
2025-11-24 05:53:00,351 [INFO] ✅ Processed FDUSG
2025-11-24 05:53:00,359 [INFO] ✅ Processed ONCS
2025-11-24 05:53:00,362 [INFO] ✅ Processed GDS
2025-11-24 05:53:00,372 [INFO] ✅ Processed NX
2025-11-24 05:53:00,383 [INFO] ✅ Processed ELGX
2025-11-24 05:53:00,385 [INFO] ✅ Processed EELV
2025-11-24 05:53:00,393 [INFO] ✅ Processed BZQ
2025-11-24 05:53:00,402 [INFO] ✅ Processed USNA
2025-11-24 05:53:00,413 [INFO] ✅ Processed PGR
2025-11-24 05:53:00,421 [INFO] ✅ Processed NNY
2025-11-24 05:53:00,424 [INFO] ✅ Processed QFIN
2025-11-24 05:53:00,430 [INFO] ✅ Processed SRTY
2025-11-24 05:53:00,433 [INFO] ✅ Processed SUSL
2025-11-24 05:53:00,448 [INFO] ✅ Processed GSIE
2025-11-24 05:53:00,452 [INFO] ✅ Processed WAT
2025-11-24 05:53:00,453 [INFO] ✅ Processed MTSL
2025-11-24 05:53:00,459 [INFO] ✅ Processed RARX
2025-11-24 05:53:00,465 [INFO] ✅ Processed SNDE
2025-11-24 05:53:00,470 [INFO] ✅ Processed NNN
2025-11-24 05:53:00,474 [INFO] ✅ Processed TPLC
2025-11-24 05:53:00,483 [INFO] ✅ Processed SWKH
2025-11-24 05:53:00,483 [INFO] ✅ Processed TANNI
2025-11-24 05:53:00,486 [INFO] ✅ Processed NAVB
2025-11-24 05:53:00,490 [INFO] ✅ Processed EUDV
2025-11-24 05:53:00,491 [INFO] ✅ Processed PEZ
2025-11-24 05:53:00,491 [INFO] ✅ Processed UYG
2025-11-24 05:53:00,500 [INFO] ✅ Processed CFBI
2025-11-24 05:53:00,502 [INFO] ✅ Processed WUBA
2025-11-24 05:53:00,512 [INFO] ✅ Processed AGFS
2025-11-24 05:53:00,516 [INFO] ✅ Processed SPCE
2025-11-24 05:53:00,523 [INFO] ✅ Processed IMOS
2025-11-24 05:53:00,523 [INFO] ✅ Processed IMAX
2025-11-24 05:53:00,529 [INFO] ✅ Processed GJO
2025-11-24 05:53:00,531 [INFO] ✅ Processed PIN
2025-11-24 05:53:00,532 [INFO] ✅ Processed JHME
2025-11-24 05:53:00,538 [INFO] ✅ Processed CMRX
2025-11-24 05:53:00,554 [INFO] ✅ Processed HWBK
2025-11-24 05:53:00,556 [INFO] ✅ Processed LIVN
2025-11-24 05:53:00,562 [INFO] ✅ Processed BUI
2025-11-24 05:53:00,577 [INFO] ✅ Processed BTZ
2025-11-24 05:53:00,583 [INFO] ✅ Processed JAGX
2025-11-24 05:53:00,585 [INFO] ✅ Processed IEX
2025-11-24 05:53:00,596 [INFO] ✅ Processed OPINI
2025-11-24 05:53:00,597 [INFO] ✅ Processed BBGI
2025-11-24 05:53:00,601 [INFO] ✅ Processed CHMI
2025-11-24 05:53:00,604 [INFO] ✅ Processed BWA
2025-11-24 05:53:00,609 [INFO] ✅ Processed QQEW
2025-11-24 05:53:00,635 [INFO] ✅ Processed CHNR
2025-11-24 05:53:00,642 [INFO] ✅ Processed GHG
2025-11-24 05:53:00,643 [INFO] ✅ Processed PLMR
2025-11-24 05:53:00,650 [INFO] ✅ Processed PIY
2025-11-24 05:53:00,651 [INFO] ✅ Processed YCS
2025-11-24 05:53:00,654 [INFO] ✅ Processed IEO
2025-11-24 05:53:00,655 [INFO] ✅ Processed ICCH
2025-11-24 05:53:00,656 [INFO] ✅ Processed PRSP
2025-11-24 05:53:00,668 [INFO] ✅ Processed BPMC
2025-11-24 05:53:00,672 [INFO] ✅ Processed EPC
2025-11-24 05:53:00,675 [INFO] ✅ Processed KRTX
2025-11-24 05:53:00,682 [INFO] ✅ Processed NAV
2025-11-24 05:53:00,688 [INFO] ✅ Processed FLAU
2025-11-24 05:53:00,694 [INFO] ✅ Processed UCI
2025-11-24 05:53:00,695 [INFO] ✅ Processed APPS
2025-11-24 05:53:00,703 [INFO] ✅ Processed QQQE
2025-11-24 05:53:00,704 [INFO] ✅ Processed RDVT
2025-11-24 05:53:00,706 [INFO] ✅ Processed BAL
2025-11-24 05:53:00,713 [INFO] ✅ Processed LRCX
2025-11-24 05:53:00,716 [INFO] ✅ Processed DJCI
2025-11-24 05:53:00,718 [INFO] ✅ Processed RODM
2025-11-24 05:53:00,736 [INFO] ✅ Processed AKER
2025-11-24 05:53:00,741 [INFO] ✅ Processed BCS
2025-11-24 05:53:00,744 [INFO] ✅ Processed BBW
2025-11-24 05:53:00,749 [INFO] ✅ Processed EURL
2025-11-24 05:53:00,750 [INFO] ✅ Processed JQUA
2025-11-24 05:53:00,755 [INFO] ✅ Processed BCD
2025-11-24 05:53:00,767 [INFO] ✅ Processed SIZE
2025-11-24 05:53:00,773 [INFO] ✅ Processed QTNT
2025-11-24 05:53:00,783 [INFO] ✅ Processed TELL
2025-11-24 05:53:00,801 [INFO] ✅ Processed REX
2025-11-24 05:53:00,805 [INFO] ✅ Processed PLXS
2025-11-24 05:53:00,808 [INFO] ✅ Processed NGHCP
2025-11-24 05:53:00,808 [INFO] ✅ Processed YVR
2025-11-24 05:53:00,810 [INFO] ✅ Processed UAA
2025-11-24 05:53:00,814 [INFO] ✅ Processed SPTL
2025-11-24 05:53:00,820 [INFO] ✅ Processed NUS
2025-11-24 05:53:00,828 [INFO] ✅ Processed KIN
2025-11-24 05:53:00,834 [INFO] ✅ Processed PRS
2025-11-24 05:53:00,837 [INFO] ✅ Processed IQDE
2025-11-24 05:53:00,839 [INFO] ✅ Processed IHDG
2025-11-24 05:53:00,842 [INFO] ✅ Processed SBIO
2025-11-24 05:53:00,850 [INFO] ✅ Processed EDF
2025-11-24 05:53:00,857 [INFO] ✅ Processed NWL
2025-11-24 05:53:00,858 [INFO] ✅ Processed KWEB
2025-11-24 05:53:00,861 [INFO] ✅ Processed SRAX
2025-11-24 05:53:00,866 [INFO] ✅ Processed UXIN
2025-11-24 05:53:00,870 [INFO] ✅ Processed LAC
2025-11-24 05:53:00,884 [INFO] ✅ Processed HCCHU
2025-11-24 05:53:00,885 [INFO] ✅ Processed OLLI
2025-11-24 05:53:00,899 [INFO] ✅ Processed SPXX
2025-11-24 05:53:00,906 [INFO] ✅ Processed BLK
2025-11-24 05:53:00,912 [INFO] ✅ Processed BMO
2025-11-24 05:53:00,915 [INFO] ✅ Processed BPYPO
2025-11-24 05:53:00,922 [INFO] ✅ Processed ARGO
2025-11-24 05:53:00,925 [INFO] ✅ Processed NVCN
2025-11-24 05:53:00,930 [INFO] ✅ Processed GSM
2025-11-24 05:53:00,935 [INFO] ✅ Processed ARGX
2025-11-24 05:53:00,936 [INFO] ✅ Processed NXC
2025-11-24 05:53:00,947 [INFO] ✅ Processed ARDC
2025-11-24 05:53:00,949 [INFO] ✅ Processed ROKU
2025-11-24 05:53:00,965 [INFO] ✅ Processed BWEN
2025-11-24 05:53:00,966 [INFO] ✅ Processed MTDR
2025-11-24 05:53:00,973 [INFO] ✅ Processed PPL
2025-11-24 05:53:00,977 [INFO] ✅ Processed TIVO
2025-11-24 05:53:00,983 [INFO] ✅ Processed OBCI
2025-11-24 05:53:00,989 [INFO] ✅ Processed KEM
